heure_utc	heure_paris	methode	statut	chemin	query_string	client	sujet_jwt	origin_time_ms
2026-10-05 16:28:17.830	2026-10-05 18:28:17.830	GET	200	/rest/v1/profiles	?select=lang&id=eq.6b2057a9-ee51-4070-8732-9759d30fd521	serveur-fonction-edge		17
2026-10-05 16:28:17.929	2026-10-05 18:28:17.929	GET	200	/rest/v1/email_destinataires	?select=desinscrit&user_id=eq.6b2057a9-ee51-4070-8732-9759d30fd521&desinscrit=eq.true&limit=1	serveur-fonction-edge		12
2026-10-05 16:28:17.951	2026-10-05 18:28:17.951	GET	200	/rest/v1/email_logs	?select=id&user_id=eq.6b2057a9-ee51-4070-8732-9759d30fd521&email_type=eq.marketing_optout&limit=1	serveur-fonction-edge		10
2026-10-05 16:28:19.549	2026-10-05 18:28:19.549	OPTIONS	200	/rest/v1/profiles	?id=eq.6b2057a9-ee51-4070-8732-9759d30fd521	web-pc-chrome152		0
2026-10-05 16:28:32.820	2026-10-05 18:28:32.820	OPTIONS	200	/rest/v1/profiles	?select=vinted_sync_pin&id=eq.6b2057a9-ee51-4070-8732-9759d30fd521	web-mobile-android		0
2026-10-05 16:28:32.823	2026-10-05 18:28:32.823	OPTIONS	200	/rest/v1/profiles	?select=is_premium,is_pro,is_business,is_comped,is_founder,apple_original_transaction_id,google_purchase_token,subscription_cancel_at_period_end,subscription_period_end,currency,username,platform_settings,extension_last_seen_at,extension_build,onboarded_at,ebay_voie_api&id=eq.6b2057a9-ee51-4070-8732-9759d30fd521	web-mobile-android		0
2026-10-05 16:28:32.827	2026-10-05 18:28:32.827	OPTIONS	200	/rest/v1/ventes	?select=*&user_id=eq.6b2057a9-ee51-4070-8732-9759d30fd521&order=created_at.desc,id.desc&limit=3000	web-mobile-android		0
2026-10-05 16:28:32.830	2026-10-05 18:28:32.830	OPTIONS	200	/rest/v1/inventaire	?select=*&user_id=eq.6b2057a9-ee51-4070-8732-9759d30fd521&fusionne_dans=is.null&order=created_at.desc,id.desc&limit=3000	web-mobile-android		11
2026-10-05 16:28:32.835	2026-10-05 18:28:32.835	OPTIONS	200	/rest/v1/inventaire	?select=*&user_id=eq.6b2057a9-ee51-4070-8732-9759d30fd521&fusionne_dans=is.null&order=created_at.desc,id.desc&limit=3000	web-mobile-android		0
2026-10-05 16:28:32.836	2026-10-05 18:28:32.836	OPTIONS	200	/rest/v1/profiles	?select=is_premium,is_pro,is_business,is_comped,is_founder,apple_original_transaction_id,google_purchase_token,subscription_cancel_at_period_end,subscription_period_end,currency,username,platform_settings,extension_last_seen_at,extension_build,onboarded_at,ebay_voie_api&id=eq.6b2057a9-ee51-4070-8732-9759d30fd521	web-mobile-android		12
2026-10-05 16:28:32.837	2026-10-05 18:28:32.837	OPTIONS	200	/rest/v1/vinted_sync_runs	?select=id&user_id=eq.6b2057a9-ee51-4070-8732-9759d30fd521&platform=eq.opla&kind=eq.annonces&status=eq.done&limit=1	web-mobile-android		0
2026-10-05 16:28:32.839	2026-10-05 18:28:32.839	OPTIONS	200	/rest/v1/cross_post_jobs	?select=id,status,last_checked_at,sale_signal:platform_fields->>sale_signal,unavailable_since:platform_fields->>unavailable_since,pending_removal:platform_fields->>pending_removal,check_unresolved_since:platform_fields->>check_unresolved_since&user_id=eq.6b2057a9-ee51-4070-8732-9759d30fd521&order=created_at.desc&limit=80	web-mobile-android		0
2026-10-05 16:28:32.844	2026-10-05 18:28:32.844	OPTIONS	200	/rest/v1/profiles	?id=eq.6b2057a9-ee51-4070-8732-9759d30fd521	web-mobile-android		0
2026-10-05 16:28:32.848	2026-10-05 18:28:32.848	OPTIONS	200	/rest/v1/fiches_annonce	?select=inventaire_id&user_id=eq.6b2057a9-ee51-4070-8732-9759d30fd521&brouillon=eq.true&limit=200	web-mobile-android		0
2026-10-05 16:28:32.851	2026-10-05 18:28:32.851	OPTIONS	200	/rest/v1/ventes	?select=*&user_id=eq.6b2057a9-ee51-4070-8732-9759d30fd521&order=created_at.desc,id.desc&limit=3000	web-mobile-android		0
2026-10-05 16:28:32.853	2026-10-05 18:28:32.853	OPTIONS	200	/rest/v1/cross_post_jobs	?select=id&user_id=eq.6b2057a9-ee51-4070-8732-9759d30fd521&platform=eq.opla&status=in.(published,sold)&limit=1	web-mobile-android		0
2026-10-05 16:28:32.856	2026-10-05 18:28:32.856	OPTIONS	200	/rest/v1/usage_logs	?select=id&user_id=eq.6b2057a9-ee51-4070-8732-9759d30fd521&feature=eq.opla_bandeau&limit=1	web-mobile-android		0
2026-10-05 16:28:32.858	2026-10-05 18:28:32.858	GET	200	/rest/v1/profiles	?select=vinted_sync_pin&id=eq.6b2057a9-ee51-4070-8732-9759d30fd521	web-mobile-android	6b2057a9-ee51-4070-8732-9759d30fd521	57
2026-10-05 16:28:32.858	2026-10-05 18:28:32.858	GET	200	/rest/v1/coin_config	?select=value&key=eq.opla_sortie_le	web-mobile-android	6b2057a9-ee51-4070-8732-9759d30fd521	58
2026-10-05 16:28:32.860	2026-10-05 18:28:32.860	GET	200	/rest/v1/profiles	?select=is_premium,is_pro,is_business,is_comped,is_founder,apple_original_transaction_id,google_purchase_token,subscription_cancel_at_period_end,subscription_period_end,currency,username,platform_settings,extension_last_seen_at,extension_build,onboarded_at,ebay_voie_api&id=eq.6b2057a9-ee51-4070-8732-9759d30fd521	web-mobile-android	6b2057a9-ee51-4070-8732-9759d30fd521	56
2026-10-05 16:28:32.870	2026-10-05 18:28:32.870	GET	200	/rest/v1/ventes	?select=*&user_id=eq.6b2057a9-ee51-4070-8732-9759d30fd521&order=created_at.desc,id.desc&limit=3000	web-mobile-android	6b2057a9-ee51-4070-8732-9759d30fd521	52
2026-10-05 16:28:32.874	2026-10-05 18:28:32.874	GET	200	/rest/v1/vinted_sync_runs	?select=id&user_id=eq.6b2057a9-ee51-4070-8732-9759d30fd521&platform=eq.opla&kind=eq.annonces&status=eq.done&limit=1	web-mobile-android	6b2057a9-ee51-4070-8732-9759d30fd521	40
2026-10-05 16:28:32.875	2026-10-05 18:28:32.875	GET	200	/rest/v1/inventaire	?select=*&user_id=eq.6b2057a9-ee51-4070-8732-9759d30fd521&fusionne_dans=is.null&order=created_at.desc,id.desc&limit=3000	web-mobile-android	6b2057a9-ee51-4070-8732-9759d30fd521	45
2026-10-05 16:28:32.887	2026-10-05 18:28:32.887	GET	200	/rest/v1/lens_scans	?select=scan_id,statut,resultat,motif,photos,created_at&statut=in.(preparation,en_cours,termine)&created_at=gte.2026-10-05T14:28:32.998Z&order=created_at.desc&limit=1	web-mobile-android	6b2057a9-ee51-4070-8732-9759d30fd521	42
2026-10-05 16:28:32.887	2026-10-05 18:28:32.887	GET	200	/rest/v1/cross_post_jobs	?select=id,status,last_checked_at,sale_signal:platform_fields->>sale_signal,unavailable_since:platform_fields->>unavailable_since,pending_removal:platform_fields->>pending_removal,check_unresolved_since:platform_fields->>check_unresolved_since&user_id=eq.6b2057a9-ee51-4070-8732-9759d30fd521&order=created_at.desc&limit=80	web-mobile-android	6b2057a9-ee51-4070-8732-9759d30fd521	47
2026-10-05 16:28:32.891	2026-10-05 18:28:32.891	GET	200	/rest/v1/fiches_annonce	?select=inventaire_id&user_id=eq.6b2057a9-ee51-4070-8732-9759d30fd521&brouillon=eq.true&limit=200	web-mobile-android	6b2057a9-ee51-4070-8732-9759d30fd521	50
2026-10-05 16:28:32.891	2026-10-05 18:28:32.891	PATCH	403	/rest/v1/profiles	?id=eq.6b2057a9-ee51-4070-8732-9759d30fd521	web-mobile-android	6b2057a9-ee51-4070-8732-9759d30fd521	40
2026-10-05 16:28:32.895	2026-10-05 18:28:32.895	GET	200	/rest/v1/cross_post_jobs	?select=id&user_id=eq.6b2057a9-ee51-4070-8732-9759d30fd521&platform=eq.opla&status=in.(published,sold)&limit=1	web-mobile-android	6b2057a9-ee51-4070-8732-9759d30fd521	38
2026-10-05 16:28:32.898	2026-10-05 18:28:32.898	GET	200	/rest/v1/usage_logs	?select=id&user_id=eq.6b2057a9-ee51-4070-8732-9759d30fd521&feature=eq.opla_bandeau&limit=1	web-mobile-android	6b2057a9-ee51-4070-8732-9759d30fd521	43
2026-10-05 16:28:32.955	2026-10-05 18:28:32.955	GET	200	/rest/v1/profiles	?select=is_premium,is_pro,is_business,is_comped,is_founder,apple_original_transaction_id,google_purchase_token,subscription_cancel_at_period_end,subscription_period_end,currency,username,platform_settings,extension_last_seen_at,extension_build,onboarded_at,ebay_voie_api&id=eq.6b2057a9-ee51-4070-8732-9759d30fd521	web-mobile-android	6b2057a9-ee51-4070-8732-9759d30fd521	49
2026-10-05 16:28:32.956	2026-10-05 18:28:32.956	GET	200	/rest/v1/inventaire	?select=*&user_id=eq.6b2057a9-ee51-4070-8732-9759d30fd521&fusionne_dans=is.null&order=created_at.desc,id.desc&limit=3000	web-mobile-android	6b2057a9-ee51-4070-8732-9759d30fd521	35
2026-10-05 16:28:32.958	2026-10-05 18:28:32.958	GET	200	/rest/v1/ventes	?select=*&user_id=eq.6b2057a9-ee51-4070-8732-9759d30fd521&order=created_at.desc,id.desc&limit=3000	web-mobile-android	6b2057a9-ee51-4070-8732-9759d30fd521	50
2026-10-05 16:28:32.962	2026-10-05 18:28:32.962	OPTIONS	200	/rest/v1/cross_post_jobs	?select=inventaire_id&user_id=eq.6b2057a9-ee51-4070-8732-9759d30fd521&status=eq.needs_user&inventaire_id=not.is.null&limit=1000	web-mobile-android		0
2026-10-05 16:28:32.964	2026-10-05 18:28:32.964	OPTIONS	200	/rest/v1/profiles	?select=extension_version&id=eq.6b2057a9-ee51-4070-8732-9759d30fd521	web-mobile-android		0
2026-10-05 16:28:32.966	2026-10-05 18:28:32.966	OPTIONS	200	/rest/v1/profiles	?select=plateformes_visibles&id=eq.6b2057a9-ee51-4070-8732-9759d30fd521	web-mobile-android		0
2026-10-05 16:28:32.969	2026-10-05 18:28:32.969	OPTIONS	200	/rest/v1/inventaire_fusions	?select=id,garde,absorbe,created_at,deplacements,champs_repris&user_id=eq.6b2057a9-ee51-4070-8732-9759d30fd521&defait_le=is.null&order=created_at.desc&limit=500	web-mobile-android		0
2026-10-05 16:28:32.974	2026-10-05 18:28:32.974	OPTIONS	200	/rest/v1/cross_post_jobs	?select=id&user_id=eq.6b2057a9-ee51-4070-8732-9759d30fd521&handler_build=not.is.null&limit=1	web-mobile-android		0
2026-10-05 16:28:32.980	2026-10-05 18:28:32.980	GET	200	/rest/v1/fiches_annonce	?select=inventaire_id&user_id=eq.6b2057a9-ee51-4070-8732-9759d30fd521&brouillon=eq.true&limit=200	web-mobile-android	6b2057a9-ee51-4070-8732-9759d30fd521	36
2026-10-05 16:28:32.982	2026-10-05 18:28:32.982	OPTIONS	200	/rest/v1/vinted_sync_runs	?select=id&user_id=eq.6b2057a9-ee51-4070-8732-9759d30fd521&extension_build=not.is.null&limit=1	web-mobile-android		0
2026-10-05 16:28:32.993	2026-10-05 18:28:32.993	GET	200	/rest/v1/profiles	?select=extension_version&id=eq.6b2057a9-ee51-4070-8732-9759d30fd521	web-mobile-android	6b2057a9-ee51-4070-8732-9759d30fd521	37
2026-10-05 16:28:32.998	2026-10-05 18:28:32.998	POST	204	/rest/v1/rpc/set_app_build		web-mobile-android	6b2057a9-ee51-4070-8732-9759d30fd521	42
2026-10-05 16:28:32.998	2026-10-05 18:28:32.998	GET	200	/rest/v1/cross_post_jobs	?select=inventaire_id&user_id=eq.6b2057a9-ee51-4070-8732-9759d30fd521&status=eq.needs_user&inventaire_id=not.is.null&limit=1000	web-mobile-android	6b2057a9-ee51-4070-8732-9759d30fd521	40
2026-10-05 16:28:33.002	2026-10-05 18:28:33.002	GET	200	/rest/v1/inventaire_fusions	?select=id,garde,absorbe,created_at,deplacements,champs_repris&user_id=eq.6b2057a9-ee51-4070-8732-9759d30fd521&defait_le=is.null&order=created_at.desc&limit=500	web-mobile-android	6b2057a9-ee51-4070-8732-9759d30fd521	40
2026-10-05 16:28:33.005	2026-10-05 18:28:33.005	GET	200	/rest/v1/cross_post_jobs	?select=id&user_id=eq.6b2057a9-ee51-4070-8732-9759d30fd521&handler_build=not.is.null&limit=1	web-mobile-android	6b2057a9-ee51-4070-8732-9759d30fd521	39
2026-10-05 16:28:33.007	2026-10-05 18:28:33.007	GET	200	/rest/v1/profiles	?select=plateformes_visibles&id=eq.6b2057a9-ee51-4070-8732-9759d30fd521	web-mobile-android	6b2057a9-ee51-4070-8732-9759d30fd521	42
2026-10-05 16:28:33.008	2026-10-05 18:28:33.008	GET	200	/rest/v1/coin_config	?select=key,value&key=in.(opla_ouvert,opla_extension_min)	web-mobile-android	6b2057a9-ee51-4070-8732-9759d30fd521	41
2026-10-05 16:28:33.014	2026-10-05 18:28:33.014	GET	200	/rest/v1/vinted_sync_runs	?select=id&user_id=eq.6b2057a9-ee51-4070-8732-9759d30fd521&extension_build=not.is.null&limit=1	web-mobile-android	6b2057a9-ee51-4070-8732-9759d30fd521	43
2026-10-05 16:28:33.048	2026-10-05 18:28:33.048	GET	200	/rest/v1/fiches_annonce	?select=inventaire_id&user_id=eq.6b2057a9-ee51-4070-8732-9759d30fd521&brouillon=eq.true&limit=200	web-mobile-android	6b2057a9-ee51-4070-8732-9759d30fd521	37
2026-10-05 16:28:33.062	2026-10-05 18:28:33.062	GET	200	/rest/v1/profiles	?select=extension_version&id=eq.6b2057a9-ee51-4070-8732-9759d30fd521	web-mobile-android	6b2057a9-ee51-4070-8732-9759d30fd521	41
2026-10-05 16:28:33.070	2026-10-05 18:28:33.070	GET	200	/rest/v1/inventaire_fusions	?select=id,garde,absorbe,created_at,deplacements,champs_repris&user_id=eq.6b2057a9-ee51-4070-8732-9759d30fd521&defait_le=is.null&order=created_at.desc&limit=500	web-mobile-android	6b2057a9-ee51-4070-8732-9759d30fd521	38
2026-10-05 16:28:33.071	2026-10-05 18:28:33.071	GET	200	/rest/v1/cross_post_jobs	?select=inventaire_id&user_id=eq.6b2057a9-ee51-4070-8732-9759d30fd521&status=eq.needs_user&inventaire_id=not.is.null&limit=1000	web-mobile-android	6b2057a9-ee51-4070-8732-9759d30fd521	39
2026-10-05 16:28:33.075	2026-10-05 18:28:33.075	GET	200	/rest/v1/cross_post_jobs	?select=id&user_id=eq.6b2057a9-ee51-4070-8732-9759d30fd521&handler_build=not.is.null&limit=1	web-mobile-android	6b2057a9-ee51-4070-8732-9759d30fd521	41
2026-10-05 16:28:33.077	2026-10-05 18:28:33.077	GET	200	/rest/v1/profiles	?select=plateformes_visibles&id=eq.6b2057a9-ee51-4070-8732-9759d30fd521	web-mobile-android	6b2057a9-ee51-4070-8732-9759d30fd521	36
2026-10-05 16:28:33.081	2026-10-05 18:28:33.081	GET	200	/rest/v1/coin_config	?select=key,value&key=in.(opla_ouvert,opla_extension_min)	web-mobile-android	6b2057a9-ee51-4070-8732-9759d30fd521	39
2026-10-05 16:28:33.087	2026-10-05 18:28:33.087	GET	200	/rest/v1/vinted_sync_runs	?select=id&user_id=eq.6b2057a9-ee51-4070-8732-9759d30fd521&extension_build=not.is.null&limit=1	web-mobile-android	6b2057a9-ee51-4070-8732-9759d30fd521	40
2026-10-05 16:28:33.090	2026-10-05 18:28:33.090	OPTIONS	200	/rest/v1/cross_post_jobs	?select=id,platform,title,inventaire_id,listing_url,platform_listing_id,platform_fields&user_id=eq.6b2057a9-ee51-4070-8732-9759d30fd521&status=eq.cancelled&action=in.(publish,republish)&platform_fields=cs.{"pending_removal":true}&platform_fields->>pending_removal_reporte_le=is.null	web-mobile-android		0
2026-10-05 16:28:33.127	2026-10-05 18:28:33.127	GET	200	/rest/v1/cross_post_jobs	?select=id,platform,title,inventaire_id,listing_url,platform_listing_id,platform_fields&user_id=eq.6b2057a9-ee51-4070-8732-9759d30fd521&status=eq.cancelled&action=in.(publish,republish)&platform_fields=cs.{"pending_removal":true}&platform_fields->>pending_removal_reporte_le=is.null	web-mobile-android	6b2057a9-ee51-4070-8732-9759d30fd521	38
2026-10-05 16:28:33.203	2026-10-05 18:28:33.203	OPTIONS	200	/rest/v1/cross_post_jobs	?select=id,platform,title,price,inventaire_id,listing_url,platform_fields&user_id=eq.6b2057a9-ee51-4070-8732-9759d30fd521&status=eq.published&action=in.(publish,republish)&platform_fields->>unavailable_since=not.is.null	web-mobile-android		0
2026-10-05 16:28:33.203	2026-10-05 18:28:33.203	GET	200	/rest/v1/cross_post_jobs	?select=id,platform,title,inventaire_id,listing_url,platform_listing_id,platform_fields&user_id=eq.6b2057a9-ee51-4070-8732-9759d30fd521&status=eq.cancelled&action=in.(publish,republish)&platform_fields=cs.{"pending_removal":true}&platform_fields->>pending_removal_reporte_le=is.null	web-mobile-android	6b2057a9-ee51-4070-8732-9759d30fd521	42
2026-10-05 16:28:33.237	2026-10-05 18:28:33.237	GET	200	/rest/v1/cross_post_jobs	?select=id,platform,title,price,inventaire_id,listing_url,platform_fields&user_id=eq.6b2057a9-ee51-4070-8732-9759d30fd521&status=eq.published&action=in.(publish,republish)&platform_fields->>unavailable_since=not.is.null	web-mobile-android	6b2057a9-ee51-4070-8732-9759d30fd521	37
2026-10-05 16:28:33.298	2026-10-05 18:28:33.298	GET	200	/rest/v1/cross_post_jobs	?select=id,platform,title,price,inventaire_id,listing_url,platform_fields&user_id=eq.6b2057a9-ee51-4070-8732-9759d30fd521&status=eq.published&action=in.(publish,republish)&platform_fields->>unavailable_since=not.is.null	web-mobile-android	6b2057a9-ee51-4070-8732-9759d30fd521	41
2026-10-05 16:28:33.302	2026-10-05 18:28:33.302	OPTIONS	200	/rest/v1/cross_post_jobs	?select=inventaire_id&user_id=eq.6b2057a9-ee51-4070-8732-9759d30fd521&action=eq.republish&status=in.(pending,processing,needs_user)&inventaire_id=not.is.null	web-mobile-android		0
2026-10-05 16:28:33.304	2026-10-05 18:28:33.304	OPTIONS	200	/rest/v1/annonces_plateforme	?select=id,platform,listing_id,url,titre,prix,proposition&user_id=eq.6b2057a9-ee51-4070-8732-9759d30fd521&inventaire_id=is.null&ignoree_le=is.null&disparu_le=is.null&proposition=not.is.null&limit=200	web-mobile-android		0
2026-10-05 16:28:33.332	2026-10-05 18:28:33.332	GET	200	/rest/v1/cross_post_jobs	?select=inventaire_id&user_id=eq.6b2057a9-ee51-4070-8732-9759d30fd521&action=eq.republish&status=in.(pending,processing,needs_user)&inventaire_id=not.is.null	web-mobile-android	6b2057a9-ee51-4070-8732-9759d30fd521	38
2026-10-05 16:28:33.333	2026-10-05 18:28:33.333	GET	200	/rest/v1/annonces_plateforme	?select=id,platform,listing_id,url,titre,prix,proposition&user_id=eq.6b2057a9-ee51-4070-8732-9759d30fd521&inventaire_id=is.null&ignoree_le=is.null&disparu_le=is.null&proposition=not.is.null&limit=200	web-mobile-android	6b2057a9-ee51-4070-8732-9759d30fd521	45
2026-10-05 16:28:33.396	2026-10-05 18:28:33.396	GET	200	/rest/v1/cross_post_jobs	?select=inventaire_id&user_id=eq.6b2057a9-ee51-4070-8732-9759d30fd521&action=eq.republish&status=in.(pending,processing,needs_user)&inventaire_id=not.is.null	web-mobile-android	6b2057a9-ee51-4070-8732-9759d30fd521	39
2026-10-05 16:28:33.407	2026-10-05 18:28:33.407	GET	200	/rest/v1/annonces_plateforme	?select=id,platform,listing_id,url,titre,prix,proposition&user_id=eq.6b2057a9-ee51-4070-8732-9759d30fd521&inventaire_id=is.null&ignoree_le=is.null&disparu_le=is.null&proposition=not.is.null&limit=200	web-mobile-android	6b2057a9-ee51-4070-8732-9759d30fd521	39
2026-10-05 16:28:33.464	2026-10-05 18:28:33.464	OPTIONS	200	/rest/v1/profiles	?select=voice_count_today,voice_count_date&id=eq.6b2057a9-ee51-4070-8732-9759d30fd521	web-mobile-android		0
2026-10-05 16:28:33.482	2026-10-05 18:28:33.482	OPTIONS	200	/rest/v1/profiles	?select=platform_settings&id=eq.6b2057a9-ee51-4070-8732-9759d30fd521	web-mobile-android		0
2026-10-05 16:28:33.492	2026-10-05 18:28:33.492	GET	200	/rest/v1/profiles	?select=voice_count_today,voice_count_date&id=eq.6b2057a9-ee51-4070-8732-9759d30fd521	web-mobile-android	6b2057a9-ee51-4070-8732-9759d30fd521	45
2026-10-05 16:28:33.496	2026-10-05 18:28:33.496	OPTIONS	200	/rest/v1/profiles	?select=extension_last_seen_at,extension_version&id=eq.6b2057a9-ee51-4070-8732-9759d30fd521	web-mobile-android		0
2026-10-05 16:28:33.499	2026-10-05 18:28:33.499	OPTIONS	200	/rest/v1/profiles	?select=voice_count_today,voice_count_date&id=eq.6b2057a9-ee51-4070-8732-9759d30fd521	web-mobile-android		0
2026-10-05 16:28:33.515	2026-10-05 18:28:33.515	GET	200	/rest/v1/profiles	?select=platform_settings&id=eq.6b2057a9-ee51-4070-8732-9759d30fd521	web-mobile-android	6b2057a9-ee51-4070-8732-9759d30fd521	37
2026-10-05 16:28:33.530	2026-10-05 18:28:33.530	GET	200	/rest/v1/coin_config	?select=value&key=eq.sync_multi_ouverte	web-mobile-android	6b2057a9-ee51-4070-8732-9759d30fd521	37
2026-10-05 16:28:33.533	2026-10-05 18:28:33.533	GET	200	/rest/v1/profiles	?select=extension_last_seen_at,extension_version&id=eq.6b2057a9-ee51-4070-8732-9759d30fd521	web-mobile-android	6b2057a9-ee51-4070-8732-9759d30fd521	38
2026-10-05 16:28:33.567	2026-10-05 18:28:33.567	GET	200	/rest/v1/profiles	?select=voice_count_today,voice_count_date&id=eq.6b2057a9-ee51-4070-8732-9759d30fd521	web-mobile-android	6b2057a9-ee51-4070-8732-9759d30fd521	42
2026-10-05 16:28:33.601	2026-10-05 18:28:33.601	POST	200	/rest/v1/rpc/quotas_etat		web-mobile-android	6b2057a9-ee51-4070-8732-9759d30fd521	50
2026-10-05 16:28:33.649	2026-10-05 18:28:33.649	POST	200	/rest/v1/rpc/quotas_etat		web-mobile-android	6b2057a9-ee51-4070-8732-9759d30fd521	47
2026-10-05 16:28:35.228	2026-10-05 18:28:35.228	PATCH	204	/rest/v1/profiles	?id=eq.6b2057a9-ee51-4070-8732-9759d30fd521	web-pc-chrome152		49
2026-10-05 16:28:41.102	2026-10-05 18:28:41.102	POST	201	/rest/v1/usage_logs		web-mobile-android	6b2057a9-ee51-4070-8732-9759d30fd521	44
2026-10-05 16:28:41.103	2026-10-05 18:28:41.103	POST	200	/rest/v1/rpc/platform_settings_fusionner		web-mobile-android	6b2057a9-ee51-4070-8732-9759d30fd521	47
2026-10-05 16:28:41.470	2026-10-05 18:28:41.470	GET	200	/rest/v1/profiles	?select=extension_last_seen_at,extension_version&id=eq.6b2057a9-ee51-4070-8732-9759d30fd521	web-mobile-android	6b2057a9-ee51-4070-8732-9759d30fd521	34
2026-10-05 16:28:49.563	2026-10-05 18:28:49.563	GET	200	/rest/v1/profiles	?select=extension_last_seen_at,extension_version&id=eq.6b2057a9-ee51-4070-8732-9759d30fd521	web-mobile-android	6b2057a9-ee51-4070-8732-9759d30fd521	42
2026-10-05 16:28:55.759	2026-10-05 18:28:55.759	GET	200	/auth/v1/user		serveur-fonction-edge	6b2057a9-ee51-4070-8732-9759d30fd521	47
2026-10-05 16:28:55.892	2026-10-05 18:28:55.892	POST	201	/rest/v1/usage_logs		web-mobile-android	6b2057a9-ee51-4070-8732-9759d30fd521	50
2026-10-05 16:28:57.499	2026-10-05 18:28:57.499	GET	200	/rest/v1/profiles	?select=extension_last_seen_at,extension_version&id=eq.6b2057a9-ee51-4070-8732-9759d30fd521	web-mobile-android	6b2057a9-ee51-4070-8732-9759d30fd521	38
2026-10-05 16:28:58.222	2026-10-05 18:28:58.222	OPTIONS	200	/rest/v1/profiles	?id=eq.6b2057a9-ee51-4070-8732-9759d30fd521	web-mobile-android		0
2026-10-05 16:28:58.249	2026-10-05 18:28:58.249	PATCH	204	/rest/v1/profiles	?id=eq.6b2057a9-ee51-4070-8732-9759d30fd521	web-mobile-android	6b2057a9-ee51-4070-8732-9759d30fd521	40
2026-10-05 16:30:16.147	2026-10-05 18:30:16.147	GET	200	/rest/v1/ebay_accounts	?select=ebay_user_id,ebay_eias_token&user_id=eq.6b2057a9-ee51-4070-8732-9759d30fd521	serveur-fonction-edge		68
2026-10-05 16:30:17.904	2026-10-05 18:30:17.904	GET	200	/rest/v1/ebay_accounts	?select=user_id,ebay_user_id&revoked_at=is.null&user_id=eq.6b2057a9-ee51-4070-8732-9759d30fd521	serveur-fonction-edge		53
2026-10-05 16:30:18.125	2026-10-05 18:30:18.125	GET	200	/rest/v1/ebay_accounts	?select=*&user_id=eq.6b2057a9-ee51-4070-8732-9759d30fd521	serveur-fonction-edge		48
2026-10-05 16:30:22.936	2026-10-05 18:30:22.936	GET	200	/rest/v1/usage_logs	?select=id&user_id=eq.6b2057a9-ee51-4070-8732-9759d30fd521&feature=eq.opla_bandeau&limit=1	web-mobile-android	6b2057a9-ee51-4070-8732-9759d30fd521	87
2026-10-05 16:30:23.138	2026-10-05 18:30:23.138	GET	200	/rest/v1/coin_config	?select=key,value&key=in.(opla_ouvert,opla_extension_min)	web-mobile-android	6b2057a9-ee51-4070-8732-9759d30fd521	35
2026-10-05 16:30:23.140	2026-10-05 18:30:23.140	GET	200	/rest/v1/cross_post_jobs	?select=inventaire_id&user_id=eq.6b2057a9-ee51-4070-8732-9759d30fd521&status=eq.needs_user&inventaire_id=not.is.null&limit=1000	web-mobile-android	6b2057a9-ee51-4070-8732-9759d30fd521	132
2026-10-05 16:30:23.144	2026-10-05 18:30:23.144	GET	200	/rest/v1/vinted_sync_runs	?select=id&user_id=eq.6b2057a9-ee51-4070-8732-9759d30fd521&platform=eq.opla&kind=eq.annonces&status=eq.done&limit=1	web-mobile-android	6b2057a9-ee51-4070-8732-9759d30fd521	36
2026-10-05 16:30:23.147	2026-10-05 18:30:23.147	GET	200	/rest/v1/fiches_annonce	?select=inventaire_id&user_id=eq.6b2057a9-ee51-4070-8732-9759d30fd521&brouillon=eq.true&limit=200	web-mobile-android	6b2057a9-ee51-4070-8732-9759d30fd521	36
2026-10-05 16:30:23.150	2026-10-05 18:30:23.150	PATCH	403	/rest/v1/profiles	?id=eq.6b2057a9-ee51-4070-8732-9759d30fd521	web-mobile-android	6b2057a9-ee51-4070-8732-9759d30fd521	46
2026-10-05 16:30:23.152	2026-10-05 18:30:23.152	GET	200	/rest/v1/inventaire_fusions	?select=id,garde,absorbe,created_at,deplacements,champs_repris&user_id=eq.6b2057a9-ee51-4070-8732-9759d30fd521&defait_le=is.null&order=created_at.desc&limit=500	web-mobile-android	6b2057a9-ee51-4070-8732-9759d30fd521	39
2026-10-05 16:30:23.157	2026-10-05 18:30:23.157	GET	200	/rest/v1/vinted_sync_runs	?select=id&user_id=eq.6b2057a9-ee51-4070-8732-9759d30fd521&extension_build=not.is.null&limit=1	web-mobile-android	6b2057a9-ee51-4070-8732-9759d30fd521	43
2026-10-05 16:30:23.225	2026-10-05 18:30:23.225	GET	200	/rest/v1/profiles	?select=extension_version&id=eq.6b2057a9-ee51-4070-8732-9759d30fd521	web-mobile-android	6b2057a9-ee51-4070-8732-9759d30fd521	40
2026-10-05 16:30:23.230	2026-10-05 18:30:23.230	GET	200	/rest/v1/inventaire_fusions	?select=id,garde,absorbe,created_at,deplacements,champs_repris&user_id=eq.6b2057a9-ee51-4070-8732-9759d30fd521&defait_le=is.null&order=created_at.desc&limit=500	web-mobile-android	6b2057a9-ee51-4070-8732-9759d30fd521	38
2026-10-05 16:30:23.232	2026-10-05 18:30:23.232	GET	200	/rest/v1/vinted_sync_runs	?select=id&user_id=eq.6b2057a9-ee51-4070-8732-9759d30fd521&extension_build=not.is.null&limit=1	web-mobile-android	6b2057a9-ee51-4070-8732-9759d30fd521	35
2026-10-05 16:30:23.241	2026-10-05 18:30:23.241	GET	200	/rest/v1/cross_post_jobs	?select=id,platform,title,inventaire_id,listing_url,platform_listing_id,platform_fields&user_id=eq.6b2057a9-ee51-4070-8732-9759d30fd521&status=eq.cancelled&action=in.(publish,republish)&platform_fields=cs.{"pending_removal":true}&platform_fields->>pending_removal_reporte_le=is.null	web-mobile-android	6b2057a9-ee51-4070-8732-9759d30fd521	34
2026-10-05 16:30:23.420	2026-10-05 18:30:23.420	GET	200	/rest/v1/cross_post_jobs	?select=inventaire_id&user_id=eq.6b2057a9-ee51-4070-8732-9759d30fd521&action=eq.republish&status=in.(pending,processing,needs_user)&inventaire_id=not.is.null	web-mobile-android	6b2057a9-ee51-4070-8732-9759d30fd521	38
2026-10-05 16:30:23.429	2026-10-05 18:30:23.429	GET	200	/rest/v1/cross_post_jobs	?select=id,platform,title,price,inventaire_id,listing_url,platform_fields&user_id=eq.6b2057a9-ee51-4070-8732-9759d30fd521&status=eq.published&action=in.(publish,republish)&platform_fields->>unavailable_since=not.is.null	web-mobile-android	6b2057a9-ee51-4070-8732-9759d30fd521	46
2026-10-05 16:30:23.448	2026-10-05 18:30:23.448	GET	200	/auth/v1/user		serveur-fonction-edge	6b2057a9-ee51-4070-8732-9759d30fd521	56
2026-10-05 16:30:23.525	2026-10-05 18:30:23.525	GET	200	/rest/v1/ebay_accounts	?select=*&user_id=eq.6b2057a9-ee51-4070-8732-9759d30fd521	serveur-fonction-edge		44
2026-10-05 16:30:23.658	2026-10-05 18:30:23.658	GET	200	/rest/v1/profiles	?select=voice_count_today,voice_count_date&id=eq.6b2057a9-ee51-4070-8732-9759d30fd521	web-mobile-android	6b2057a9-ee51-4070-8732-9759d30fd521	37
2026-10-05 16:30:36.080	2026-10-05 18:30:36.080	POST	201	/rest/v1/usage_logs		web-mobile-android	6b2057a9-ee51-4070-8732-9759d30fd521	53
2026-10-05 16:31:10.780	2026-10-05 18:31:10.780	OPTIONS	200	/rest/v1/ventes	?select=*&user_id=eq.6b2057a9-ee51-4070-8732-9759d30fd521&order=created_at.desc,id.desc&limit=3000	web-pc-chrome152		0
2026-10-05 16:31:10.782	2026-10-05 18:31:10.782	OPTIONS	200	/rest/v1/inventaire	?select=*&user_id=eq.6b2057a9-ee51-4070-8732-9759d30fd521&fusionne_dans=is.null&order=created_at.desc,id.desc&limit=3000	web-pc-chrome152		0
2026-10-05 16:31:10.783	2026-10-05 18:31:10.783	OPTIONS	200	/rest/v1/profiles	?select=is_premium,is_pro,is_business,is_comped,is_founder,apple_original_transaction_id,google_purchase_token,subscription_cancel_at_period_end,subscription_period_end,currency,username,platform_settings,extension_last_seen_at,extension_build,onboarded_at,ebay_voie_api&id=eq.6b2057a9-ee51-4070-8732-9759d30fd521	web-pc-chrome152		0
2026-10-05 16:31:10.985	2026-10-05 18:31:10.985	OPTIONS	200	/rest/v1/cross_post_jobs	?select=id,status,last_checked_at,sale_signal:platform_fields->>sale_signal,unavailable_since:platform_fields->>unavailable_since,pending_removal:platform_fields->>pending_removal,check_unresolved_since:platform_fields->>check_unresolved_since&user_id=eq.6b2057a9-ee51-4070-8732-9759d30fd521&order=created_at.desc&limit=80	web-pc-chrome152		0
2026-10-05 16:31:10.988	2026-10-05 18:31:10.988	OPTIONS	200	/rest/v1/cross_post_jobs	?select=id&user_id=eq.6b2057a9-ee51-4070-8732-9759d30fd521&platform=eq.opla&status=in.(published,sold)&limit=1	web-pc-chrome152		0
2026-10-05 16:31:10.990	2026-10-05 18:31:10.990	OPTIONS	200	/rest/v1/usage_logs	?select=id&user_id=eq.6b2057a9-ee51-4070-8732-9759d30fd521&feature=eq.opla_bandeau&limit=1	web-pc-chrome152		0
2026-10-05 16:31:10.992	2026-10-05 18:31:10.992	OPTIONS	200	/rest/v1/fiches_annonce	?select=inventaire_id&user_id=eq.6b2057a9-ee51-4070-8732-9759d30fd521&brouillon=eq.true&limit=200	web-pc-chrome152		0
2026-10-05 16:31:11.663	2026-10-05 18:31:11.663	OPTIONS	200	/rest/v1/inventaire	?select=*&user_id=eq.6b2057a9-ee51-4070-8732-9759d30fd521&fusionne_dans=is.null&order=created_at.desc,id.desc&limit=3000	web-pc-chrome152		0
2026-10-05 16:31:11.665	2026-10-05 18:31:11.665	OPTIONS	200	/rest/v1/ventes	?select=*&user_id=eq.6b2057a9-ee51-4070-8732-9759d30fd521&order=created_at.desc,id.desc&limit=3000	web-pc-chrome152		0
2026-10-05 16:31:14.208	2026-10-05 18:31:14.208	OPTIONS	200	/rest/v1/profiles	?select=vinted_sync_pin&id=eq.6b2057a9-ee51-4070-8732-9759d30fd521	web-pc-chrome152		12
2026-10-05 16:31:14.211	2026-10-05 18:31:14.211	OPTIONS	200	/rest/v1/vinted_sync_runs	?select=id&user_id=eq.6b2057a9-ee51-4070-8732-9759d30fd521&platform=eq.opla&kind=eq.annonces&status=eq.done&limit=1	web-pc-chrome152		15
2026-10-05 16:31:14.212	2026-10-05 18:31:14.212	OPTIONS	200	/rest/v1/ventes	?select=*&user_id=eq.6b2057a9-ee51-4070-8732-9759d30fd521&order=created_at.desc,id.desc&limit=3000	web-pc-chrome152		16
2026-10-05 16:31:14.214	2026-10-05 18:31:14.214	GET	200	/rest/v1/coin_config	?select=value&key=eq.opla_sortie_le	web-pc-chrome152	6b2057a9-ee51-4070-8732-9759d30fd521	61
2026-10-05 16:31:14.215	2026-10-05 18:31:14.215	OPTIONS	200	/rest/v1/inventaire	?select=*&user_id=eq.6b2057a9-ee51-4070-8732-9759d30fd521&fusionne_dans=is.null&order=created_at.desc,id.desc&limit=3000	web-pc-chrome152		13
2026-10-05 16:31:14.216	2026-10-05 18:31:14.216	OPTIONS	200	/rest/v1/vinted_sync_runs	?select=id&user_id=eq.6b2057a9-ee51-4070-8732-9759d30fd521&platform=eq.opla&kind=eq.annonces&status=eq.done&limit=1	web-pc-chrome152		0
2026-10-05 16:31:14.222	2026-10-05 18:31:14.222	PATCH	403	/rest/v1/profiles	?id=eq.6b2057a9-ee51-4070-8732-9759d30fd521	web-pc-chrome152	6b2057a9-ee51-4070-8732-9759d30fd521	54
2026-10-05 16:31:14.224	2026-10-05 18:31:14.224	OPTIONS	200	/rest/v1/usage_logs	?select=id&user_id=eq.6b2057a9-ee51-4070-8732-9759d30fd521&feature=eq.opla_bandeau&limit=1	web-pc-chrome152		0
2026-10-05 16:31:14.226	2026-10-05 18:31:14.226	OPTIONS	200	/rest/v1/profiles	?select=vinted_sync_pin&id=eq.6b2057a9-ee51-4070-8732-9759d30fd521	web-pc-chrome152		0
2026-10-05 16:31:14.227	2026-10-05 18:31:14.227	OPTIONS	200	/rest/v1/cross_post_jobs	?select=id&user_id=eq.6b2057a9-ee51-4070-8732-9759d30fd521&platform=eq.opla&status=in.(published,sold)&limit=1	web-pc-chrome152		0
2026-10-05 16:31:14.800	2026-10-05 18:31:14.800	OPTIONS	200	/rest/v1/profiles	?select=is_premium,is_pro,is_business,is_comped,is_founder,apple_original_transaction_id,google_purchase_token,subscription_cancel_at_period_end,subscription_period_end,currency,username,platform_settings,extension_last_seen_at,extension_build,onboarded_at,ebay_voie_api&id=eq.6b2057a9-ee51-4070-8732-9759d30fd521	web-pc-chrome152		0
2026-10-05 16:31:14.906	2026-10-05 18:31:14.906	GET	200	/rest/v1/usage_logs	?select=id&user_id=eq.6b2057a9-ee51-4070-8732-9759d30fd521&feature=eq.opla_bandeau&limit=1	web-pc-chrome152	6b2057a9-ee51-4070-8732-9759d30fd521	38
2026-10-05 16:31:15.079	2026-10-05 18:31:15.079	GET	200	/rest/v1/inventaire	?select=*&user_id=eq.6b2057a9-ee51-4070-8732-9759d30fd521&fusionne_dans=is.null&order=created_at.desc,id.desc&limit=3000	web-pc-chrome152	6b2057a9-ee51-4070-8732-9759d30fd521	38
2026-10-05 16:31:20.775	2026-10-05 18:31:20.775	OPTIONS	200	/rest/v1/profiles	?select=extension_version&id=eq.6b2057a9-ee51-4070-8732-9759d30fd521	web-pc-chrome152		7
2026-10-05 16:31:21.017	2026-10-05 18:31:21.017	OPTIONS	200	/rest/v1/inventaire_fusions	?select=id,garde,absorbe,created_at,deplacements,champs_repris&user_id=eq.6b2057a9-ee51-4070-8732-9759d30fd521&defait_le=is.null&order=created_at.desc&limit=500	web-pc-chrome152		0
2026-10-05 16:31:21.020	2026-10-05 18:31:21.020	GET	200	/rest/v1/vinted_sync_runs	?select=id&user_id=eq.6b2057a9-ee51-4070-8732-9759d30fd521&platform=eq.opla&kind=eq.annonces&status=eq.done&limit=1	web-pc-chrome152	6b2057a9-ee51-4070-8732-9759d30fd521	47
2026-10-05 16:31:21.021	2026-10-05 18:31:21.021	OPTIONS	200	/rest/v1/cross_post_jobs	?select=id&user_id=eq.6b2057a9-ee51-4070-8732-9759d30fd521&handler_build=not.is.null&limit=1	web-pc-chrome152		0
2026-10-05 16:31:21.170	2026-10-05 18:31:21.170	GET	200	/rest/v1/cross_post_jobs	?select=id,status,last_checked_at,sale_signal:platform_fields->>sale_signal,unavailable_since:platform_fields->>unavailable_since,pending_removal:platform_fields->>pending_removal,check_unresolved_since:platform_fields->>check_unresolved_since&user_id=eq.6b2057a9-ee51-4070-8732-9759d30fd521&order=created_at.desc&limit=80	web-pc-chrome152	6b2057a9-ee51-4070-8732-9759d30fd521	38
2026-10-05 16:31:32.816	2026-10-05 18:31:32.816	OPTIONS	200	/rest/v1/profiles	?id=eq.6b2057a9-ee51-4070-8732-9759d30fd521	app-android		0
2026-10-05 16:31:32.840	2026-10-05 18:31:32.840	OPTIONS	200	/rest/v1/inventaire	?select=*&user_id=eq.6b2057a9-ee51-4070-8732-9759d30fd521&fusionne_dans=is.null&order=created_at.desc,id.desc&limit=3000	app-android		0
2026-10-05 16:31:32.842	2026-10-05 18:31:32.842	OPTIONS	200	/rest/v1/profiles	?select=vinted_sync_pin&id=eq.6b2057a9-ee51-4070-8732-9759d30fd521	app-android		0
2026-10-05 16:31:32.843	2026-10-05 18:31:32.843	OPTIONS	200	/rest/v1/profiles	?select=platform_settings&id=eq.6b2057a9-ee51-4070-8732-9759d30fd521	app-android		0
2026-10-05 16:31:32.846	2026-10-05 18:31:32.846	OPTIONS	200	/rest/v1/profiles	?select=is_premium,is_pro,is_business,is_comped,is_founder,apple_original_transaction_id,google_purchase_token,subscription_cancel_at_period_end,subscription_period_end,currency,username,platform_settings,extension_last_seen_at,extension_build,onboarded_at,ebay_voie_api&id=eq.6b2057a9-ee51-4070-8732-9759d30fd521	app-android		0
2026-10-05 16:31:32.847	2026-10-05 18:31:32.847	OPTIONS	200	/rest/v1/ventes	?select=*&user_id=eq.6b2057a9-ee51-4070-8732-9759d30fd521&order=created_at.desc,id.desc&limit=3000	app-android		0
2026-10-05 16:31:32.849	2026-10-05 18:31:32.849	OPTIONS	200	/rest/v1/cross_post_jobs	?select=id,status,last_checked_at,sale_signal:platform_fields->>sale_signal,unavailable_since:platform_fields->>unavailable_since,pending_removal:platform_fields->>pending_removal,check_unresolved_since:platform_fields->>check_unresolved_since&user_id=eq.6b2057a9-ee51-4070-8732-9759d30fd521&order=created_at.desc&limit=80	app-android		0
2026-10-05 16:31:32.851	2026-10-05 18:31:32.851	OPTIONS	200	/rest/v1/usage_logs	?select=id&user_id=eq.6b2057a9-ee51-4070-8732-9759d30fd521&feature=eq.opla_bandeau&limit=1	app-android		0
2026-10-05 16:31:32.853	2026-10-05 18:31:32.853	OPTIONS	200	/rest/v1/vinted_sync_runs	?select=id&user_id=eq.6b2057a9-ee51-4070-8732-9759d30fd521&platform=eq.opla&kind=eq.annonces&status=eq.done&limit=1	app-android		0
2026-10-05 16:31:32.855	2026-10-05 18:31:32.855	OPTIONS	200	/rest/v1/fiches_annonce	?select=inventaire_id&user_id=eq.6b2057a9-ee51-4070-8732-9759d30fd521&brouillon=eq.true&limit=200	app-android		0
2026-10-05 16:31:32.858	2026-10-05 18:31:32.858	GET	200	/rest/v1/coin_config	?select=value&key=eq.opla_sortie_le	app-android	6b2057a9-ee51-4070-8732-9759d30fd521	40
2026-10-05 16:31:32.860	2026-10-05 18:31:32.860	OPTIONS	200	/rest/v1/cross_post_jobs	?select=id&user_id=eq.6b2057a9-ee51-4070-8732-9759d30fd521&platform=eq.opla&status=in.(published,sold)&limit=1	app-android		4
2026-10-05 16:31:32.860	2026-10-05 18:31:32.860	OPTIONS	200	/rest/v1/cross_post_jobs	?select=id&user_id=eq.6b2057a9-ee51-4070-8732-9759d30fd521&platform=eq.opla&status=in.(published,sold)&limit=1	app-android		0
2026-10-05 16:31:32.862	2026-10-05 18:31:32.862	OPTIONS	200	/rest/v1/inventaire	?select=*&user_id=eq.6b2057a9-ee51-4070-8732-9759d30fd521&fusionne_dans=is.null&order=created_at.desc,id.desc&limit=3000	app-android		6
2026-10-05 16:31:32.862	2026-10-05 18:31:32.862	OPTIONS	200	/rest/v1/fiches_annonce	?select=inventaire_id&user_id=eq.6b2057a9-ee51-4070-8732-9759d30fd521&brouillon=eq.true&limit=200	app-android		3
2026-10-05 16:31:32.863	2026-10-05 18:31:32.863	OPTIONS	200	/rest/v1/cross_post_jobs	?select=id,status,last_checked_at,sale_signal:platform_fields->>sale_signal,unavailable_since:platform_fields->>unavailable_since,pending_removal:platform_fields->>pending_removal,check_unresolved_since:platform_fields->>check_unresolved_since&user_id=eq.6b2057a9-ee51-4070-8732-9759d30fd521&order=created_at.desc&limit=80	app-android		3
2026-10-05 16:31:32.863	2026-10-05 18:31:32.863	OPTIONS	200	/rest/v1/profiles	?select=is_premium,is_pro,is_business,is_comped,is_founder,apple_original_transaction_id,google_purchase_token,subscription_cancel_at_period_end,subscription_period_end,currency,username,platform_settings,extension_last_seen_at,extension_build,onboarded_at,ebay_voie_api&id=eq.6b2057a9-ee51-4070-8732-9759d30fd521	app-android		3
2026-10-05 16:31:32.864	2026-10-05 18:31:32.864	OPTIONS	200	/rest/v1/profiles	?select=platform_settings&id=eq.6b2057a9-ee51-4070-8732-9759d30fd521	app-android		12
2026-10-05 16:31:32.865	2026-10-05 18:31:32.865	OPTIONS	200	/rest/v1/inventaire	?select=*&user_id=eq.6b2057a9-ee51-4070-8732-9759d30fd521&fusionne_dans=is.null&order=created_at.desc,id.desc&limit=3000	app-android		0
2026-10-05 16:31:32.867	2026-10-05 18:31:32.867	OPTIONS	200	/rest/v1/ventes	?select=*&user_id=eq.6b2057a9-ee51-4070-8732-9759d30fd521&order=created_at.desc,id.desc&limit=3000	app-android		0
2026-10-05 16:31:32.868	2026-10-05 18:31:32.868	PATCH	403	/rest/v1/profiles	?id=eq.6b2057a9-ee51-4070-8732-9759d30fd521	app-android	6b2057a9-ee51-4070-8732-9759d30fd521	42
2026-10-05 16:31:32.869	2026-10-05 18:31:32.869	GET	200	/rest/v1/profiles	?select=platform_settings&id=eq.6b2057a9-ee51-4070-8732-9759d30fd521	app-android	6b2057a9-ee51-4070-8732-9759d30fd521	49
2026-10-05 16:31:32.870	2026-10-05 18:31:32.870	OPTIONS	200	/rest/v1/profiles	?select=is_premium,is_pro,is_business,is_comped,is_founder,apple_original_transaction_id,google_purchase_token,subscription_cancel_at_period_end,subscription_period_end,currency,username,platform_settings,extension_last_seen_at,extension_build,onboarded_at,ebay_voie_api&id=eq.6b2057a9-ee51-4070-8732-9759d30fd521	app-android		0
2026-10-05 16:31:32.870	2026-10-05 18:31:32.870	GET	200	/rest/v1/ventes	?select=*&user_id=eq.6b2057a9-ee51-4070-8732-9759d30fd521&order=created_at.desc,id.desc&limit=3000	app-android	6b2057a9-ee51-4070-8732-9759d30fd521	62
2026-10-05 16:31:32.878	2026-10-05 18:31:32.878	OPTIONS	200	/rest/v1/usage_logs	?select=id&user_id=eq.6b2057a9-ee51-4070-8732-9759d30fd521&feature=eq.opla_bandeau&limit=1	app-android		0
2026-10-05 16:31:32.879	2026-10-05 18:31:32.879	OPTIONS	200	/rest/v1/vinted_sync_runs	?select=id&user_id=eq.6b2057a9-ee51-4070-8732-9759d30fd521&platform=eq.opla&kind=eq.annonces&status=eq.done&limit=1	app-android		0
2026-10-05 16:31:32.880	2026-10-05 18:31:32.880	GET	200	/rest/v1/inventaire	?select=*&user_id=eq.6b2057a9-ee51-4070-8732-9759d30fd521&fusionne_dans=is.null&order=created_at.desc,id.desc&limit=3000	app-android	6b2057a9-ee51-4070-8732-9759d30fd521	37
2026-10-05 16:31:32.883	2026-10-05 18:31:32.883	GET	200	/rest/v1/profiles	?select=is_premium,is_pro,is_business,is_comped,is_founder,apple_original_transaction_id,google_purchase_token,subscription_cancel_at_period_end,subscription_period_end,currency,username,platform_settings,extension_last_seen_at,extension_build,onboarded_at,ebay_voie_api&id=eq.6b2057a9-ee51-4070-8732-9759d30fd521	app-android	6b2057a9-ee51-4070-8732-9759d30fd521	41
2026-10-05 16:31:32.884	2026-10-05 18:31:32.884	GET	200	/rest/v1/profiles	?select=vinted_sync_pin&id=eq.6b2057a9-ee51-4070-8732-9759d30fd521	app-android	6b2057a9-ee51-4070-8732-9759d30fd521	36
2026-10-05 16:31:32.900	2026-10-05 18:31:32.900	GET	200	/rest/v1/cross_post_jobs	?select=id&user_id=eq.6b2057a9-ee51-4070-8732-9759d30fd521&platform=eq.opla&status=in.(published,sold)&limit=1	app-android	6b2057a9-ee51-4070-8732-9759d30fd521	38
2026-10-05 16:31:32.901	2026-10-05 18:31:32.901	GET	200	/rest/v1/lens_scans	?select=scan_id,statut,resultat,motif,photos,created_at&statut=in.(preparation,en_cours,termine)&created_at=gte.2026-10-05T14:31:32.998Z&order=created_at.desc&limit=1	app-android	6b2057a9-ee51-4070-8732-9759d30fd521	34
2026-10-05 16:31:32.902	2026-10-05 18:31:32.902	GET	200	/rest/v1/fiches_annonce	?select=inventaire_id&user_id=eq.6b2057a9-ee51-4070-8732-9759d30fd521&brouillon=eq.true&limit=200	app-android	6b2057a9-ee51-4070-8732-9759d30fd521	45
2026-10-05 16:31:32.910	2026-10-05 18:31:32.910	GET	200	/rest/v1/lens_scans	?select=scan_id,statut,resultat,motif,photos,created_at&statut=in.(preparation,en_cours,termine)&created_at=gte.2026-10-05T14:31:33.028Z&order=created_at.desc&limit=1	app-android	6b2057a9-ee51-4070-8732-9759d30fd521	42
2026-10-05 16:31:32.955	2026-10-05 18:31:32.955	GET	200	/rest/v1/profiles	?select=is_premium,is_pro,is_business,is_comped,is_founder,apple_original_transaction_id,google_purchase_token,subscription_cancel_at_period_end,subscription_period_end,currency,username,platform_settings,extension_last_seen_at,extension_build,onboarded_at,ebay_voie_api&id=eq.6b2057a9-ee51-4070-8732-9759d30fd521	app-android	6b2057a9-ee51-4070-8732-9759d30fd521	38
2026-10-05 16:31:32.959	2026-10-05 18:31:32.959	GET	200	/rest/v1/profiles	?select=platform_settings&id=eq.6b2057a9-ee51-4070-8732-9759d30fd521	app-android	6b2057a9-ee51-4070-8732-9759d30fd521	39
2026-10-05 16:31:32.962	2026-10-05 18:31:32.962	GET	200	/rest/v1/ventes	?select=*&user_id=eq.6b2057a9-ee51-4070-8732-9759d30fd521&order=created_at.desc,id.desc&limit=3000	app-android	6b2057a9-ee51-4070-8732-9759d30fd521	37
2026-10-05 16:31:32.967	2026-10-05 18:31:32.967	GET	200	/rest/v1/usage_logs	?select=id&user_id=eq.6b2057a9-ee51-4070-8732-9759d30fd521&feature=eq.opla_bandeau&limit=1	app-android	6b2057a9-ee51-4070-8732-9759d30fd521	37
2026-10-05 16:31:32.969	2026-10-05 18:31:32.969	GET	200	/rest/v1/cross_post_jobs	?select=id&user_id=eq.6b2057a9-ee51-4070-8732-9759d30fd521&platform=eq.opla&status=in.(published,sold)&limit=1	app-android	6b2057a9-ee51-4070-8732-9759d30fd521	35
2026-10-05 16:31:32.978	2026-10-05 18:31:32.978	GET	200	/rest/v1/cross_post_jobs	?select=id,status,last_checked_at,sale_signal:platform_fields->>sale_signal,unavailable_since:platform_fields->>unavailable_since,pending_removal:platform_fields->>pending_removal,check_unresolved_since:platform_fields->>check_unresolved_since&user_id=eq.6b2057a9-ee51-4070-8732-9759d30fd521&order=created_at.desc&limit=80	app-android	6b2057a9-ee51-4070-8732-9759d30fd521	37
2026-10-05 16:31:32.986	2026-10-05 18:31:32.986	OPTIONS	200	/rest/v1/cross_post_jobs	?select=inventaire_id&user_id=eq.6b2057a9-ee51-4070-8732-9759d30fd521&status=eq.needs_user&inventaire_id=not.is.null&limit=1000	app-android		0
2026-10-05 16:31:32.986	2026-10-05 18:31:32.986	GET	200	/rest/v1/fiches_annonce	?select=inventaire_id&user_id=eq.6b2057a9-ee51-4070-8732-9759d30fd521&brouillon=eq.true&limit=200	app-android	6b2057a9-ee51-4070-8732-9759d30fd521	38
2026-10-05 16:31:32.989	2026-10-05 18:31:32.989	OPTIONS	200	/rest/v1/profiles	?select=plateformes_visibles&id=eq.6b2057a9-ee51-4070-8732-9759d30fd521	app-android		0
2026-10-05 16:31:32.990	2026-10-05 18:31:32.990	OPTIONS	200	/rest/v1/cross_post_jobs	?select=id&user_id=eq.6b2057a9-ee51-4070-8732-9759d30fd521&handler_build=not.is.null&limit=1	app-android		0
2026-10-05 16:31:32.994	2026-10-05 18:31:32.994	OPTIONS	200	/rest/v1/vinted_sync_runs	?select=id&user_id=eq.6b2057a9-ee51-4070-8732-9759d30fd521&extension_build=not.is.null&limit=1	app-android		0
2026-10-05 16:31:33.030	2026-10-05 18:31:33.030	GET	200	/rest/v1/coin_config	?select=key,value&key=in.(opla_ouvert,opla_extension_min)	app-android	6b2057a9-ee51-4070-8732-9759d30fd521	38
2026-10-05 16:31:33.031	2026-10-05 18:31:33.031	GET	200	/rest/v1/profiles	?select=plateformes_visibles&id=eq.6b2057a9-ee51-4070-8732-9759d30fd521	app-android	6b2057a9-ee51-4070-8732-9759d30fd521	38
2026-10-05 16:31:33.033	2026-10-05 18:31:33.033	GET	200	/rest/v1/cross_post_jobs	?select=id&user_id=eq.6b2057a9-ee51-4070-8732-9759d30fd521&handler_build=not.is.null&limit=1	app-android	6b2057a9-ee51-4070-8732-9759d30fd521	38
2026-10-05 16:31:33.034	2026-10-05 18:31:33.034	GET	200	/rest/v1/profiles	?select=extension_version&id=eq.6b2057a9-ee51-4070-8732-9759d30fd521	app-android	6b2057a9-ee51-4070-8732-9759d30fd521	42
2026-10-05 16:31:33.035	2026-10-05 18:31:33.035	GET	200	/rest/v1/inventaire_fusions	?select=id,garde,absorbe,created_at,deplacements,champs_repris&user_id=eq.6b2057a9-ee51-4070-8732-9759d30fd521&defait_le=is.null&order=created_at.desc&limit=500	app-android	6b2057a9-ee51-4070-8732-9759d30fd521	48
2026-10-05 16:31:33.039	2026-10-05 18:31:33.039	GET	200	/rest/v1/profiles	?select=is_premium,is_pro,is_business,is_comped,is_founder,apple_original_transaction_id,google_purchase_token,subscription_cancel_at_period_end,subscription_period_end,currency,username,platform_settings,extension_last_seen_at,extension_build,onboarded_at,ebay_voie_api&id=eq.6b2057a9-ee51-4070-8732-9759d30fd521	app-android	6b2057a9-ee51-4070-8732-9759d30fd521	49
2026-10-05 16:31:33.045	2026-10-05 18:31:33.045	GET	200	/rest/v1/inventaire	?select=*&user_id=eq.6b2057a9-ee51-4070-8732-9759d30fd521&fusionne_dans=is.null&order=created_at.desc,id.desc&limit=3000	app-android	6b2057a9-ee51-4070-8732-9759d30fd521	43
2026-10-05 16:31:33.047	2026-10-05 18:31:33.047	GET	200	/rest/v1/vinted_sync_runs	?select=id&user_id=eq.6b2057a9-ee51-4070-8732-9759d30fd521&extension_build=not.is.null&limit=1	app-android	6b2057a9-ee51-4070-8732-9759d30fd521	38
2026-10-05 16:31:33.048	2026-10-05 18:31:33.048	POST	204	/rest/v1/rpc/set_app_build		app-android	6b2057a9-ee51-4070-8732-9759d30fd521	41
2026-10-05 16:31:33.050	2026-10-05 18:31:33.050	GET	200	/rest/v1/ventes	?select=*&user_id=eq.6b2057a9-ee51-4070-8732-9759d30fd521&order=created_at.desc,id.desc&limit=3000	app-android	6b2057a9-ee51-4070-8732-9759d30fd521	40
2026-10-05 16:31:33.080	2026-10-05 18:31:33.080	POST	200	/rest/v1/rpc/platform_settings_fusionner		app-android	6b2057a9-ee51-4070-8732-9759d30fd521	45
2026-10-05 16:31:33.149	2026-10-05 18:31:33.149	GET	200	/rest/v1/cross_post_jobs	?select=inventaire_id&user_id=eq.6b2057a9-ee51-4070-8732-9759d30fd521&status=eq.needs_user&inventaire_id=not.is.null&limit=1000	app-android	6b2057a9-ee51-4070-8732-9759d30fd521	46
2026-10-05 16:31:33.150	2026-10-05 18:31:33.150	GET	200	/rest/v1/profiles	?select=plateformes_visibles&id=eq.6b2057a9-ee51-4070-8732-9759d30fd521	app-android	6b2057a9-ee51-4070-8732-9759d30fd521	37
2026-10-05 16:31:33.152	2026-10-05 18:31:33.152	GET	200	/rest/v1/coin_config	?select=key,value&key=in.(opla_ouvert,opla_extension_min)	app-android	6b2057a9-ee51-4070-8732-9759d30fd521	42
2026-10-05 16:31:33.154	2026-10-05 18:31:33.154	GET	200	/rest/v1/profiles	?select=extension_version&id=eq.6b2057a9-ee51-4070-8732-9759d30fd521	app-android	6b2057a9-ee51-4070-8732-9759d30fd521	37
2026-10-05 16:31:33.158	2026-10-05 18:31:33.158	GET	200	/rest/v1/inventaire_fusions	?select=id,garde,absorbe,created_at,deplacements,champs_repris&user_id=eq.6b2057a9-ee51-4070-8732-9759d30fd521&defait_le=is.null&order=created_at.desc&limit=500	app-android	6b2057a9-ee51-4070-8732-9759d30fd521	41
2026-10-05 16:31:33.159	2026-10-05 18:31:33.159	GET	200	/rest/v1/cross_post_jobs	?select=id&user_id=eq.6b2057a9-ee51-4070-8732-9759d30fd521&handler_build=not.is.null&limit=1	app-android	6b2057a9-ee51-4070-8732-9759d30fd521	47
2026-10-05 16:31:33.162	2026-10-05 18:31:33.162	GET	200	/rest/v1/vinted_sync_runs	?select=id&user_id=eq.6b2057a9-ee51-4070-8732-9759d30fd521&extension_build=not.is.null&limit=1	app-android	6b2057a9-ee51-4070-8732-9759d30fd521	42
2026-10-05 16:31:33.164	2026-10-05 18:31:33.164	GET	200	/rest/v1/profiles	?select=platform_settings&id=eq.6b2057a9-ee51-4070-8732-9759d30fd521	app-android	6b2057a9-ee51-4070-8732-9759d30fd521	36
2026-10-05 16:31:33.173	2026-10-05 18:31:33.173	POST	204	/rest/v1/rpc/set_app_build		app-android	6b2057a9-ee51-4070-8732-9759d30fd521	38
2026-10-05 16:31:33.234	2026-10-05 18:31:33.234	GET	200	/rest/v1/profiles	?select=plateformes_visibles&id=eq.6b2057a9-ee51-4070-8732-9759d30fd521	app-android	6b2057a9-ee51-4070-8732-9759d30fd521	37
2026-10-05 16:31:33.235	2026-10-05 18:31:33.235	GET	200	/rest/v1/coin_config	?select=key,value&key=in.(opla_ouvert,opla_extension_min)	app-android	6b2057a9-ee51-4070-8732-9759d30fd521	35
2026-10-05 16:31:33.237	2026-10-05 18:31:33.237	GET	200	/rest/v1/cross_post_jobs	?select=id&user_id=eq.6b2057a9-ee51-4070-8732-9759d30fd521&handler_build=not.is.null&limit=1	app-android	6b2057a9-ee51-4070-8732-9759d30fd521	36
2026-10-05 16:31:33.238	2026-10-05 18:31:33.238	GET	200	/rest/v1/profiles	?select=extension_version&id=eq.6b2057a9-ee51-4070-8732-9759d30fd521	app-android	6b2057a9-ee51-4070-8732-9759d30fd521	39
2026-10-05 16:31:33.239	2026-10-05 18:31:33.239	GET	200	/rest/v1/cross_post_jobs	?select=inventaire_id&user_id=eq.6b2057a9-ee51-4070-8732-9759d30fd521&status=eq.needs_user&inventaire_id=not.is.null&limit=1000	app-android	6b2057a9-ee51-4070-8732-9759d30fd521	44
2026-10-05 16:31:33.241	2026-10-05 18:31:33.241	GET	200	/rest/v1/vinted_sync_runs	?select=id&user_id=eq.6b2057a9-ee51-4070-8732-9759d30fd521&extension_build=not.is.null&limit=1	app-android	6b2057a9-ee51-4070-8732-9759d30fd521	35
2026-10-05 16:31:33.246	2026-10-05 18:31:33.246	OPTIONS	200	/rest/v1/cross_post_jobs	?select=id,platform,title,price,inventaire_id,listing_url,platform_fields&user_id=eq.6b2057a9-ee51-4070-8732-9759d30fd521&status=eq.published&action=in.(publish,republish)&platform_fields->>unavailable_since=not.is.null	app-android		0
2026-10-05 16:31:33.251	2026-10-05 18:31:33.251	GET	200	/rest/v1/inventaire_fusions	?select=id,garde,absorbe,created_at,deplacements,champs_repris&user_id=eq.6b2057a9-ee51-4070-8732-9759d30fd521&defait_le=is.null&order=created_at.desc&limit=500	app-android	6b2057a9-ee51-4070-8732-9759d30fd521	37
2026-10-05 16:31:33.254	2026-10-05 18:31:33.254	GET	200	/rest/v1/fiches_annonce	?select=inventaire_id&user_id=eq.6b2057a9-ee51-4070-8732-9759d30fd521&brouillon=eq.true&limit=200	app-android	6b2057a9-ee51-4070-8732-9759d30fd521	41
2026-10-05 16:31:33.275	2026-10-05 18:31:33.275	GET	200	/rest/v1/cross_post_jobs	?select=id,platform,title,price,inventaire_id,listing_url,platform_fields&user_id=eq.6b2057a9-ee51-4070-8732-9759d30fd521&status=eq.published&action=in.(publish,republish)&platform_fields->>unavailable_since=not.is.null	app-android	6b2057a9-ee51-4070-8732-9759d30fd521	34
2026-10-05 16:31:33.345	2026-10-05 18:31:33.345	GET	200	/rest/v1/cross_post_jobs	?select=id,platform,title,price,inventaire_id,listing_url,platform_fields&user_id=eq.6b2057a9-ee51-4070-8732-9759d30fd521&status=eq.published&action=in.(publish,republish)&platform_fields->>unavailable_since=not.is.null	app-android	6b2057a9-ee51-4070-8732-9759d30fd521	37
2026-10-05 16:31:33.345	2026-10-05 18:31:33.345	OPTIONS	200	/rest/v1/cross_post_jobs	?select=inventaire_id&user_id=eq.6b2057a9-ee51-4070-8732-9759d30fd521&action=eq.republish&status=in.(pending,processing,needs_user)&inventaire_id=not.is.null	app-android		0
2026-10-05 16:31:33.348	2026-10-05 18:31:33.348	OPTIONS	200	/rest/v1/annonces_plateforme	?select=id,platform,listing_id,url,titre,prix,proposition&user_id=eq.6b2057a9-ee51-4070-8732-9759d30fd521&inventaire_id=is.null&ignoree_le=is.null&disparu_le=is.null&proposition=not.is.null&limit=200	app-android		0
2026-10-05 16:31:33.385	2026-10-05 18:31:33.385	GET	200	/rest/v1/annonces_plateforme	?select=id,platform,listing_id,url,titre,prix,proposition&user_id=eq.6b2057a9-ee51-4070-8732-9759d30fd521&inventaire_id=is.null&ignoree_le=is.null&disparu_le=is.null&proposition=not.is.null&limit=200	app-android	6b2057a9-ee51-4070-8732-9759d30fd521	37
2026-10-05 16:31:33.395	2026-10-05 18:31:33.395	GET	200	/rest/v1/cross_post_jobs	?select=inventaire_id&user_id=eq.6b2057a9-ee51-4070-8732-9759d30fd521&action=eq.republish&status=in.(pending,processing,needs_user)&inventaire_id=not.is.null	app-android	6b2057a9-ee51-4070-8732-9759d30fd521	35
2026-10-05 16:31:33.406	2026-10-05 18:31:33.406	GET	200	/rest/v1/cross_post_jobs	?select=id,platform,title,price,inventaire_id,listing_url,platform_fields&user_id=eq.6b2057a9-ee51-4070-8732-9759d30fd521&status=eq.published&action=in.(publish,republish)&platform_fields->>unavailable_since=not.is.null	app-android	6b2057a9-ee51-4070-8732-9759d30fd521	35
2026-10-05 16:31:33.453	2026-10-05 18:31:33.453	GET	200	/rest/v1/annonces_plateforme	?select=id,platform,listing_id,url,titre,prix,proposition&user_id=eq.6b2057a9-ee51-4070-8732-9759d30fd521&inventaire_id=is.null&ignoree_le=is.null&disparu_le=is.null&proposition=not.is.null&limit=200	app-android	6b2057a9-ee51-4070-8732-9759d30fd521	37
2026-10-05 16:31:33.455	2026-10-05 18:31:33.455	GET	200	/rest/v1/cross_post_jobs	?select=inventaire_id&user_id=eq.6b2057a9-ee51-4070-8732-9759d30fd521&action=eq.republish&status=in.(pending,processing,needs_user)&inventaire_id=not.is.null	app-android	6b2057a9-ee51-4070-8732-9759d30fd521	33
2026-10-05 16:31:33.456	2026-10-05 18:31:33.456	OPTIONS	200	/rest/v1/profiles	?select=voice_count_today,voice_count_date&id=eq.6b2057a9-ee51-4070-8732-9759d30fd521	app-android		0
2026-10-05 16:31:33.463	2026-10-05 18:31:33.463	GET	200	/auth/v1/user		serveur-fonction-edge	6b2057a9-ee51-4070-8732-9759d30fd521	52
2026-10-05 16:31:33.477	2026-10-05 18:31:33.477	GET	200	/rest/v1/profiles	?select=voice_count_today,voice_count_date&id=eq.6b2057a9-ee51-4070-8732-9759d30fd521	app-android	6b2057a9-ee51-4070-8732-9759d30fd521	42
2026-10-05 16:31:33.508	2026-10-05 18:31:33.508	GET	200	/rest/v1/cross_post_jobs	?select=inventaire_id&user_id=eq.6b2057a9-ee51-4070-8732-9759d30fd521&action=eq.republish&status=in.(pending,processing,needs_user)&inventaire_id=not.is.null	app-android	6b2057a9-ee51-4070-8732-9759d30fd521	40
2026-10-05 16:31:33.546	2026-10-05 18:31:33.546	GET	200	/rest/v1/ebay_accounts	?select=*&user_id=eq.6b2057a9-ee51-4070-8732-9759d30fd521	serveur-fonction-edge		50
2026-10-05 16:31:33.572	2026-10-05 18:31:33.572	GET	200	/rest/v1/profiles	?select=voice_count_today,voice_count_date&id=eq.6b2057a9-ee51-4070-8732-9759d30fd521	app-android	6b2057a9-ee51-4070-8732-9759d30fd521	44
2026-10-05 16:31:33.734	2026-10-05 18:31:33.734	GET	200	/rest/v1/profiles	?select=voice_count_today,voice_count_date&id=eq.6b2057a9-ee51-4070-8732-9759d30fd521	app-android	6b2057a9-ee51-4070-8732-9759d30fd521	39
2026-10-05 16:31:33.754	2026-10-05 18:31:33.754	POST	200	/rest/v1/rpc/quotas_etat		app-android	6b2057a9-ee51-4070-8732-9759d30fd521	43
2026-10-05 16:31:33.807	2026-10-05 18:31:33.807	POST	200	/rest/v1/rpc/quotas_etat		app-android	6b2057a9-ee51-4070-8732-9759d30fd521	36
2026-10-05 16:31:35.323	2026-10-05 18:31:35.323	GET	200	/rest/v1/profiles	?select=is_premium,is_pro,is_business,is_comped,is_founder,apple_original_transaction_id,google_purchase_token,subscription_cancel_at_period_end,subscription_period_end,currency,username,platform_settings,extension_last_seen_at,extension_build,onboarded_at,ebay_voie_api&id=eq.6b2057a9-ee51-4070-8732-9759d30fd521	web-pc-chrome152	6b2057a9-ee51-4070-8732-9759d30fd521	44
2026-10-05 16:31:39.035	2026-10-05 18:31:39.035	GET	200	/rest/v1/coin_config	?select=key,value&key=in.(opla_ouvert,opla_extension_min)	web-pc-chrome152	6b2057a9-ee51-4070-8732-9759d30fd521	37
2026-10-05 16:31:41.090	2026-10-05 18:31:41.090	GET	200	/rest/v1/inventaire_fusions	?select=id,garde,absorbe,created_at,deplacements,champs_repris&user_id=eq.6b2057a9-ee51-4070-8732-9759d30fd521&defait_le=is.null&order=created_at.desc&limit=500	web-pc-chrome152	6b2057a9-ee51-4070-8732-9759d30fd521	48
2026-10-05 16:31:41.628	2026-10-05 18:31:41.628	GET	200	/rest/v1/fiches_annonce	?select=inventaire_id&user_id=eq.6b2057a9-ee51-4070-8732-9759d30fd521&brouillon=eq.true&limit=200	web-pc-chrome152	6b2057a9-ee51-4070-8732-9759d30fd521	40
2026-10-05 16:31:44.130	2026-10-05 18:31:44.130	GET	200	/rest/v1/fiches_annonce	?select=inventaire_id&user_id=eq.6b2057a9-ee51-4070-8732-9759d30fd521&brouillon=eq.true&limit=200	web-pc-chrome152	6b2057a9-ee51-4070-8732-9759d30fd521	36
2026-10-05 16:31:44.268	2026-10-05 18:31:44.268	GET	200	/rest/v1/vinted_sync_runs	?select=id&user_id=eq.6b2057a9-ee51-4070-8732-9759d30fd521&extension_build=not.is.null&limit=1	web-pc-chrome152	6b2057a9-ee51-4070-8732-9759d30fd521	43
2026-10-05 16:31:44.369	2026-10-05 18:31:44.369	GET	200	/rest/v1/cross_post_jobs	?select=id,platform,title,inventaire_id,listing_url,platform_listing_id,platform_fields&user_id=eq.6b2057a9-ee51-4070-8732-9759d30fd521&status=eq.cancelled&action=in.(publish,republish)&platform_fields=cs.{"pending_removal":true}&platform_fields->>pending_removal_reporte_le=is.null	web-pc-chrome152	6b2057a9-ee51-4070-8732-9759d30fd521	37
2026-10-05 16:31:45.790	2026-10-05 18:31:45.790	GET	200	/rest/v1/profiles	?select=extension_version&id=eq.6b2057a9-ee51-4070-8732-9759d30fd521	web-pc-chrome152	6b2057a9-ee51-4070-8732-9759d30fd521	35
2026-10-05 16:31:50.904	2026-10-05 18:31:50.904	POST	201	/rest/v1/usage_logs		app-android	6b2057a9-ee51-4070-8732-9759d30fd521	48
2026-10-05 16:31:55.739	2026-10-05 18:31:55.739	GET	200	/rest/v1/cross_post_jobs	?select=id,status,last_checked_at,sale_signal:platform_fields->>sale_signal,unavailable_since:platform_fields->>unavailable_since,pending_removal:platform_fields->>pending_removal,check_unresolved_since:platform_fields->>check_unresolved_since&user_id=eq.6b2057a9-ee51-4070-8732-9759d30fd521&order=created_at.desc&limit=80	web-pc-chrome152	6b2057a9-ee51-4070-8732-9759d30fd521	49
2026-10-05 16:31:59.986	2026-10-05 18:31:59.986	GET	200	/rest/v1/cross_post_jobs	?select=id,platform,title,inventaire_id,listing_url,platform_listing_id,platform_fields&user_id=eq.6b2057a9-ee51-4070-8732-9759d30fd521&status=eq.cancelled&action=in.(publish,republish)&platform_fields=cs.{"pending_removal":true}&platform_fields->>pending_removal_reporte_le=is.null	web-pc-chrome152	6b2057a9-ee51-4070-8732-9759d30fd521	51
2026-10-05 16:31:59.990	2026-10-05 18:31:59.990	OPTIONS	200	/rest/v1/cross_post_jobs	?select=id,platform,title,price,inventaire_id,listing_url,platform_fields&user_id=eq.6b2057a9-ee51-4070-8732-9759d30fd521&status=eq.published&action=in.(publish,republish)&platform_fields->>unavailable_since=not.is.null	web-pc-chrome152		0
2026-10-05 16:32:00.441	2026-10-05 18:32:00.441	GET	200	/rest/v1/cross_post_jobs	?select=id,platform,title,price,inventaire_id,listing_url,platform_fields&user_id=eq.6b2057a9-ee51-4070-8732-9759d30fd521&status=eq.published&action=in.(publish,republish)&platform_fields->>unavailable_since=not.is.null	web-pc-chrome152	6b2057a9-ee51-4070-8732-9759d30fd521	41
2026-10-05 16:32:00.444	2026-10-05 18:32:00.444	GET	200	/rest/v1/cross_post_jobs	?select=id,platform,title,inventaire_id,listing_url,platform_listing_id,platform_fields&user_id=eq.6b2057a9-ee51-4070-8732-9759d30fd521&status=eq.cancelled&action=in.(publish,republish)&platform_fields=cs.{"pending_removal":true}&platform_fields->>pending_removal_reporte_le=is.null	web-pc-chrome152	6b2057a9-ee51-4070-8732-9759d30fd521	36
2026-10-05 16:32:02.156	2026-10-05 18:32:02.156	GET	200	/rest/v1/cross_post_jobs	?select=id,platform,title,price,inventaire_id,listing_url,platform_fields&user_id=eq.6b2057a9-ee51-4070-8732-9759d30fd521&status=eq.published&action=in.(publish,republish)&platform_fields->>unavailable_since=not.is.null	web-pc-chrome152	6b2057a9-ee51-4070-8732-9759d30fd521	101
2026-10-05 16:32:02.158	2026-10-05 18:32:02.158	OPTIONS	200	/rest/v1/cross_post_jobs	?select=inventaire_id&user_id=eq.6b2057a9-ee51-4070-8732-9759d30fd521&action=eq.republish&status=in.(pending,processing,needs_user)&inventaire_id=not.is.null	web-pc-chrome152		7
2026-10-05 16:32:02.160	2026-10-05 18:32:02.160	OPTIONS	200	/rest/v1/annonces_plateforme	?select=id,platform,listing_id,url,titre,prix,proposition&user_id=eq.6b2057a9-ee51-4070-8732-9759d30fd521&inventaire_id=is.null&ignoree_le=is.null&disparu_le=is.null&proposition=not.is.null&limit=200	web-pc-chrome152		9
2026-10-05 16:32:03.228	2026-10-05 18:32:03.228	GET	200	/rest/v1/profiles	?select=id&ebay_voie_api=eq.true&id=in.(c7dc5abb-18f5-4d5e-8b35-52c1cccc4816,42eab075-66f2-49de-8e44-212377cfaf41,2eec0ad9-784e-419f-ad00-0df1fbfbb457,90739125-8f1c-4d26-a4a5-048eed4b1c0f,53efea05-dc2d-4467-a8cd-c6fa52a47a61,b20fb960-7826-4bab-b107-a388d9824009,577dce4b-0a9d-465d-8993-bab4dddba9cb,bfce1264-4aac-49e9-b2fe-3c4706a8e449,f6a86c0d-d617-4a4a-8a8d-c30a07ac3233,3fd46214-cd67-44c5-b05e-8da…	serveur-fonction-edge		13
2026-10-05 16:32:03.257	2026-10-05 18:32:03.257	GET	200	/rest/v1/cross_post_jobs	?select=id,user_id,error,platform_fields&platform=eq.ebay&action=eq.publish&voie=eq.extension&status=eq.pending&user_id=in.(8b78a7ce-3816-49ee-8bb3-511d4f860491,f6a86c0d-d617-4a4a-8a8d-c30a07ac3233,c7dc5abb-18f5-4d5e-8b35-52c1cccc4816,53efea05-dc2d-4467-a8cd-c6fa52a47a61,1661c65c-83ab-43c6-8595-c68f207d1477,52ac8bfb-ed9b-4a55-a632-d71308a0f8da,f8b8bbad-01e4-4800-89b7-f4cf77f1c8df,3d9caa6d-bf05-4ba…	serveur-fonction-edge		15
2026-10-05 16:32:04.470	2026-10-05 18:32:04.470	GET	200	/rest/v1/cross_post_jobs	?select=inventaire_id&user_id=eq.6b2057a9-ee51-4070-8732-9759d30fd521&action=eq.republish&status=in.(pending,processing,needs_user)&inventaire_id=not.is.null	web-pc-chrome152	6b2057a9-ee51-4070-8732-9759d30fd521	37
2026-10-05 16:32:04.472	2026-10-05 18:32:04.472	GET	200	/rest/v1/annonces_plateforme	?select=id,platform,listing_id,url,titre,prix,proposition&user_id=eq.6b2057a9-ee51-4070-8732-9759d30fd521&inventaire_id=is.null&ignoree_le=is.null&disparu_le=is.null&proposition=not.is.null&limit=200	web-pc-chrome152	6b2057a9-ee51-4070-8732-9759d30fd521	45
2026-10-05 16:32:11.077	2026-10-05 18:32:11.077	GET	200	/rest/v1/coin_config	?select=value&key=eq.opla_sortie_le	app-android	6b2057a9-ee51-4070-8732-9759d30fd521	67
2026-10-05 16:32:11.078	2026-10-05 18:32:11.078	GET	200	/rest/v1/inventaire	?select=*&user_id=eq.6b2057a9-ee51-4070-8732-9759d30fd521&fusionne_dans=is.null&order=created_at.desc,id.desc&limit=3000	app-android	6b2057a9-ee51-4070-8732-9759d30fd521	81
2026-10-05 16:32:11.079	2026-10-05 18:32:11.079	GET	200	/rest/v1/ventes	?select=*&user_id=eq.6b2057a9-ee51-4070-8732-9759d30fd521&order=created_at.desc,id.desc&limit=3000	app-android	6b2057a9-ee51-4070-8732-9759d30fd521	74
2026-10-05 16:32:11.080	2026-10-05 18:32:11.080	GET	200	/rest/v1/profiles	?select=is_premium,is_pro,is_business,is_comped,is_founder,apple_original_transaction_id,google_purchase_token,subscription_cancel_at_period_end,subscription_period_end,currency,username,platform_settings,extension_last_seen_at,extension_build,onboarded_at,ebay_voie_api&id=eq.6b2057a9-ee51-4070-8732-9759d30fd521	app-android	6b2057a9-ee51-4070-8732-9759d30fd521	73
2026-10-05 16:32:11.081	2026-10-05 18:32:11.081	GET	200	/rest/v1/profiles	?select=platform_settings&id=eq.6b2057a9-ee51-4070-8732-9759d30fd521	app-android	6b2057a9-ee51-4070-8732-9759d30fd521	73
2026-10-05 16:32:11.082	2026-10-05 18:32:11.082	GET	200	/rest/v1/vinted_sync_runs	?select=id&user_id=eq.6b2057a9-ee51-4070-8732-9759d30fd521&platform=eq.opla&kind=eq.annonces&status=eq.done&limit=1	app-android	6b2057a9-ee51-4070-8732-9759d30fd521	70
2026-10-05 16:32:11.082	2026-10-05 18:32:11.082	GET	200	/rest/v1/profiles	?select=vinted_sync_pin&id=eq.6b2057a9-ee51-4070-8732-9759d30fd521	app-android	6b2057a9-ee51-4070-8732-9759d30fd521	60
2026-10-05 16:32:11.083	2026-10-05 18:32:11.083	GET	200	/rest/v1/cross_post_jobs	?select=id&user_id=eq.6b2057a9-ee51-4070-8732-9759d30fd521&platform=eq.opla&status=in.(published,sold)&limit=1	app-android	6b2057a9-ee51-4070-8732-9759d30fd521	67
2026-10-05 16:32:11.083	2026-10-05 18:32:11.083	GET	200	/rest/v1/cross_post_jobs	?select=id,status,last_checked_at,sale_signal:platform_fields->>sale_signal,unavailable_since:platform_fields->>unavailable_since,pending_removal:platform_fields->>pending_removal,check_unresolved_since:platform_fields->>check_unresolved_since&user_id=eq.6b2057a9-ee51-4070-8732-9759d30fd521&order=created_at.desc&limit=80	app-android	6b2057a9-ee51-4070-8732-9759d30fd521	76
2026-10-05 16:32:11.086	2026-10-05 18:32:11.086	GET	200	/rest/v1/fiches_annonce	?select=inventaire_id&user_id=eq.6b2057a9-ee51-4070-8732-9759d30fd521&brouillon=eq.true&limit=200	app-android	6b2057a9-ee51-4070-8732-9759d30fd521	73
2026-10-05 16:32:11.093	2026-10-05 18:32:11.093	GET	200	/rest/v1/usage_logs	?select=id&user_id=eq.6b2057a9-ee51-4070-8732-9759d30fd521&feature=eq.opla_bandeau&limit=1	app-android	6b2057a9-ee51-4070-8732-9759d30fd521	64
2026-10-05 16:32:11.094	2026-10-05 18:32:11.094	PATCH	403	/rest/v1/profiles	?id=eq.6b2057a9-ee51-4070-8732-9759d30fd521	app-android	6b2057a9-ee51-4070-8732-9759d30fd521	55
2026-10-05 16:32:11.170	2026-10-05 18:32:11.170	GET	200	/rest/v1/lens_scans	?select=scan_id,statut,resultat,motif,photos,created_at&statut=in.(preparation,en_cours,termine)&created_at=gte.2026-10-05T14:32:11.158Z&order=created_at.desc&limit=1	app-android	6b2057a9-ee51-4070-8732-9759d30fd521	36
2026-10-05 16:32:11.208	2026-10-05 18:32:11.208	GET	200	/rest/v1/ventes	?select=*&user_id=eq.6b2057a9-ee51-4070-8732-9759d30fd521&order=created_at.desc,id.desc&limit=3000	app-android	6b2057a9-ee51-4070-8732-9759d30fd521	36
2026-10-05 16:32:11.210	2026-10-05 18:32:11.210	GET	200	/rest/v1/cross_post_jobs	?select=inventaire_id&user_id=eq.6b2057a9-ee51-4070-8732-9759d30fd521&status=eq.needs_user&inventaire_id=not.is.null&limit=1000	app-android	6b2057a9-ee51-4070-8732-9759d30fd521	43
2026-10-05 16:32:11.212	2026-10-05 18:32:11.212	GET	200	/rest/v1/profiles	?select=plateformes_visibles&id=eq.6b2057a9-ee51-4070-8732-9759d30fd521	app-android	6b2057a9-ee51-4070-8732-9759d30fd521	42
2026-10-05 16:32:11.223	2026-10-05 18:32:11.223	GET	200	/rest/v1/profiles	?select=is_premium,is_pro,is_business,is_comped,is_founder,apple_original_transaction_id,google_purchase_token,subscription_cancel_at_period_end,subscription_period_end,currency,username,platform_settings,extension_last_seen_at,extension_build,onboarded_at,ebay_voie_api&id=eq.6b2057a9-ee51-4070-8732-9759d30fd521	app-android	6b2057a9-ee51-4070-8732-9759d30fd521	38
2026-10-05 16:32:11.227	2026-10-05 18:32:11.227	GET	200	/rest/v1/coin_config	?select=key,value&key=in.(opla_ouvert,opla_extension_min)	app-android	6b2057a9-ee51-4070-8732-9759d30fd521	35
2026-10-05 16:32:11.230	2026-10-05 18:32:11.230	GET	200	/rest/v1/inventaire_fusions	?select=id,garde,absorbe,created_at,deplacements,champs_repris&user_id=eq.6b2057a9-ee51-4070-8732-9759d30fd521&defait_le=is.null&order=created_at.desc&limit=500	app-android	6b2057a9-ee51-4070-8732-9759d30fd521	39
2026-10-05 16:32:11.232	2026-10-05 18:32:11.232	GET	200	/rest/v1/vinted_sync_runs	?select=id&user_id=eq.6b2057a9-ee51-4070-8732-9759d30fd521&extension_build=not.is.null&limit=1	app-android	6b2057a9-ee51-4070-8732-9759d30fd521	43
2026-10-05 16:32:11.233	2026-10-05 18:32:11.233	GET	200	/rest/v1/profiles	?select=extension_version&id=eq.6b2057a9-ee51-4070-8732-9759d30fd521	app-android	6b2057a9-ee51-4070-8732-9759d30fd521	40
2026-10-05 16:32:11.235	2026-10-05 18:32:11.235	GET	200	/rest/v1/inventaire	?select=*&user_id=eq.6b2057a9-ee51-4070-8732-9759d30fd521&fusionne_dans=is.null&order=created_at.desc,id.desc&limit=3000	app-android	6b2057a9-ee51-4070-8732-9759d30fd521	46
2026-10-05 16:32:11.236	2026-10-05 18:32:11.236	GET	200	/rest/v1/cross_post_jobs	?select=id&user_id=eq.6b2057a9-ee51-4070-8732-9759d30fd521&handler_build=not.is.null&limit=1	app-android	6b2057a9-ee51-4070-8732-9759d30fd521	38
2026-10-05 16:32:11.341	2026-10-05 18:32:11.341	GET	200	/rest/v1/coin_config	?select=key,value&key=in.(opla_ouvert,opla_extension_min)	app-android	6b2057a9-ee51-4070-8732-9759d30fd521	51
2026-10-05 16:32:11.345	2026-10-05 18:32:11.345	GET	200	/rest/v1/profiles	?select=extension_version&id=eq.6b2057a9-ee51-4070-8732-9759d30fd521	app-android	6b2057a9-ee51-4070-8732-9759d30fd521	45
2026-10-05 16:32:11.346	2026-10-05 18:32:11.346	GET	200	/rest/v1/cross_post_jobs	?select=id&user_id=eq.6b2057a9-ee51-4070-8732-9759d30fd521&handler_build=not.is.null&limit=1	app-android	6b2057a9-ee51-4070-8732-9759d30fd521	44
2026-10-05 16:32:11.348	2026-10-05 18:32:11.348	GET	200	/rest/v1/fiches_annonce	?select=inventaire_id&user_id=eq.6b2057a9-ee51-4070-8732-9759d30fd521&brouillon=eq.true&limit=200	app-android	6b2057a9-ee51-4070-8732-9759d30fd521	34
2026-10-05 16:32:11.432	2026-10-05 18:32:11.432	GET	200	/rest/v1/cross_post_jobs	?select=id,platform,title,inventaire_id,listing_url,platform_listing_id,platform_fields&user_id=eq.6b2057a9-ee51-4070-8732-9759d30fd521&status=eq.cancelled&action=in.(publish,republish)&platform_fields=cs.{"pending_removal":true}&platform_fields->>pending_removal_reporte_le=is.null	app-android	6b2057a9-ee51-4070-8732-9759d30fd521	33
2026-10-05 16:32:11.450	2026-10-05 18:32:11.450	GET	200	/auth/v1/user		serveur-fonction-edge	6b2057a9-ee51-4070-8732-9759d30fd521	54
2026-10-05 16:32:11.485	2026-10-05 18:32:11.485	GET	200	/rest/v1/annonces_plateforme	?select=id,platform,listing_id,url,titre,prix,proposition&user_id=eq.6b2057a9-ee51-4070-8732-9759d30fd521&inventaire_id=is.null&ignoree_le=is.null&disparu_le=is.null&proposition=not.is.null&limit=200	app-android	6b2057a9-ee51-4070-8732-9759d30fd521	40
2026-10-05 16:32:11.488	2026-10-05 18:32:11.488	GET	200	/rest/v1/cross_post_jobs	?select=inventaire_id&user_id=eq.6b2057a9-ee51-4070-8732-9759d30fd521&action=eq.republish&status=in.(pending,processing,needs_user)&inventaire_id=not.is.null	app-android	6b2057a9-ee51-4070-8732-9759d30fd521	35
2026-10-05 16:32:11.501	2026-10-05 18:32:11.501	GET	200	/rest/v1/cross_post_jobs	?select=id,platform,title,price,inventaire_id,listing_url,platform_fields&user_id=eq.6b2057a9-ee51-4070-8732-9759d30fd521&status=eq.published&action=in.(publish,republish)&platform_fields->>unavailable_since=not.is.null	app-android	6b2057a9-ee51-4070-8732-9759d30fd521	42
2026-10-05 16:32:11.527	2026-10-05 18:32:11.527	GET	200	/rest/v1/ebay_accounts	?select=*&user_id=eq.6b2057a9-ee51-4070-8732-9759d30fd521	serveur-fonction-edge		44
2026-10-05 16:32:11.604	2026-10-05 18:32:11.604	GET	200	/rest/v1/cross_post_jobs	?select=inventaire_id&user_id=eq.6b2057a9-ee51-4070-8732-9759d30fd521&action=eq.republish&status=in.(pending,processing,needs_user)&inventaire_id=not.is.null	app-android	6b2057a9-ee51-4070-8732-9759d30fd521	35
2026-10-05 16:32:11.606	2026-10-05 18:32:11.606	GET	200	/rest/v1/annonces_plateforme	?select=id,platform,listing_id,url,titre,prix,proposition&user_id=eq.6b2057a9-ee51-4070-8732-9759d30fd521&inventaire_id=is.null&ignoree_le=is.null&disparu_le=is.null&proposition=not.is.null&limit=200	app-android	6b2057a9-ee51-4070-8732-9759d30fd521	54
2026-10-05 16:32:11.608	2026-10-05 18:32:11.608	GET	200	/rest/v1/profiles	?select=voice_count_today,voice_count_date&id=eq.6b2057a9-ee51-4070-8732-9759d30fd521	app-android	6b2057a9-ee51-4070-8732-9759d30fd521	54
2026-10-05 16:32:14.661	2026-10-05 18:32:14.661	OPTIONS	200	/rest/v1/profiles	?select=voice_count_today,voice_count_date&id=eq.6b2057a9-ee51-4070-8732-9759d30fd521	web-pc-chrome152		5
2026-10-05 16:32:15.184	2026-10-05 18:32:15.184	GET	200	/rest/v1/cross_post_jobs	?select=id,platform,title,price,inventaire_id,listing_url,platform_fields&user_id=eq.6b2057a9-ee51-4070-8732-9759d30fd521&status=eq.published&action=in.(publish,republish)&platform_fields->>unavailable_since=not.is.null	web-pc-chrome152	6b2057a9-ee51-4070-8732-9759d30fd521	58
2026-10-05 16:32:18.435	2026-10-05 18:32:18.435	GET	200	/rest/v1/annonces_plateforme	?select=id,platform,listing_id,url,titre,prix,proposition&user_id=eq.6b2057a9-ee51-4070-8732-9759d30fd521&inventaire_id=is.null&ignoree_le=is.null&disparu_le=is.null&proposition=not.is.null&limit=200	web-pc-chrome152	6b2057a9-ee51-4070-8732-9759d30fd521	34
2026-10-05 16:32:18.806	2026-10-05 18:32:18.806	GET	200	/rest/v1/profiles	?select=voice_count_today,voice_count_date&id=eq.6b2057a9-ee51-4070-8732-9759d30fd521	web-pc-chrome152	6b2057a9-ee51-4070-8732-9759d30fd521	42
2026-10-05 16:32:18.808	2026-10-05 18:32:18.808	GET	200	/rest/v1/cross_post_jobs	?select=inventaire_id&user_id=eq.6b2057a9-ee51-4070-8732-9759d30fd521&action=eq.republish&status=in.(pending,processing,needs_user)&inventaire_id=not.is.null	web-pc-chrome152	6b2057a9-ee51-4070-8732-9759d30fd521	35
2026-10-05 16:32:20.298	2026-10-05 18:32:20.298	GET	200	/rest/v1/cross_post_jobs	?select=inventaire_id&user_id=eq.6b2057a9-ee51-4070-8732-9759d30fd521&action=eq.republish&status=in.(pending,processing,needs_user)&inventaire_id=not.is.null	web-pc-chrome152	6b2057a9-ee51-4070-8732-9759d30fd521	46
2026-10-05 16:32:21.543	2026-10-05 18:32:21.543	GET	200	/rest/v1/annonces_plateforme	?select=id,platform,listing_id,url,titre,prix,proposition&user_id=eq.6b2057a9-ee51-4070-8732-9759d30fd521&inventaire_id=is.null&ignoree_le=is.null&disparu_le=is.null&proposition=not.is.null&limit=200	web-pc-chrome152	6b2057a9-ee51-4070-8732-9759d30fd521	37
2026-10-05 16:32:25.035	2026-10-05 18:32:25.035	GET	200	/rest/v1/profiles	?select=voice_count_today,voice_count_date&id=eq.6b2057a9-ee51-4070-8732-9759d30fd521	web-pc-chrome152	6b2057a9-ee51-4070-8732-9759d30fd521	36
2026-10-05 16:32:25.174	2026-10-05 18:32:25.174	POST	200	/rest/v1/rpc/quotas_etat		web-pc-chrome152	6b2057a9-ee51-4070-8732-9759d30fd521	40
2026-10-05 16:32:27.743	2026-10-05 18:32:27.743	GET	200	/rest/v1/profiles	?select=voice_count_today,voice_count_date&id=eq.6b2057a9-ee51-4070-8732-9759d30fd521	web-pc-chrome152	6b2057a9-ee51-4070-8732-9759d30fd521	64
2026-10-05 16:32:27.910	2026-10-05 18:32:27.910	GET	200	/auth/v1/user		serveur-fonction-edge	6b2057a9-ee51-4070-8732-9759d30fd521	48
2026-10-05 16:32:27.977	2026-10-05 18:32:27.977	GET	200	/rest/v1/profiles	?select=created_at,onboarded_at,is_premium,is_pro,is_business,is_comped&id=eq.6b2057a9-ee51-4070-8732-9759d30fd521	serveur-fonction-edge		68
2026-10-05 16:32:27.980	2026-10-05 18:32:27.980	GET	200	/rest/v1/usage_logs	?select=created_at&user_id=eq.6b2057a9-ee51-4070-8732-9759d30fd521&feature=eq.checkout_open&created_at=gte.2026-10-04T16:32:27.969Z&limit=5	serveur-fonction-edge		63
2026-10-05 16:32:27.981	2026-10-05 18:32:27.981	GET	200	/rest/v1/coin_ledger	?select=kind,created_at&user_id=eq.6b2057a9-ee51-4070-8732-9759d30fd521&kind=in.(grant_upgrade,purchase,grant_monthly)&created_at=gte.2026-10-04T16:32:27.969Z&limit=20	serveur-fonction-edge		52
2026-10-05 16:32:27.981	2026-10-05 18:32:27.981	GET	200	/rest/v1/cross_post_jobs	?select=id,action,status,created_at,published_at,handler_build,pdr:platform_fields->pas_de_rouge,rs:platform_fields->retenue_serveur,rl:platform_fields->retenue_levee,os:platform_fields->opla_sortie&user_id=eq.6b2057a9-ee51-4070-8732-9759d30fd521&action=in.(publish,republish,delete)&or=(handler_build.is.null,and(handler_build.not.ilike.*releve-annonces*,handler_build.not.ilike.*sync-dressing*))&or…	serveur-fonction-edge		53
2026-10-05 16:32:27.982	2026-10-05 18:32:27.982	GET	200	/rest/v1/cross_post_jobs	?select=id,action,status,created_at,handler_build,ps:platform_fields->>processing_since,naa:platform_fields->>next_action_after,os:platform_fields->opla_sortie&user_id=eq.6b2057a9-ee51-4070-8732-9759d30fd521&action=in.(publish,republish,delete)&status=in.(needs_user,failed,processing,pending)&or=(handler_build.is.null,and(handler_build.not.ilike.*releve-annonces*,handler_build.not.ilike.*sync-dres…	serveur-fonction-edge		64
2026-10-05 16:32:27.983	2026-10-05 18:32:27.983	GET	200	/rest/v1/usage_logs	?select=created_at,metadata&user_id=eq.6b2057a9-ee51-4070-8732-9759d30fd521&feature=eq.avis_demande&order=created_at.desc&limit=50	serveur-fonction-edge		54
2026-10-05 16:32:28.028	2026-10-05 18:32:28.028	POST	200	/rest/v1/rpc/quotas_etat		web-pc-chrome152	6b2057a9-ee51-4070-8732-9759d30fd521	41
2026-10-05 16:32:31.289	2026-10-05 18:32:31.289	GET	200	/auth/v1/user		serveur-fonction-edge	6b2057a9-ee51-4070-8732-9759d30fd521	49
2026-10-05 16:32:31.359	2026-10-05 18:32:31.359	GET	200	/rest/v1/profiles	?select=created_at,onboarded_at,is_premium,is_pro,is_business,is_comped&id=eq.6b2057a9-ee51-4070-8732-9759d30fd521	serveur-fonction-edge		67
2026-10-05 16:32:31.360	2026-10-05 18:32:31.360	GET	200	/rest/v1/usage_logs	?select=created_at&user_id=eq.6b2057a9-ee51-4070-8732-9759d30fd521&feature=eq.checkout_open&created_at=gte.2026-10-04T16:32:31.349Z&limit=5	serveur-fonction-edge		53
2026-10-05 16:32:31.360	2026-10-05 18:32:31.360	GET	200	/rest/v1/cross_post_jobs	?select=id,action,status,created_at,published_at,handler_build,pdr:platform_fields->pas_de_rouge,rs:platform_fields->retenue_serveur,rl:platform_fields->retenue_levee,os:platform_fields->opla_sortie&user_id=eq.6b2057a9-ee51-4070-8732-9759d30fd521&action=in.(publish,republish,delete)&or=(handler_build.is.null,and(handler_build.not.ilike.*releve-annonces*,handler_build.not.ilike.*sync-dressing*))&or…	serveur-fonction-edge		67
2026-10-05 16:32:31.361	2026-10-05 18:32:31.361	GET	200	/rest/v1/usage_logs	?select=created_at,metadata&user_id=eq.6b2057a9-ee51-4070-8732-9759d30fd521&feature=eq.avis_demande&order=created_at.desc&limit=50	serveur-fonction-edge		57
2026-10-05 16:32:31.361	2026-10-05 18:32:31.361	GET	200	/rest/v1/coin_ledger	?select=kind,created_at&user_id=eq.6b2057a9-ee51-4070-8732-9759d30fd521&kind=in.(grant_upgrade,purchase,grant_monthly)&created_at=gte.2026-10-04T16:32:31.349Z&limit=20	serveur-fonction-edge		60
2026-10-05 16:32:31.362	2026-10-05 18:32:31.362	GET	200	/rest/v1/cross_post_jobs	?select=id,action,status,created_at,handler_build,ps:platform_fields->>processing_since,naa:platform_fields->>next_action_after,os:platform_fields->opla_sortie&user_id=eq.6b2057a9-ee51-4070-8732-9759d30fd521&action=in.(publish,republish,delete)&status=in.(needs_user,failed,processing,pending)&or=(handler_build.is.null,and(handler_build.not.ilike.*releve-annonces*,handler_build.not.ilike.*sync-dres…	serveur-fonction-edge		65
2026-10-05 16:32:33.591	2026-10-05 18:32:33.591	OPTIONS	200	/rest/v1/profiles	?select=beta_flags&id=eq.6b2057a9-ee51-4070-8732-9759d30fd521	web-pc-chrome152		5
2026-10-05 16:32:33.593	2026-10-05 18:32:33.593	OPTIONS	200	/rest/v1/profiles	?select=extension_last_seen_at,extension_version&id=eq.6b2057a9-ee51-4070-8732-9759d30fd521	web-pc-chrome152		5
2026-10-05 16:32:37.190	2026-10-05 18:32:37.190	OPTIONS	200	/rest/v1/profiles	?select=extension_session_rejetee_at&id=eq.6b2057a9-ee51-4070-8732-9759d30fd521	web-pc-chrome152		0
2026-10-05 16:32:42.497	2026-10-05 18:32:42.497	POST	200	/rest/v1/rpc/quotas_etat		web-pc-chrome152	6b2057a9-ee51-4070-8732-9759d30fd521	46
2026-10-05 16:33:02.422	2026-10-05 18:33:02.422	OPTIONS	200	/rest/v1/vinted_sync_runs	?select=finished_at&user_id=eq.6b2057a9-ee51-4070-8732-9759d30fd521&platform=eq.opla&status=eq.done&kind=neq.connexion&finished_at=not.is.null&order=finished_at.desc&limit=1	web-pc-chrome152		5
2026-10-05 16:33:02.424	2026-10-05 18:33:02.424	OPTIONS	200	/rest/v1/vinted_sync_runs	?select=finished_at&user_id=eq.6b2057a9-ee51-4070-8732-9759d30fd521&platform=eq.opla&erreur=ilike.%accès+Opla+non+accordé%&finished_at=not.is.null&order=finished_at.desc&limit=1	web-pc-chrome152		5
2026-10-05 16:33:02.426	2026-10-05 18:33:02.426	OPTIONS	200	/rest/v1/cross_post_jobs	?select=published_at&user_id=eq.6b2057a9-ee51-4070-8732-9759d30fd521&platform=eq.opla&status=eq.published&published_at=not.is.null&or=(handler_build.is.null,handler_build.neq.releve-annonces)&order=published_at.desc&limit=1	web-pc-chrome152		4
2026-10-05 16:33:02.428	2026-10-05 18:33:02.428	OPTIONS	200	/rest/v1/vinted_sync_runs	?select=finished_at&user_id=eq.6b2057a9-ee51-4070-8732-9759d30fd521&platform=eq.opla&erreur=ilike.%session+Opla+refus%HTTP+401%&finished_at=not.is.null&order=finished_at.desc&limit=1	web-pc-chrome152		5
2026-10-05 16:33:34.251	2026-10-05 18:33:34.251	GET	200	/rest/v1/cross_post_jobs	?select=id,status,last_checked_at,sale_signal:platform_fields->>sale_signal,unavailable_since:platform_fields->>unavailable_since,pending_removal:platform_fields->>pending_removal,check_unresolved_since:platform_fields->>check_unresolved_since&user_id=eq.6b2057a9-ee51-4070-8732-9759d30fd521&order=created_at.desc&limit=80	web-pc-chrome152	6b2057a9-ee51-4070-8732-9759d30fd521	59
2026-10-05 16:33:35.435	2026-10-05 18:33:35.435	OPTIONS	200	/rest/v1/profiles	?select=extension_last_seen_at,extension_version&id=eq.6b2057a9-ee51-4070-8732-9759d30fd521	web-pc-chrome152		0
2026-10-05 16:33:35.445	2026-10-05 18:33:35.445	GET	200	/rest/v1/profiles	?select=platform_settings&id=eq.6b2057a9-ee51-4070-8732-9759d30fd521	web-pc-chrome152	6b2057a9-ee51-4070-8732-9759d30fd521	45
2026-10-05 16:33:50.875	2026-10-05 18:33:50.875	OPTIONS	200	/rest/v1/inventaire_doublons	?select=id,garde,absorbe,niveau,motif,preuves,created_at&user_id=eq.6b2057a9-ee51-4070-8732-9759d30fd521&statut=eq.proposee&order=created_at.desc&limit=200	web-pc-chrome152		10
2026-10-05 16:33:56.526	2026-10-05 18:33:56.526	OPTIONS	200	/rest/v1/inventaire_doublons	?select=id,garde,absorbe,niveau,motif,preuves,created_at&user_id=eq.6b2057a9-ee51-4070-8732-9759d30fd521&statut=eq.proposee&order=created_at.desc&limit=200	web-pc-chrome152		4
2026-10-05 16:34:03.030	2026-10-05 18:34:03.030	GET	200	/rest/v1/cross_post_jobs	?select=id,user_id,error,platform_fields&platform=eq.ebay&action=eq.publish&voie=eq.extension&status=eq.pending&user_id=in.(8b78a7ce-3816-49ee-8bb3-511d4f860491,f6a86c0d-d617-4a4a-8a8d-c30a07ac3233,c7dc5abb-18f5-4d5e-8b35-52c1cccc4816,53efea05-dc2d-4467-a8cd-c6fa52a47a61,1661c65c-83ab-43c6-8595-c68f207d1477,52ac8bfb-ed9b-4a55-a632-d71308a0f8da,f8b8bbad-01e4-4800-89b7-f4cf77f1c8df,3d9caa6d-bf05-4ba…	serveur-fonction-edge		13
2026-10-05 16:36:43.239	2026-10-05 18:36:43.239	GET	200	/rest/v1/ventes	?select=*&user_id=eq.6b2057a9-ee51-4070-8732-9759d30fd521&order=created_at.desc,id.desc&limit=3000	web-mobile-android	6b2057a9-ee51-4070-8732-9759d30fd521	52
2026-10-05 16:36:43.240	2026-10-05 18:36:43.240	GET	200	/rest/v1/inventaire	?select=*&user_id=eq.6b2057a9-ee51-4070-8732-9759d30fd521&fusionne_dans=is.null&order=created_at.desc,id.desc&limit=3000	web-mobile-android	6b2057a9-ee51-4070-8732-9759d30fd521	54
2026-10-05 16:36:43.241	2026-10-05 18:36:43.241	GET	200	/rest/v1/profiles	?select=is_premium,is_pro,is_business,is_comped,is_founder,apple_original_transaction_id,google_purchase_token,subscription_cancel_at_period_end,subscription_period_end,currency,username,platform_settings,extension_last_seen_at,extension_build,onboarded_at,ebay_voie_api&id=eq.6b2057a9-ee51-4070-8732-9759d30fd521	web-mobile-android	6b2057a9-ee51-4070-8732-9759d30fd521	50
2026-10-05 16:36:43.290	2026-10-05 18:36:43.290	GET	200	/rest/v1/lens_scans	?select=scan_id,statut,resultat,motif,photos,created_at&statut=in.(preparation,en_cours,termine)&created_at=gte.2026-10-05T14:36:43.223Z&order=created_at.desc&limit=1	web-mobile-android	6b2057a9-ee51-4070-8732-9759d30fd521	37
2026-10-05 16:36:43.447	2026-10-05 18:36:43.447	GET	200	/rest/v1/profiles	?select=plateformes_visibles&id=eq.6b2057a9-ee51-4070-8732-9759d30fd521	web-mobile-android	6b2057a9-ee51-4070-8732-9759d30fd521	35
2026-10-05 16:36:43.450	2026-10-05 18:36:43.450	GET	200	/rest/v1/cross_post_jobs	?select=inventaire_id&user_id=eq.6b2057a9-ee51-4070-8732-9759d30fd521&status=eq.needs_user&inventaire_id=not.is.null&limit=1000	web-mobile-android	6b2057a9-ee51-4070-8732-9759d30fd521	37
2026-10-05 16:36:43.453	2026-10-05 18:36:43.453	GET	200	/rest/v1/profiles	?select=extension_version&id=eq.6b2057a9-ee51-4070-8732-9759d30fd521	web-mobile-android	6b2057a9-ee51-4070-8732-9759d30fd521	42
2026-10-05 16:36:43.454	2026-10-05 18:36:43.454	GET	200	/rest/v1/coin_config	?select=key,value&key=in.(opla_ouvert,opla_extension_min)	web-mobile-android	6b2057a9-ee51-4070-8732-9759d30fd521	35
2026-10-05 16:36:43.456	2026-10-05 18:36:43.456	GET	200	/rest/v1/inventaire_fusions	?select=id,garde,absorbe,created_at,deplacements,champs_repris&user_id=eq.6b2057a9-ee51-4070-8732-9759d30fd521&defait_le=is.null&order=created_at.desc&limit=500	web-mobile-android	6b2057a9-ee51-4070-8732-9759d30fd521	40
2026-10-05 16:36:43.463	2026-10-05 18:36:43.463	GET	200	/rest/v1/cross_post_jobs	?select=id&user_id=eq.6b2057a9-ee51-4070-8732-9759d30fd521&handler_build=not.is.null&limit=1	web-mobile-android	6b2057a9-ee51-4070-8732-9759d30fd521	39
2026-10-05 16:36:43.464	2026-10-05 18:36:43.464	GET	200	/rest/v1/vinted_sync_runs	?select=id&user_id=eq.6b2057a9-ee51-4070-8732-9759d30fd521&extension_build=not.is.null&limit=1	web-mobile-android	6b2057a9-ee51-4070-8732-9759d30fd521	37
2026-10-05 16:36:43.467	2026-10-05 18:36:43.467	GET	200	/rest/v1/fiches_annonce	?select=inventaire_id&user_id=eq.6b2057a9-ee51-4070-8732-9759d30fd521&brouillon=eq.true&limit=200	web-mobile-android	6b2057a9-ee51-4070-8732-9759d30fd521	40
2026-10-05 16:36:43.565	2026-10-05 18:36:43.565	GET	200	/rest/v1/cross_post_jobs	?select=id,platform,title,inventaire_id,listing_url,platform_listing_id,platform_fields&user_id=eq.6b2057a9-ee51-4070-8732-9759d30fd521&status=eq.cancelled&action=in.(publish,republish)&platform_fields=cs.{"pending_removal":true}&platform_fields->>pending_removal_reporte_le=is.null	web-mobile-android	6b2057a9-ee51-4070-8732-9759d30fd521	37
2026-10-05 16:36:43.644	2026-10-05 18:36:43.644	GET	200	/rest/v1/cross_post_jobs	?select=id,platform,title,price,inventaire_id,listing_url,platform_fields&user_id=eq.6b2057a9-ee51-4070-8732-9759d30fd521&status=eq.published&action=in.(publish,republish)&platform_fields->>unavailable_since=not.is.null	web-mobile-android	6b2057a9-ee51-4070-8732-9759d30fd521	36
2026-10-05 16:36:43.747	2026-10-05 18:36:43.747	GET	200	/rest/v1/cross_post_jobs	?select=inventaire_id&user_id=eq.6b2057a9-ee51-4070-8732-9759d30fd521&action=eq.republish&status=in.(pending,processing,needs_user)&inventaire_id=not.is.null	web-mobile-android	6b2057a9-ee51-4070-8732-9759d30fd521	36
2026-10-05 16:36:43.749	2026-10-05 18:36:43.749	GET	200	/rest/v1/annonces_plateforme	?select=id,platform,listing_id,url,titre,prix,proposition&user_id=eq.6b2057a9-ee51-4070-8732-9759d30fd521&inventaire_id=is.null&ignoree_le=is.null&disparu_le=is.null&proposition=not.is.null&limit=200	web-mobile-android	6b2057a9-ee51-4070-8732-9759d30fd521	39
2026-10-05 16:36:43.887	2026-10-05 18:36:43.887	GET	200	/rest/v1/profiles	?select=voice_count_today,voice_count_date&id=eq.6b2057a9-ee51-4070-8732-9759d30fd521	web-mobile-android	6b2057a9-ee51-4070-8732-9759d30fd521	41
2026-10-05 16:36:43.961	2026-10-05 18:36:43.961	POST	200	/rest/v1/rpc/quotas_etat		web-mobile-android	6b2057a9-ee51-4070-8732-9759d30fd521	45
2026-10-05 16:38:04.184	2026-10-05 18:38:04.184	GET	200	/rest/v1/profiles	?select=id&ebay_voie_api=eq.true&id=in.(c7dc5abb-18f5-4d5e-8b35-52c1cccc4816,42eab075-66f2-49de-8e44-212377cfaf41,2eec0ad9-784e-419f-ad00-0df1fbfbb457,90739125-8f1c-4d26-a4a5-048eed4b1c0f,53efea05-dc2d-4467-a8cd-c6fa52a47a61,b20fb960-7826-4bab-b107-a388d9824009,577dce4b-0a9d-465d-8993-bab4dddba9cb,bfce1264-4aac-49e9-b2fe-3c4706a8e449,f6a86c0d-d617-4a4a-8a8d-c30a07ac3233,3fd46214-cd67-44c5-b05e-8da…	serveur-fonction-edge		12
2026-10-05 16:38:04.208	2026-10-05 18:38:04.208	GET	200	/rest/v1/cross_post_jobs	?select=id,user_id,error,platform_fields&platform=eq.ebay&action=eq.publish&voie=eq.extension&status=eq.pending&user_id=in.(8b78a7ce-3816-49ee-8bb3-511d4f860491,f6a86c0d-d617-4a4a-8a8d-c30a07ac3233,c7dc5abb-18f5-4d5e-8b35-52c1cccc4816,53efea05-dc2d-4467-a8cd-c6fa52a47a61,1661c65c-83ab-43c6-8595-c68f207d1477,52ac8bfb-ed9b-4a55-a632-d71308a0f8da,f8b8bbad-01e4-4800-89b7-f4cf77f1c8df,3d9caa6d-bf05-4ba…	serveur-fonction-edge		14
2026-10-05 16:40:01.097	2026-10-05 18:40:01.097	GET	200	/rest/v1/vinted_sync_runs	?select=user_id,status,finished_at,queued_at&kind=eq.annonces&platform=eq.ebay&user_id=in.(c7dc5abb-18f5-4d5e-8b35-52c1cccc4816,42eab075-66f2-49de-8e44-212377cfaf41,90739125-8f1c-4d26-a4a5-048eed4b1c0f,53efea05-dc2d-4467-a8cd-c6fa52a47a61,b20fb960-7826-4bab-b107-a388d9824009,6c2ad0d7-a39a-4fee-acc6-46603874e42a,282b9f80-7c8e-4d79-8310-bf5817df8b67,3c1229b3-b059-4861-a91a-e19a02532f6d,cdf7007c-c98c…	serveur-fonction-edge		18
2026-10-05 16:40:01.349	2026-10-05 18:40:01.349	GET	200	/rest/v1/ebay_accounts	?select=*&user_id=eq.6b2057a9-ee51-4070-8732-9759d30fd521	serveur-fonction-edge		16
2026-10-05 16:40:02.109	2026-10-05 18:40:02.109	GET	200	/rest/v1/annonces_plateforme	?select=listing_id,donnees_index_le&user_id=eq.6b2057a9-ee51-4070-8732-9759d30fd521&platform=eq.ebay&listing_id=in.(860005584609,860006858709,860006877879,860007812400,860007826960)	serveur-fonction-edge		18
2026-10-05 16:40:02.783	2026-10-05 18:40:02.783	PATCH	204	/rest/v1/annonces_plateforme	?user_id=eq.6b2057a9-ee51-4070-8732-9759d30fd521&platform=eq.ebay&listing_id=eq.860007826960	serveur-fonction-edge		10
2026-10-05 16:40:04.414	2026-10-05 18:40:04.414	GET	200	/rest/v1/profiles	?select=id&ebay_voie_api=eq.true&id=in.(c7dc5abb-18f5-4d5e-8b35-52c1cccc4816,42eab075-66f2-49de-8e44-212377cfaf41,2eec0ad9-784e-419f-ad00-0df1fbfbb457,90739125-8f1c-4d26-a4a5-048eed4b1c0f,53efea05-dc2d-4467-a8cd-c6fa52a47a61,b20fb960-7826-4bab-b107-a388d9824009,577dce4b-0a9d-465d-8993-bab4dddba9cb,bfce1264-4aac-49e9-b2fe-3c4706a8e449,f6a86c0d-d617-4a4a-8a8d-c30a07ac3233,3fd46214-cd67-44c5-b05e-8da…	serveur-fonction-edge		12
2026-10-05 16:40:04.438	2026-10-05 18:40:04.438	GET	200	/rest/v1/cross_post_jobs	?select=id,user_id,error,platform_fields&platform=eq.ebay&action=eq.publish&voie=eq.extension&status=eq.pending&user_id=in.(8b78a7ce-3816-49ee-8bb3-511d4f860491,f6a86c0d-d617-4a4a-8a8d-c30a07ac3233,c7dc5abb-18f5-4d5e-8b35-52c1cccc4816,53efea05-dc2d-4467-a8cd-c6fa52a47a61,1661c65c-83ab-43c6-8595-c68f207d1477,52ac8bfb-ed9b-4a55-a632-d71308a0f8da,f8b8bbad-01e4-4800-89b7-f4cf77f1c8df,3d9caa6d-bf05-4ba…	serveur-fonction-edge		12
2026-10-05 16:40:05.491	2026-10-05 18:40:05.491	PATCH	204	/rest/v1/annonces_plateforme	?user_id=eq.6b2057a9-ee51-4070-8732-9759d30fd521&platform=eq.ebay&listing_id=eq.860005584609	serveur-fonction-edge		33
2026-10-05 16:40:06.172	2026-10-05 18:40:06.172	GET	200	/rest/v1/ebay_accounts	?select=user_id&revoked_at=is.null&user_id=eq.6b2057a9-ee51-4070-8732-9759d30fd521&limit=200	serveur-fonction-edge		37
2026-10-05 16:40:06.234	2026-10-05 18:40:06.234	GET	200	/rest/v1/ebay_accounts	?select=*&user_id=eq.6b2057a9-ee51-4070-8732-9759d30fd521	serveur-fonction-edge		18
2026-10-05 16:40:06.274	2026-10-05 18:40:06.274	GET	200	/rest/v1/ventes	?select=vendu_le&user_id=eq.6b2057a9-ee51-4070-8732-9759d30fd521&plateforme_code=eq.ebay&vendu_le=not.is.null&order=vendu_le.desc&limit=1	serveur-fonction-edge		10
2026-10-05 16:42:03.597	2026-10-05 18:42:03.597	POST	200	/storage/v1/object/listing-photos/6b2057a9-ee51-4070-8732-9759d30fd521/rapatrie-fiche/1791218520315/1791218520950_0.jpg		serveur-fonction-edge		298
2026-10-05 16:42:04.149	2026-10-05 18:42:04.149	POST	200	/storage/v1/object/listing-photos/6b2057a9-ee51-4070-8732-9759d30fd521/rapatrie-fiche/1791218520315/1791218520950_1.jpg		serveur-fonction-edge		74
2026-10-05 16:42:04.462	2026-10-05 18:42:04.462	POST	200	/storage/v1/object/listing-photos/6b2057a9-ee51-4070-8732-9759d30fd521/rapatrie-fiche/1791218520315/1791218520950_2.jpg		serveur-fonction-edge		70
2026-10-05 16:42:04.889	2026-10-05 18:42:04.889	PATCH	204	/rest/v1/inventaire	?id=eq.1791218520315&user_id=eq.6b2057a9-ee51-4070-8732-9759d30fd521	serveur-fonction-edge		11
2026-10-05 16:42:05.154	2026-10-05 18:42:05.154	POST	200	/storage/v1/object/listing-photos/6b2057a9-ee51-4070-8732-9759d30fd521/rapatrie-fiche/1791218520395/1791218520950_0.jpg		serveur-fonction-edge		80
2026-10-05 16:42:05.497	2026-10-05 18:42:05.497	POST	200	/storage/v1/object/listing-photos/6b2057a9-ee51-4070-8732-9759d30fd521/rapatrie-fiche/1791218520395/1791218520950_1.jpg		serveur-fonction-edge		397
2026-10-05 16:42:06.447	2026-10-05 18:42:06.447	POST	200	/storage/v1/object/listing-photos/6b2057a9-ee51-4070-8732-9759d30fd521/rapatrie-fiche/1791218520395/1791218520950_3.jpg		serveur-fonction-edge		82
2026-10-05 16:42:06.542	2026-10-05 18:42:06.542	PATCH	204	/rest/v1/inventaire	?id=eq.1791218520395&user_id=eq.6b2057a9-ee51-4070-8732-9759d30fd521	serveur-fonction-edge		10
2026-10-05 16:42:06.564	2026-10-05 18:42:06.564	PATCH	204	/rest/v1/inventaire	?id=eq.1791218520395&user_id=eq.6b2057a9-ee51-4070-8732-9759d30fd521	serveur-fonction-edge		14
2026-10-05 16:42:06.865	2026-10-05 18:42:06.865	POST	200	/storage/v1/object/listing-photos/6b2057a9-ee51-4070-8732-9759d30fd521/rapatrie-fiche/1791218520423/1791218520950_0.jpg		serveur-fonction-edge		80
2026-10-05 16:42:07.705	2026-10-05 18:42:07.705	GET	200	/rest/v1/profiles	?select=id&ebay_voie_api=eq.true&id=in.(c7dc5abb-18f5-4d5e-8b35-52c1cccc4816,42eab075-66f2-49de-8e44-212377cfaf41,2eec0ad9-784e-419f-ad00-0df1fbfbb457,90739125-8f1c-4d26-a4a5-048eed4b1c0f,53efea05-dc2d-4467-a8cd-c6fa52a47a61,b20fb960-7826-4bab-b107-a388d9824009,577dce4b-0a9d-465d-8993-bab4dddba9cb,bfce1264-4aac-49e9-b2fe-3c4706a8e449,f6a86c0d-d617-4a4a-8a8d-c30a07ac3233,3fd46214-cd67-44c5-b05e-8da…	serveur-fonction-edge		12
2026-10-05 16:42:07.730	2026-10-05 18:42:07.730	GET	200	/rest/v1/cross_post_jobs	?select=id,user_id,error,platform_fields&platform=eq.ebay&action=eq.publish&voie=eq.extension&status=eq.pending&user_id=in.(8b78a7ce-3816-49ee-8bb3-511d4f860491,f6a86c0d-d617-4a4a-8a8d-c30a07ac3233,c7dc5abb-18f5-4d5e-8b35-52c1cccc4816,53efea05-dc2d-4467-a8cd-c6fa52a47a61,1661c65c-83ab-43c6-8595-c68f207d1477,52ac8bfb-ed9b-4a55-a632-d71308a0f8da,f8b8bbad-01e4-4800-89b7-f4cf77f1c8df,3d9caa6d-bf05-4ba…	serveur-fonction-edge		12
2026-10-05 16:42:07.959	2026-10-05 18:42:07.959	POST	200	/storage/v1/object/listing-photos/6b2057a9-ee51-4070-8732-9759d30fd521/rapatrie-fiche/1791218520423/1791218520950_3.jpg		serveur-fonction-edge		80
2026-10-05 16:42:08.280	2026-10-05 18:42:08.280	POST	200	/storage/v1/object/listing-photos/6b2057a9-ee51-4070-8732-9759d30fd521/rapatrie-fiche/1791218520423/1791218520950_4.jpg		serveur-fonction-edge		80
2026-10-05 16:42:08.370	2026-10-05 18:42:08.370	PATCH	204	/rest/v1/inventaire	?id=eq.1791218520423&user_id=eq.6b2057a9-ee51-4070-8732-9759d30fd521	serveur-fonction-edge		21
2026-10-05 16:42:08.401	2026-10-05 18:42:08.401	PATCH	204	/rest/v1/inventaire	?id=eq.1791218520423&user_id=eq.6b2057a9-ee51-4070-8732-9759d30fd521	serveur-fonction-edge		17
2026-10-05 16:42:08.666	2026-10-05 18:42:08.666	POST	200	/storage/v1/object/listing-photos/6b2057a9-ee51-4070-8732-9759d30fd521/rapatrie-fiche/1791218520472/1791218520950_0.jpg		serveur-fonction-edge		87
2026-10-05 16:42:08.992	2026-10-05 18:42:08.992	POST	200	/storage/v1/object/listing-photos/6b2057a9-ee51-4070-8732-9759d30fd521/rapatrie-fiche/1791218520472/1791218520950_1.jpg		serveur-fonction-edge		71
2026-10-05 16:42:09.597	2026-10-05 18:42:09.597	POST	200	/storage/v1/object/listing-photos/6b2057a9-ee51-4070-8732-9759d30fd521/rapatrie-fiche/1791218520472/1791218520950_3.jpg		serveur-fonction-edge		109
2026-10-05 16:42:09.946	2026-10-05 18:42:09.946	POST	200	/storage/v1/object/listing-photos/6b2057a9-ee51-4070-8732-9759d30fd521/rapatrie-fiche/1791218520472/1791218520950_4.jpg		serveur-fonction-edge		144
2026-10-05 16:42:10.099	2026-10-05 18:42:10.099	PATCH	204	/rest/v1/inventaire	?id=eq.1791218520472&user_id=eq.6b2057a9-ee51-4070-8732-9759d30fd521	serveur-fonction-edge		20
2026-10-05 16:42:10.131	2026-10-05 18:42:10.131	PATCH	204	/rest/v1/inventaire	?id=eq.1791218520472&user_id=eq.6b2057a9-ee51-4070-8732-9759d30fd521	serveur-fonction-edge		13
2026-10-05 16:42:10.394	2026-10-05 18:42:10.394	POST	200	/storage/v1/object/listing-photos/6b2057a9-ee51-4070-8732-9759d30fd521/rapatrie-fiche/1791218520498/1791218520950_0.jpg		serveur-fonction-edge		77
2026-10-05 16:42:10.711	2026-10-05 18:42:10.711	POST	200	/storage/v1/object/listing-photos/6b2057a9-ee51-4070-8732-9759d30fd521/rapatrie-fiche/1791218520498/1791218520950_1.jpg		serveur-fonction-edge		356
2026-10-05 16:42:11.324	2026-10-05 18:42:11.324	POST	200	/storage/v1/object/listing-photos/6b2057a9-ee51-4070-8732-9759d30fd521/rapatrie-fiche/1791218520498/1791218520950_2.jpg		serveur-fonction-edge		82
2026-10-05 16:42:11.683	2026-10-05 18:42:11.683	POST	200	/storage/v1/object/listing-photos/6b2057a9-ee51-4070-8732-9759d30fd521/rapatrie-fiche/1791218520498/1791218520950_3.jpg		serveur-fonction-edge		584
2026-10-05 16:42:12.307	2026-10-05 18:42:12.307	PATCH	204	/rest/v1/inventaire	?id=eq.1791218520498&user_id=eq.6b2057a9-ee51-4070-8732-9759d30fd521	serveur-fonction-edge		15
2026-10-05 16:43:00.458	2026-10-05 18:43:00.458	GET	200	/rest/v1/photo_empreintes	?select=url&url=in.(https://tojihnuawsoohlolangc.supabase.co/storage/v1/object/public/listing-photos/6b2057a9-ee51-4070-8732-9759d30fd521/rapatrie-fiche/1791218520498/1791218520950_0.jpg)	serveur-fonction-edge		24
2026-10-05 16:43:00.506	2026-10-05 18:43:00.506	GET	200	/storage/v1/render/image/public/listing-photos/6b2057a9-ee51-4070-8732-9759d30fd521/rapatrie-fiche/1791218520498/1791218520950_0.jpg	?width=400&height=400&resize=contain&quality=80	serveur-fonction-edge		242
2026-10-05 16:43:00.666	2026-10-05 18:43:00.666	GET	200	/rest/v1/photo_empreintes	?select=url&url=in.(https://tojihnuawsoohlolangc.supabase.co/storage/v1/object/public/listing-photos/6b2057a9-ee51-4070-8732-9759d30fd521/rapatrie-fiche/1791218520315/1791218520950_0.jpg,https://tojihnuawsoohlolangc.supabase.co/storage/v1/object/public/listing-photos/6b2057a9-ee51-4070-8732-9759d30fd521/rapatrie-fiche/1791218520395/1791218520950_0.jpg,https://tojihnuawsoohlolangc.supabase.co/stora…	serveur-fonction-edge		16
2026-10-05 16:43:00.704	2026-10-05 18:43:00.704	GET	200	/storage/v1/render/image/public/listing-photos/6b2057a9-ee51-4070-8732-9759d30fd521/rapatrie-fiche/1791218520315/1791218520950_0.jpg	?width=400&height=400&resize=contain&quality=80	serveur-fonction-edge		320
2026-10-05 16:43:01.379	2026-10-05 18:43:01.379	GET	200	/storage/v1/render/image/public/listing-photos/6b2057a9-ee51-4070-8732-9759d30fd521/rapatrie-fiche/1791218520395/1791218520950_0.jpg	?width=400&height=400&resize=contain&quality=80	serveur-fonction-edge		318
2026-10-05 16:43:01.762	2026-10-05 18:43:01.762	GET	200	/storage/v1/render/image/public/listing-photos/6b2057a9-ee51-4070-8732-9759d30fd521/rapatrie-fiche/1791218520423/1791218520950_0.jpg	?width=400&height=400&resize=contain&quality=80	serveur-fonction-edge		1241
2026-10-05 16:43:03.070	2026-10-05 18:43:03.070	GET	200	/storage/v1/render/image/public/listing-photos/6b2057a9-ee51-4070-8732-9759d30fd521/rapatrie-fiche/1791218520472/1791218520950_0.jpg	?width=400&height=400&resize=contain&quality=80	serveur-fonction-edge		245
2026-10-05 16:44:03.726	2026-10-05 18:44:03.726	GET	200	/rest/v1/profiles	?select=id&ebay_voie_api=eq.true&id=in.(c7dc5abb-18f5-4d5e-8b35-52c1cccc4816,42eab075-66f2-49de-8e44-212377cfaf41,2eec0ad9-784e-419f-ad00-0df1fbfbb457,90739125-8f1c-4d26-a4a5-048eed4b1c0f,53efea05-dc2d-4467-a8cd-c6fa52a47a61,b20fb960-7826-4bab-b107-a388d9824009,577dce4b-0a9d-465d-8993-bab4dddba9cb,bfce1264-4aac-49e9-b2fe-3c4706a8e449,f6a86c0d-d617-4a4a-8a8d-c30a07ac3233,3fd46214-cd67-44c5-b05e-8da…	serveur-fonction-edge		11
2026-10-05 16:44:03.748	2026-10-05 18:44:03.748	GET	200	/rest/v1/cross_post_jobs	?select=id,user_id,error,platform_fields&platform=eq.ebay&action=eq.publish&voie=eq.extension&status=eq.pending&user_id=in.(8b78a7ce-3816-49ee-8bb3-511d4f860491,f6a86c0d-d617-4a4a-8a8d-c30a07ac3233,c7dc5abb-18f5-4d5e-8b35-52c1cccc4816,53efea05-dc2d-4467-a8cd-c6fa52a47a61,1661c65c-83ab-43c6-8595-c68f207d1477,52ac8bfb-ed9b-4a55-a632-d71308a0f8da,f8b8bbad-01e4-4800-89b7-f4cf77f1c8df,3d9caa6d-bf05-4ba…	serveur-fonction-edge		14
2026-10-05 16:46:02.599	2026-10-05 18:46:02.599	GET	200	/rest/v1/profiles	?select=id&ebay_voie_api=eq.true&id=in.(c7dc5abb-18f5-4d5e-8b35-52c1cccc4816,42eab075-66f2-49de-8e44-212377cfaf41,2eec0ad9-784e-419f-ad00-0df1fbfbb457,90739125-8f1c-4d26-a4a5-048eed4b1c0f,53efea05-dc2d-4467-a8cd-c6fa52a47a61,b20fb960-7826-4bab-b107-a388d9824009,577dce4b-0a9d-465d-8993-bab4dddba9cb,bfce1264-4aac-49e9-b2fe-3c4706a8e449,f6a86c0d-d617-4a4a-8a8d-c30a07ac3233,3fd46214-cd67-44c5-b05e-8da…	serveur-fonction-edge		24
2026-10-05 16:46:02.667	2026-10-05 18:46:02.667	GET	200	/rest/v1/cross_post_jobs	?select=id,user_id,error,platform_fields&platform=eq.ebay&action=eq.publish&voie=eq.extension&status=eq.pending&user_id=in.(8b78a7ce-3816-49ee-8bb3-511d4f860491,f6a86c0d-d617-4a4a-8a8d-c30a07ac3233,c7dc5abb-18f5-4d5e-8b35-52c1cccc4816,53efea05-dc2d-4467-a8cd-c6fa52a47a61,1661c65c-83ab-43c6-8595-c68f207d1477,52ac8bfb-ed9b-4a55-a632-d71308a0f8da,f8b8bbad-01e4-4800-89b7-f4cf77f1c8df,3d9caa6d-bf05-4ba…	serveur-fonction-edge		12
2026-10-05 16:47:13.008	2026-10-05 18:47:13.008	GET	200	/auth/v1/user		serveur-fonction-edge	6b2057a9-ee51-4070-8732-9759d30fd521	47
2026-10-05 16:47:13.129	2026-10-05 18:47:13.129	PATCH	204	/rest/v1/profiles	?id=eq.6b2057a9-ee51-4070-8732-9759d30fd521	serveur-fonction-edge		47
2026-10-05 16:47:16.427	2026-10-05 18:47:16.427	OPTIONS	200	/rest/v1/inventaire	?select=*&user_id=eq.6b2057a9-ee51-4070-8732-9759d30fd521&fusionne_dans=is.null&order=created_at.desc,id.desc&limit=3000	web-pc-chrome154		23
2026-10-05 16:47:16.428	2026-10-05 18:47:16.428	OPTIONS	200	/rest/v1/profiles	?select=vinted_sync_pin&id=eq.6b2057a9-ee51-4070-8732-9759d30fd521	web-pc-chrome154		26
2026-10-05 16:47:16.429	2026-10-05 18:47:16.429	OPTIONS	200	/rest/v1/ventes	?select=*&user_id=eq.6b2057a9-ee51-4070-8732-9759d30fd521&order=created_at.desc,id.desc&limit=3000	web-pc-chrome154		24
2026-10-05 16:47:16.430	2026-10-05 18:47:16.430	OPTIONS	200	/rest/v1/profiles	?select=is_premium,is_pro,is_business,is_comped,is_founder,apple_original_transaction_id,google_purchase_token,subscription_cancel_at_period_end,subscription_period_end,currency,username,platform_settings,extension_last_seen_at,extension_build,onboarded_at,ebay_voie_api&id=eq.6b2057a9-ee51-4070-8732-9759d30fd521	web-pc-chrome154		26
2026-10-05 16:47:16.431	2026-10-05 18:47:16.431	OPTIONS	200	/rest/v1/vinted_sync_runs	?select=id&user_id=eq.6b2057a9-ee51-4070-8732-9759d30fd521&platform=eq.opla&kind=eq.annonces&status=eq.done&limit=1	web-pc-chrome154		24
2026-10-05 16:47:17.004	2026-10-05 18:47:17.004	OPTIONS	200	/rest/v1/cross_post_jobs	?select=id&user_id=eq.6b2057a9-ee51-4070-8732-9759d30fd521&platform=eq.opla&status=in.(published,sold)&limit=1	web-pc-chrome154		0
2026-10-05 16:47:17.005	2026-10-05 18:47:17.005	OPTIONS	200	/rest/v1/usage_logs	?select=id&user_id=eq.6b2057a9-ee51-4070-8732-9759d30fd521&feature=eq.opla_bandeau&limit=1	web-pc-chrome154		0
2026-10-05 16:47:25.566	2026-10-05 18:47:25.566	OPTIONS	200	/rest/v1/cross_post_jobs	?select=id,status,last_checked_at,sale_signal:platform_fields->>sale_signal,unavailable_since:platform_fields->>unavailable_since,pending_removal:platform_fields->>pending_removal,check_unresolved_since:platform_fields->>check_unresolved_since&user_id=eq.6b2057a9-ee51-4070-8732-9759d30fd521&order=created_at.desc&limit=80	web-pc-chrome154		6
2026-10-05 16:47:25.566	2026-10-05 18:47:25.566	OPTIONS	200	/rest/v1/profiles	?select=is_premium,is_pro,is_business,is_comped,is_founder,apple_original_transaction_id,google_purchase_token,subscription_cancel_at_period_end,subscription_period_end,currency,username,platform_settings,extension_last_seen_at,extension_build,onboarded_at,ebay_voie_api&id=eq.6b2057a9-ee51-4070-8732-9759d30fd521	web-pc-chrome154		11
2026-10-05 16:47:25.568	2026-10-05 18:47:25.568	OPTIONS	200	/rest/v1/profiles	?select=platform_settings&id=eq.6b2057a9-ee51-4070-8732-9759d30fd521	web-pc-chrome154		14
2026-10-05 16:47:25.568	2026-10-05 18:47:25.568	OPTIONS	200	/rest/v1/ventes	?select=*&user_id=eq.6b2057a9-ee51-4070-8732-9759d30fd521&order=created_at.desc,id.desc&limit=3000	web-pc-chrome154		11
2026-10-05 16:47:25.568	2026-10-05 18:47:25.568	OPTIONS	200	/rest/v1/profiles	?id=eq.6b2057a9-ee51-4070-8732-9759d30fd521	web-pc-chrome154		11
2026-10-05 16:47:25.570	2026-10-05 18:47:25.570	OPTIONS	200	/rest/v1/inventaire	?select=*&user_id=eq.6b2057a9-ee51-4070-8732-9759d30fd521&fusionne_dans=is.null&order=created_at.desc,id.desc&limit=3000	web-pc-chrome154		11
2026-10-05 16:47:25.571	2026-10-05 18:47:25.571	OPTIONS	200	/rest/v1/fiches_annonce	?select=inventaire_id&user_id=eq.6b2057a9-ee51-4070-8732-9759d30fd521&brouillon=eq.true&limit=200	web-pc-chrome154		8
2026-10-05 16:47:26.182	2026-10-05 18:47:26.182	GET	200	/rest/v1/inventaire	?select=*&user_id=eq.6b2057a9-ee51-4070-8732-9759d30fd521&fusionne_dans=is.null&order=created_at.desc,id.desc&limit=3000	web-pc-chrome154	6b2057a9-ee51-4070-8732-9759d30fd521	43
2026-10-05 16:47:26.183	2026-10-05 18:47:26.183	GET	200	/rest/v1/profiles	?select=vinted_sync_pin&id=eq.6b2057a9-ee51-4070-8732-9759d30fd521	web-pc-chrome154	6b2057a9-ee51-4070-8732-9759d30fd521	47
2026-10-05 16:47:26.183	2026-10-05 18:47:26.183	GET	200	/rest/v1/ventes	?select=*&user_id=eq.6b2057a9-ee51-4070-8732-9759d30fd521&order=created_at.desc,id.desc&limit=3000	web-pc-chrome154	6b2057a9-ee51-4070-8732-9759d30fd521	44
2026-10-05 16:47:26.185	2026-10-05 18:47:26.185	GET	200	/rest/v1/vinted_sync_runs	?select=id&user_id=eq.6b2057a9-ee51-4070-8732-9759d30fd521&platform=eq.opla&kind=eq.annonces&status=eq.done&limit=1	web-pc-chrome154	6b2057a9-ee51-4070-8732-9759d30fd521	51
2026-10-05 16:47:26.188	2026-10-05 18:47:26.188	GET	200	/rest/v1/profiles	?select=is_premium,is_pro,is_business,is_comped,is_founder,apple_original_transaction_id,google_purchase_token,subscription_cancel_at_period_end,subscription_period_end,currency,username,platform_settings,extension_last_seen_at,extension_build,onboarded_at,ebay_voie_api&id=eq.6b2057a9-ee51-4070-8732-9759d30fd521	web-pc-chrome154	6b2057a9-ee51-4070-8732-9759d30fd521	51
2026-10-05 16:47:26.190	2026-10-05 18:47:26.190	GET	200	/rest/v1/coin_config	?select=value&key=eq.opla_sortie_le	web-pc-chrome154	6b2057a9-ee51-4070-8732-9759d30fd521	49
2026-10-05 16:47:26.191	2026-10-05 18:47:26.191	GET	200	/rest/v1/usage_logs	?select=id&user_id=eq.6b2057a9-ee51-4070-8732-9759d30fd521&feature=eq.opla_bandeau&limit=1	web-pc-chrome154	6b2057a9-ee51-4070-8732-9759d30fd521	48
2026-10-05 16:47:26.192	2026-10-05 18:47:26.192	GET	200	/rest/v1/lens_scans	?select=scan_id,statut,resultat,motif,photos,created_at&statut=in.(preparation,en_cours,termine)&created_at=gte.2026-10-05T14:46:43.410Z&order=created_at.desc&limit=1	web-pc-chrome154	6b2057a9-ee51-4070-8732-9759d30fd521	45
2026-10-05 16:47:26.194	2026-10-05 18:47:26.194	GET	200	/rest/v1/cross_post_jobs	?select=id&user_id=eq.6b2057a9-ee51-4070-8732-9759d30fd521&platform=eq.opla&status=in.(published,sold)&limit=1	web-pc-chrome154	6b2057a9-ee51-4070-8732-9759d30fd521	36
2026-10-05 16:47:26.974	2026-10-05 18:47:26.974	GET	200	/rest/v1/cross_post_jobs	?select=id,status,last_checked_at,sale_signal:platform_fields->>sale_signal,unavailable_since:platform_fields->>unavailable_since,pending_removal:platform_fields->>pending_removal,check_unresolved_since:platform_fields->>check_unresolved_since&user_id=eq.6b2057a9-ee51-4070-8732-9759d30fd521&order=created_at.desc&limit=80	web-pc-chrome154	6b2057a9-ee51-4070-8732-9759d30fd521	37
2026-10-05 16:47:26.976	2026-10-05 18:47:26.976	PATCH	403	/rest/v1/profiles	?id=eq.6b2057a9-ee51-4070-8732-9759d30fd521	web-pc-chrome154	6b2057a9-ee51-4070-8732-9759d30fd521	34
2026-10-05 16:47:26.978	2026-10-05 18:47:26.978	GET	200	/rest/v1/profiles	?select=platform_settings&id=eq.6b2057a9-ee51-4070-8732-9759d30fd521	web-pc-chrome154	6b2057a9-ee51-4070-8732-9759d30fd521	37
2026-10-05 16:47:26.980	2026-10-05 18:47:26.980	GET	200	/rest/v1/fiches_annonce	?select=inventaire_id&user_id=eq.6b2057a9-ee51-4070-8732-9759d30fd521&brouillon=eq.true&limit=200	web-pc-chrome154	6b2057a9-ee51-4070-8732-9759d30fd521	36
2026-10-05 16:47:27.608	2026-10-05 18:47:27.608	GET	200	/rest/v1/inventaire	?select=*&user_id=eq.6b2057a9-ee51-4070-8732-9759d30fd521&fusionne_dans=is.null&order=created_at.desc,id.desc&limit=3000	web-pc-chrome154	6b2057a9-ee51-4070-8732-9759d30fd521	47
2026-10-05 16:47:27.609	2026-10-05 18:47:27.609	GET	200	/rest/v1/ventes	?select=*&user_id=eq.6b2057a9-ee51-4070-8732-9759d30fd521&order=created_at.desc,id.desc&limit=3000	web-pc-chrome154	6b2057a9-ee51-4070-8732-9759d30fd521	44
2026-10-05 16:47:27.612	2026-10-05 18:47:27.612	GET	200	/rest/v1/profiles	?select=is_premium,is_pro,is_business,is_comped,is_founder,apple_original_transaction_id,google_purchase_token,subscription_cancel_at_period_end,subscription_period_end,currency,username,platform_settings,extension_last_seen_at,extension_build,onboarded_at,ebay_voie_api&id=eq.6b2057a9-ee51-4070-8732-9759d30fd521	web-pc-chrome154	6b2057a9-ee51-4070-8732-9759d30fd521	45
2026-10-05 16:47:27.642	2026-10-05 18:47:27.642	OPTIONS	200	/rest/v1/profiles	?select=plateformes_visibles&id=eq.6b2057a9-ee51-4070-8732-9759d30fd521	web-pc-chrome154		0
2026-10-05 16:47:27.643	2026-10-05 18:47:27.643	OPTIONS	200	/rest/v1/profiles	?select=extension_version&id=eq.6b2057a9-ee51-4070-8732-9759d30fd521	web-pc-chrome154		0
2026-10-05 16:47:27.648	2026-10-05 18:47:27.648	OPTIONS	200	/rest/v1/cross_post_jobs	?select=inventaire_id&user_id=eq.6b2057a9-ee51-4070-8732-9759d30fd521&status=eq.needs_user&inventaire_id=not.is.null&limit=1000	web-pc-chrome154		0
2026-10-05 16:47:27.649	2026-10-05 18:47:27.649	OPTIONS	200	/rest/v1/cross_post_jobs	?select=id&user_id=eq.6b2057a9-ee51-4070-8732-9759d30fd521&handler_build=not.is.null&limit=1	web-pc-chrome154		0
2026-10-05 16:47:27.649	2026-10-05 18:47:27.649	OPTIONS	200	/rest/v1/inventaire_fusions	?select=id,garde,absorbe,created_at,deplacements,champs_repris&user_id=eq.6b2057a9-ee51-4070-8732-9759d30fd521&defait_le=is.null&order=created_at.desc&limit=500	web-pc-chrome154		0
2026-10-05 16:47:27.652	2026-10-05 18:47:27.652	OPTIONS	200	/rest/v1/vinted_sync_runs	?select=id&user_id=eq.6b2057a9-ee51-4070-8732-9759d30fd521&extension_build=not.is.null&limit=1	web-pc-chrome154		0
2026-10-05 16:47:27.652	2026-10-05 18:47:27.652	GET	200	/rest/v1/fiches_annonce	?select=inventaire_id&user_id=eq.6b2057a9-ee51-4070-8732-9759d30fd521&brouillon=eq.true&limit=200	web-pc-chrome154	6b2057a9-ee51-4070-8732-9759d30fd521	44
2026-10-05 16:47:27.696	2026-10-05 18:47:27.696	GET	200	/rest/v1/coin_config	?select=key,value&key=in.(opla_ouvert,opla_extension_min)	web-pc-chrome154	6b2057a9-ee51-4070-8732-9759d30fd521	32
2026-10-05 16:47:27.700	2026-10-05 18:47:27.700	GET	200	/rest/v1/profiles	?select=plateformes_visibles&id=eq.6b2057a9-ee51-4070-8732-9759d30fd521	web-pc-chrome154	6b2057a9-ee51-4070-8732-9759d30fd521	38
2026-10-05 16:47:27.706	2026-10-05 18:47:27.706	GET	200	/rest/v1/cross_post_jobs	?select=id&user_id=eq.6b2057a9-ee51-4070-8732-9759d30fd521&handler_build=not.is.null&limit=1	web-pc-chrome154	6b2057a9-ee51-4070-8732-9759d30fd521	35
2026-10-05 16:47:27.706	2026-10-05 18:47:27.706	GET	200	/rest/v1/cross_post_jobs	?select=inventaire_id&user_id=eq.6b2057a9-ee51-4070-8732-9759d30fd521&status=eq.needs_user&inventaire_id=not.is.null&limit=1000	web-pc-chrome154	6b2057a9-ee51-4070-8732-9759d30fd521	34
2026-10-05 16:47:27.709	2026-10-05 18:47:27.709	GET	200	/rest/v1/profiles	?select=extension_version&id=eq.6b2057a9-ee51-4070-8732-9759d30fd521	web-pc-chrome154	6b2057a9-ee51-4070-8732-9759d30fd521	38
2026-10-05 16:47:27.712	2026-10-05 18:47:27.712	POST	204	/rest/v1/rpc/set_app_build		web-pc-chrome154	6b2057a9-ee51-4070-8732-9759d30fd521	34
2026-10-05 16:47:27.717	2026-10-05 18:47:27.717	GET	200	/rest/v1/inventaire_fusions	?select=id,garde,absorbe,created_at,deplacements,champs_repris&user_id=eq.6b2057a9-ee51-4070-8732-9759d30fd521&defait_le=is.null&order=created_at.desc&limit=500	web-pc-chrome154	6b2057a9-ee51-4070-8732-9759d30fd521	38
2026-10-05 16:47:27.720	2026-10-05 18:47:27.720	GET	200	/rest/v1/vinted_sync_runs	?select=id&user_id=eq.6b2057a9-ee51-4070-8732-9759d30fd521&extension_build=not.is.null&limit=1	web-pc-chrome154	6b2057a9-ee51-4070-8732-9759d30fd521	38
2026-10-05 16:47:27.758	2026-10-05 18:47:27.758	GET	200	/rest/v1/fiches_annonce	?select=inventaire_id&user_id=eq.6b2057a9-ee51-4070-8732-9759d30fd521&brouillon=eq.true&limit=200	web-pc-chrome154	6b2057a9-ee51-4070-8732-9759d30fd521	36
2026-10-05 16:47:28.734	2026-10-05 18:47:28.734	GET	200	/rest/v1/cross_post_jobs	?select=id,status,last_checked_at,sale_signal:platform_fields->>sale_signal,unavailable_since:platform_fields->>unavailable_since,pending_removal:platform_fields->>pending_removal,check_unresolved_since:platform_fields->>check_unresolved_since&user_id=eq.6b2057a9-ee51-4070-8732-9759d30fd521&order=created_at.desc&limit=80	web-pc-chrome154	6b2057a9-ee51-4070-8732-9759d30fd521	45
2026-10-05 16:47:29.752	2026-10-05 18:47:29.752	GET	200	/rest/v1/coin_config	?select=key,value&key=in.(opla_ouvert,opla_extension_min)	web-pc-chrome154	6b2057a9-ee51-4070-8732-9759d30fd521	36
2026-10-05 16:47:29.784	2026-10-05 18:47:29.784	GET	200	/rest/v1/profiles	?select=plateformes_visibles&id=eq.6b2057a9-ee51-4070-8732-9759d30fd521	web-pc-chrome154	6b2057a9-ee51-4070-8732-9759d30fd521	42
2026-10-05 16:47:29.787	2026-10-05 18:47:29.787	GET	200	/rest/v1/cross_post_jobs	?select=inventaire_id&user_id=eq.6b2057a9-ee51-4070-8732-9759d30fd521&status=eq.needs_user&inventaire_id=not.is.null&limit=1000	web-pc-chrome154	6b2057a9-ee51-4070-8732-9759d30fd521	49
2026-10-05 16:47:29.794	2026-10-05 18:47:29.794	GET	200	/rest/v1/cross_post_jobs	?select=id&user_id=eq.6b2057a9-ee51-4070-8732-9759d30fd521&handler_build=not.is.null&limit=1	web-pc-chrome154	6b2057a9-ee51-4070-8732-9759d30fd521	45
2026-10-05 16:47:29.797	2026-10-05 18:47:29.797	GET	200	/rest/v1/profiles	?select=extension_version&id=eq.6b2057a9-ee51-4070-8732-9759d30fd521	web-pc-chrome154	6b2057a9-ee51-4070-8732-9759d30fd521	38
2026-10-05 16:47:29.805	2026-10-05 18:47:29.805	GET	200	/rest/v1/inventaire_fusions	?select=id,garde,absorbe,created_at,deplacements,champs_repris&user_id=eq.6b2057a9-ee51-4070-8732-9759d30fd521&defait_le=is.null&order=created_at.desc&limit=500	web-pc-chrome154	6b2057a9-ee51-4070-8732-9759d30fd521	41
2026-10-05 16:47:29.808	2026-10-05 18:47:29.808	GET	200	/rest/v1/vinted_sync_runs	?select=id&user_id=eq.6b2057a9-ee51-4070-8732-9759d30fd521&extension_build=not.is.null&limit=1	web-pc-chrome154	6b2057a9-ee51-4070-8732-9759d30fd521	49
2026-10-05 16:47:29.814	2026-10-05 18:47:29.814	OPTIONS	200	/rest/v1/cross_post_jobs	?select=id,platform,title,inventaire_id,listing_url,platform_listing_id,platform_fields&user_id=eq.6b2057a9-ee51-4070-8732-9759d30fd521&status=eq.cancelled&action=in.(publish,republish)&platform_fields=cs.{"pending_removal":true}&platform_fields->>pending_removal_reporte_le=is.null	web-pc-chrome154		0
2026-10-05 16:47:29.865	2026-10-05 18:47:29.865	GET	200	/rest/v1/cross_post_jobs	?select=id,platform,title,inventaire_id,listing_url,platform_listing_id,platform_fields&user_id=eq.6b2057a9-ee51-4070-8732-9759d30fd521&status=eq.cancelled&action=in.(publish,republish)&platform_fields=cs.{"pending_removal":true}&platform_fields->>pending_removal_reporte_le=is.null	web-pc-chrome154	6b2057a9-ee51-4070-8732-9759d30fd521	35
2026-10-05 16:47:29.962	2026-10-05 18:47:29.962	GET	200	/rest/v1/cross_post_jobs	?select=id,platform,title,inventaire_id,listing_url,platform_listing_id,platform_fields&user_id=eq.6b2057a9-ee51-4070-8732-9759d30fd521&status=eq.cancelled&action=in.(publish,republish)&platform_fields=cs.{"pending_removal":true}&platform_fields->>pending_removal_reporte_le=is.null	web-pc-chrome154	6b2057a9-ee51-4070-8732-9759d30fd521	46
2026-10-05 16:47:29.971	2026-10-05 18:47:29.971	OPTIONS	200	/rest/v1/cross_post_jobs	?select=id,platform,title,price,inventaire_id,listing_url,platform_fields&user_id=eq.6b2057a9-ee51-4070-8732-9759d30fd521&status=eq.published&action=in.(publish,republish)&platform_fields->>unavailable_since=not.is.null	web-pc-chrome154		0
2026-10-05 16:47:29.973	2026-10-05 18:47:29.973	GET	200	/rest/v1/ebay_accounts	?select=*&user_id=eq.6b2057a9-ee51-4070-8732-9759d30fd521	serveur-fonction-edge		51
2026-10-05 16:47:29.998	2026-10-05 18:47:29.998	GET	200	/rest/v1/cross_post_jobs	?select=id,platform,title,price,inventaire_id,listing_url,platform_fields&user_id=eq.6b2057a9-ee51-4070-8732-9759d30fd521&status=eq.published&action=in.(publish,republish)&platform_fields->>unavailable_since=not.is.null	web-pc-chrome154	6b2057a9-ee51-4070-8732-9759d30fd521	38
2026-10-05 16:47:30.060	2026-10-05 18:47:30.060	GET	200	/rest/v1/cross_post_jobs	?select=id,platform,title,price,inventaire_id,listing_url,platform_fields&user_id=eq.6b2057a9-ee51-4070-8732-9759d30fd521&status=eq.published&action=in.(publish,republish)&platform_fields->>unavailable_since=not.is.null	web-pc-chrome154	6b2057a9-ee51-4070-8732-9759d30fd521	44
2026-10-05 16:47:30.065	2026-10-05 18:47:30.065	OPTIONS	200	/rest/v1/cross_post_jobs	?select=inventaire_id&user_id=eq.6b2057a9-ee51-4070-8732-9759d30fd521&action=eq.republish&status=in.(pending,processing,needs_user)&inventaire_id=not.is.null	web-pc-chrome154		0
2026-10-05 16:47:30.066	2026-10-05 18:47:30.066	OPTIONS	200	/rest/v1/annonces_plateforme	?select=id,platform,listing_id,url,titre,prix,proposition&user_id=eq.6b2057a9-ee51-4070-8732-9759d30fd521&inventaire_id=is.null&ignoree_le=is.null&disparu_le=is.null&proposition=not.is.null&limit=200	web-pc-chrome154		0
2026-10-05 16:47:30.084	2026-10-05 18:47:30.084	GET	200	/rest/v1/annonces_plateforme	?select=id,platform,listing_id,url,titre,prix,proposition&user_id=eq.6b2057a9-ee51-4070-8732-9759d30fd521&inventaire_id=is.null&ignoree_le=is.null&disparu_le=is.null&proposition=not.is.null&limit=200	web-pc-chrome154	6b2057a9-ee51-4070-8732-9759d30fd521	37
2026-10-05 16:47:30.084	2026-10-05 18:47:30.084	GET	200	/rest/v1/cross_post_jobs	?select=inventaire_id&user_id=eq.6b2057a9-ee51-4070-8732-9759d30fd521&action=eq.republish&status=in.(pending,processing,needs_user)&inventaire_id=not.is.null	web-pc-chrome154	6b2057a9-ee51-4070-8732-9759d30fd521	37
2026-10-05 16:47:30.142	2026-10-05 18:47:30.142	GET	200	/rest/v1/annonces_plateforme	?select=id,platform,listing_id,url,titre,prix,proposition&user_id=eq.6b2057a9-ee51-4070-8732-9759d30fd521&inventaire_id=is.null&ignoree_le=is.null&disparu_le=is.null&proposition=not.is.null&limit=200	web-pc-chrome154	6b2057a9-ee51-4070-8732-9759d30fd521	38
2026-10-05 16:47:30.143	2026-10-05 18:47:30.143	GET	200	/rest/v1/cross_post_jobs	?select=inventaire_id&user_id=eq.6b2057a9-ee51-4070-8732-9759d30fd521&action=eq.republish&status=in.(pending,processing,needs_user)&inventaire_id=not.is.null	web-pc-chrome154	6b2057a9-ee51-4070-8732-9759d30fd521	42
2026-10-05 16:47:30.292	2026-10-05 18:47:30.292	OPTIONS	200	/rest/v1/profiles	?select=voice_count_today,voice_count_date&id=eq.6b2057a9-ee51-4070-8732-9759d30fd521	web-pc-chrome154		0
2026-10-05 16:47:30.321	2026-10-05 18:47:30.321	OPTIONS	200	/rest/v1/profiles	?select=extension_last_seen_at,extension_version&id=eq.6b2057a9-ee51-4070-8732-9759d30fd521	web-pc-chrome154		0
2026-10-05 16:47:30.322	2026-10-05 18:47:30.322	OPTIONS	200	/rest/v1/vinted_sync_runs	?select=id,status,page_suivante,total_pages,total_entries,items_vus,items_crees,items_maj,erreur,started_at,finished_at,vinted_login,vinted_user_id&user_id=eq.6b2057a9-ee51-4070-8732-9759d30fd521&kind=eq.dressing&order=started_at.desc&limit=1	web-pc-chrome154		0
2026-10-05 16:47:30.327	2026-10-05 18:47:30.327	OPTIONS	200	/rest/v1/vinted_sync_runs	?select=id,finished_at,declencheur,vinted_login,items_vus&user_id=eq.6b2057a9-ee51-4070-8732-9759d30fd521&kind=eq.dressing&status=eq.done&order=finished_at.desc&limit=1	web-pc-chrome154		0
2026-10-05 16:47:30.331	2026-10-05 18:47:30.331	OPTIONS	200	/rest/v1/profiles	?select=beta_flags&id=eq.6b2057a9-ee51-4070-8732-9759d30fd521	web-pc-chrome154		0
2026-10-05 16:47:30.332	2026-10-05 18:47:30.332	OPTIONS	200	/rest/v1/profiles	?select=extension_session_rejetee_at&id=eq.6b2057a9-ee51-4070-8732-9759d30fd521	web-pc-chrome154		0
2026-10-05 16:47:30.332	2026-10-05 18:47:30.332	OPTIONS	200	/rest/v1/fiches_annonce	?select=inventaire_id,fiche,updated_at&user_id=eq.6b2057a9-ee51-4070-8732-9759d30fd521&brouillon=eq.true&order=updated_at.desc&limit=200	web-pc-chrome154		0
2026-10-05 16:47:30.337	2026-10-05 18:47:30.337	OPTIONS	200	/rest/v1/profiles	?select=extension_last_seen_at,extension_version&id=eq.6b2057a9-ee51-4070-8732-9759d30fd521	web-pc-chrome154		0
2026-10-05 16:47:30.338	2026-10-05 18:47:30.338	GET	200	/rest/v1/profiles	?select=platform_settings&id=eq.6b2057a9-ee51-4070-8732-9759d30fd521	web-pc-chrome154	6b2057a9-ee51-4070-8732-9759d30fd521	38
2026-10-05 16:47:30.340	2026-10-05 18:47:30.340	OPTIONS	200	/rest/v1/profiles	?select=extension_postes,extension_sessions&id=eq.6b2057a9-ee51-4070-8732-9759d30fd521	web-pc-chrome154		0
2026-10-05 16:47:30.341	2026-10-05 18:47:30.341	OPTIONS	200	/rest/v1/inventaire_doublons	?select=id,garde,absorbe,niveau,motif,preuves,created_at&user_id=eq.6b2057a9-ee51-4070-8732-9759d30fd521&statut=eq.proposee&order=created_at.desc&limit=200	web-pc-chrome154		0
2026-10-05 16:47:30.342	2026-10-05 18:47:30.342	OPTIONS	200	/rest/v1/vinted_sync_runs	?select=finished_at&user_id=eq.6b2057a9-ee51-4070-8732-9759d30fd521&platform=eq.opla&erreur=ilike.%accès+Opla+non+accordé%&finished_at=not.is.null&order=finished_at.desc&limit=1	web-pc-chrome154		0
2026-10-05 16:47:30.344	2026-10-05 18:47:30.344	GET	200	/rest/v1/profiles	?select=voice_count_today,voice_count_date&id=eq.6b2057a9-ee51-4070-8732-9759d30fd521	web-pc-chrome154	6b2057a9-ee51-4070-8732-9759d30fd521	39
2026-10-05 16:47:30.349	2026-10-05 18:47:30.349	OPTIONS	200	/rest/v1/cross_post_jobs	?select=created_at,platform_fields&user_id=eq.6b2057a9-ee51-4070-8732-9759d30fd521&platform=eq.opla&status=eq.needs_user&platform_fields->>needs_user_source=eq.opla_acces&limit=50	web-pc-chrome154		0
2026-10-05 16:47:30.350	2026-10-05 18:47:30.350	GET	200	/rest/v1/coin_config	?select=value&key=eq.republication_multi_ouverte	web-pc-chrome154	6b2057a9-ee51-4070-8732-9759d30fd521	36
2026-10-05 16:47:30.351	2026-10-05 18:47:30.351	GET	200	/rest/v1/vinted_sync_runs	?select=id,status,page_suivante,total_pages,total_entries,items_vus,items_crees,items_maj,erreur,started_at,finished_at,vinted_login,vinted_user_id&user_id=eq.6b2057a9-ee51-4070-8732-9759d30fd521&kind=eq.dressing&order=started_at.desc&limit=1	web-pc-chrome154	6b2057a9-ee51-4070-8732-9759d30fd521	36
2026-10-05 16:47:30.353	2026-10-05 18:47:30.353	OPTIONS	200	/rest/v1/vinted_sync_runs	?select=finished_at&user_id=eq.6b2057a9-ee51-4070-8732-9759d30fd521&platform=eq.opla&status=eq.done&kind=neq.connexion&finished_at=not.is.null&order=finished_at.desc&limit=1	web-pc-chrome154		0
2026-10-05 16:47:30.354	2026-10-05 18:47:30.354	GET	200	/rest/v1/profiles	?select=extension_last_seen_at,extension_version&id=eq.6b2057a9-ee51-4070-8732-9759d30fd521	web-pc-chrome154	6b2057a9-ee51-4070-8732-9759d30fd521	42
2026-10-05 16:47:30.355	2026-10-05 18:47:30.355	OPTIONS	200	/rest/v1/vinted_sync_runs	?select=finished_at&user_id=eq.6b2057a9-ee51-4070-8732-9759d30fd521&platform=eq.opla&erreur=ilike.%session+Opla+refus%HTTP+401%&finished_at=not.is.null&order=finished_at.desc&limit=1	web-pc-chrome154		0
2026-10-05 16:47:30.356	2026-10-05 18:47:30.356	OPTIONS	200	/rest/v1/cross_post_jobs	?select=platform_fields&user_id=eq.6b2057a9-ee51-4070-8732-9759d30fd521&platform=eq.opla&platform_fields->>opla_acces_accorde_le=not.is.null&platform_fields->>opla_acces_accorde_par=is.null&order=created_at.desc&limit=20	web-pc-chrome154		0
2026-10-05 16:47:30.360	2026-10-05 18:47:30.360	GET	200	/rest/v1/coin_config	?select=value&key=eq.republish_maintenance	web-pc-chrome154	6b2057a9-ee51-4070-8732-9759d30fd521	42
2026-10-05 16:47:30.360	2026-10-05 18:47:30.360	OPTIONS	200	/rest/v1/cross_post_jobs	?select=published_at&user_id=eq.6b2057a9-ee51-4070-8732-9759d30fd521&platform=eq.opla&status=eq.published&published_at=not.is.null&or=(handler_build.is.null,handler_build.neq.releve-annonces)&order=published_at.desc&limit=1	web-pc-chrome154		0
2026-10-05 16:47:30.361	2026-10-05 18:47:30.361	GET	200	/rest/v1/coin_config	?select=value&key=eq.price_republish	web-pc-chrome154	6b2057a9-ee51-4070-8732-9759d30fd521	48
2026-10-05 16:47:30.363	2026-10-05 18:47:30.363	OPTIONS	200	/rest/v1/cross_post_jobs	?select=id,inventaire_id,platform,status,error,created_at,published_at,platform_fields,action,listing_url,title,bulk_batch_id,voie&user_id=eq.6b2057a9-ee51-4070-8732-9759d30fd521&status=in.(pending,processing,published,failed,needs_user,deleted,cancelled,dry_run_completed)&order=created_at.desc,id.desc&offset=0&limit=1000	web-pc-chrome154		0
2026-10-05 16:47:30.364	2026-10-05 18:47:30.364	POST	200	/rest/v1/rpc/republish_planifiee_etat_multi		web-pc-chrome154	6b2057a9-ee51-4070-8732-9759d30fd521	47
2026-10-05 16:47:30.365	2026-10-05 18:47:30.365	GET	200	/rest/v1/platform_health	?select=platform,message_fr,message_en&paused=eq.true	web-pc-chrome154	6b2057a9-ee51-4070-8732-9759d30fd521	51
2026-10-05 16:47:30.365	2026-10-05 18:47:30.365	GET	200	/rest/v1/coin_config	?select=value&key=eq.sync_multi_ouverte	web-pc-chrome154	6b2057a9-ee51-4070-8732-9759d30fd521	39
2026-10-05 16:47:30.369	2026-10-05 18:47:30.369	GET	200	/rest/v1/vinted_sync_runs	?select=id,finished_at,declencheur,vinted_login,items_vus&user_id=eq.6b2057a9-ee51-4070-8732-9759d30fd521&kind=eq.dressing&status=eq.done&order=finished_at.desc&limit=1	web-pc-chrome154	6b2057a9-ee51-4070-8732-9759d30fd521	50
2026-10-05 16:47:30.369	2026-10-05 18:47:30.369	GET	200	/rest/v1/fiches_annonce	?select=inventaire_id,fiche,updated_at&user_id=eq.6b2057a9-ee51-4070-8732-9759d30fd521&brouillon=eq.true&order=updated_at.desc&limit=200	web-pc-chrome154	6b2057a9-ee51-4070-8732-9759d30fd521	40
2026-10-05 16:47:30.371	2026-10-05 18:47:30.371	GET	200	/rest/v1/profiles	?select=extension_session_rejetee_at&id=eq.6b2057a9-ee51-4070-8732-9759d30fd521	web-pc-chrome154	6b2057a9-ee51-4070-8732-9759d30fd521	39
2026-10-05 16:47:30.372	2026-10-05 18:47:30.372	GET	200	/rest/v1/profiles	?select=beta_flags&id=eq.6b2057a9-ee51-4070-8732-9759d30fd521	web-pc-chrome154	6b2057a9-ee51-4070-8732-9759d30fd521	50
2026-10-05 16:47:30.375	2026-10-05 18:47:30.375	GET	200	/rest/v1/profiles	?select=extension_postes,extension_sessions&id=eq.6b2057a9-ee51-4070-8732-9759d30fd521	web-pc-chrome154	6b2057a9-ee51-4070-8732-9759d30fd521	41
2026-10-05 16:47:30.377	2026-10-05 18:47:30.377	GET	200	/rest/v1/coin_config	?select=value&key=eq.republish_planifiee_actif	web-pc-chrome154	6b2057a9-ee51-4070-8732-9759d30fd521	45
2026-10-05 16:47:30.379	2026-10-05 18:47:30.379	GET	200	/rest/v1/inventaire_doublons	?select=id,garde,absorbe,niveau,motif,preuves,created_at&user_id=eq.6b2057a9-ee51-4070-8732-9759d30fd521&statut=eq.proposee&order=created_at.desc&limit=200	web-pc-chrome154	6b2057a9-ee51-4070-8732-9759d30fd521	41
2026-10-05 16:47:30.382	2026-10-05 18:47:30.382	GET	200	/rest/v1/vinted_sync_runs	?select=finished_at&user_id=eq.6b2057a9-ee51-4070-8732-9759d30fd521&platform=eq.opla&erreur=ilike.%accès+Opla+non+accordé%&finished_at=not.is.null&order=finished_at.desc&limit=1	web-pc-chrome154	6b2057a9-ee51-4070-8732-9759d30fd521	43
2026-10-05 16:47:30.385	2026-10-05 18:47:30.385	GET	200	/rest/v1/cross_post_jobs	?select=created_at,platform_fields&user_id=eq.6b2057a9-ee51-4070-8732-9759d30fd521&platform=eq.opla&status=eq.needs_user&platform_fields->>needs_user_source=eq.opla_acces&limit=50	web-pc-chrome154	6b2057a9-ee51-4070-8732-9759d30fd521	43
2026-10-05 16:47:30.395	2026-10-05 18:47:30.395	GET	200	/rest/v1/vinted_sync_runs	?select=finished_at&user_id=eq.6b2057a9-ee51-4070-8732-9759d30fd521&platform=eq.opla&status=eq.done&kind=neq.connexion&finished_at=not.is.null&order=finished_at.desc&limit=1	web-pc-chrome154	6b2057a9-ee51-4070-8732-9759d30fd521	43
2026-10-05 16:47:30.397	2026-10-05 18:47:30.397	GET	200	/rest/v1/vinted_sync_runs	?select=finished_at&user_id=eq.6b2057a9-ee51-4070-8732-9759d30fd521&platform=eq.opla&erreur=ilike.%session+Opla+refus%HTTP+401%&finished_at=not.is.null&order=finished_at.desc&limit=1	web-pc-chrome154	6b2057a9-ee51-4070-8732-9759d30fd521	36
2026-10-05 16:47:30.400	2026-10-05 18:47:30.400	OPTIONS	200	/rest/v1/cross_post_jobs	?select=id&user_id=eq.6b2057a9-ee51-4070-8732-9759d30fd521&action=eq.republish&status=eq.published&platform_fields->>republish_source=eq.auto&published_at=gte.2026-09-30T22:00:00.000Z	web-pc-chrome154		0
2026-10-05 16:47:30.401	2026-10-05 18:47:30.401	GET	200	/rest/v1/cross_post_jobs	?select=published_at&user_id=eq.6b2057a9-ee51-4070-8732-9759d30fd521&platform=eq.opla&status=eq.published&published_at=not.is.null&or=(handler_build.is.null,handler_build.neq.releve-annonces)&order=published_at.desc&limit=1	web-pc-chrome154	6b2057a9-ee51-4070-8732-9759d30fd521	43
2026-10-05 16:47:30.402	2026-10-05 18:47:30.402	OPTIONS	200	/rest/v1/inventaire	?select=id&user_id=eq.6b2057a9-ee51-4070-8732-9759d30fd521&statut=eq.stock&vinted_item_id=not.is.null&disparu_le=is.null&photos->0=not.is.null&or=(vinted_status.is.null,vinted_status.not.in.(hidden,draft))&listed_at_guess=lt.2026-09-05T16:47:30.216Z	web-pc-chrome154		0
2026-10-05 16:47:30.406	2026-10-05 18:47:30.406	GET	200	/rest/v1/cross_post_jobs	?select=platform_fields&user_id=eq.6b2057a9-ee51-4070-8732-9759d30fd521&platform=eq.opla&platform_fields->>opla_acces_accorde_le=not.is.null&platform_fields->>opla_acces_accorde_par=is.null&order=created_at.desc&limit=20	web-pc-chrome154	6b2057a9-ee51-4070-8732-9759d30fd521	39
2026-10-05 16:47:30.406	2026-10-05 18:47:30.406	GET	200	/rest/v1/profiles	?select=voice_count_today,voice_count_date&id=eq.6b2057a9-ee51-4070-8732-9759d30fd521	web-pc-chrome154	6b2057a9-ee51-4070-8732-9759d30fd521	36
2026-10-05 16:47:30.408	2026-10-05 18:47:30.408	GET	200	/rest/v1/cross_post_jobs	?select=id,inventaire_id,platform,status,error,created_at,published_at,platform_fields,action,listing_url,title,bulk_batch_id,voie&user_id=eq.6b2057a9-ee51-4070-8732-9759d30fd521&status=in.(pending,processing,published,failed,needs_user,deleted,cancelled,dry_run_completed)&order=created_at.desc,id.desc&offset=0&limit=1000	web-pc-chrome154	6b2057a9-ee51-4070-8732-9759d30fd521	40
2026-10-05 16:47:30.415	2026-10-05 18:47:30.415	GET	200	/rest/v1/profiles	?select=extension_last_seen_at,extension_version&id=eq.6b2057a9-ee51-4070-8732-9759d30fd521	web-pc-chrome154	6b2057a9-ee51-4070-8732-9759d30fd521	37
2026-10-05 16:47:30.421	2026-10-05 18:47:30.421	HEAD	200	/rest/v1/cross_post_jobs	?select=id&user_id=eq.6b2057a9-ee51-4070-8732-9759d30fd521&action=eq.republish&status=eq.published&platform_fields->>republish_source=eq.auto&published_at=gte.2026-09-30T22:00:00.000Z	web-pc-chrome154	6b2057a9-ee51-4070-8732-9759d30fd521	47
2026-10-05 16:47:30.425	2026-10-05 18:47:30.425	HEAD	200	/rest/v1/inventaire	?select=id&user_id=eq.6b2057a9-ee51-4070-8732-9759d30fd521&statut=eq.stock&vinted_item_id=not.is.null&disparu_le=is.null&photos->0=not.is.null&or=(vinted_status.is.null,vinted_status.not.in.(hidden,draft))&listed_at_guess=lt.2026-09-05T16:47:30.216Z	web-pc-chrome154	6b2057a9-ee51-4070-8732-9759d30fd521	37
2026-10-05 16:47:30.431	2026-10-05 18:47:30.431	POST	200	/rest/v1/rpc/quotas_etat		web-pc-chrome154	6b2057a9-ee51-4070-8732-9759d30fd521	44
2026-10-05 16:47:30.461	2026-10-05 18:47:30.461	GET	200	/rest/v1/vinted_sync_runs	?select=id,status,page_suivante,total_pages,total_entries,items_vus,items_crees,items_maj,erreur,started_at,finished_at,vinted_login,vinted_user_id&user_id=eq.6b2057a9-ee51-4070-8732-9759d30fd521&kind=eq.dressing&order=started_at.desc&limit=1	web-pc-chrome154	6b2057a9-ee51-4070-8732-9759d30fd521	41
2026-10-05 16:47:30.471	2026-10-05 18:47:30.471	GET	200	/rest/v1/vinted_sync_runs	?select=id,finished_at,declencheur,vinted_login,items_vus&user_id=eq.6b2057a9-ee51-4070-8732-9759d30fd521&kind=eq.dressing&status=eq.done&order=finished_at.desc&limit=1	web-pc-chrome154	6b2057a9-ee51-4070-8732-9759d30fd521	45
2026-10-05 16:47:30.471	2026-10-05 18:47:30.471	GET	200	/rest/v1/profiles	?select=extension_last_seen_at,extension_version&id=eq.6b2057a9-ee51-4070-8732-9759d30fd521	web-pc-chrome154	6b2057a9-ee51-4070-8732-9759d30fd521	40
2026-10-05 16:47:30.482	2026-10-05 18:47:30.482	OPTIONS	200	/rest/v1/annonces_plateforme	?select=id,platform,inventaire_id,vues,favoris,vu_le&user_id=eq.6b2057a9-ee51-4070-8732-9759d30fd521&inventaire_id=not.is.null&disparu_le=is.null&order=id.asc&limit=500	web-pc-chrome154		0
2026-10-05 16:47:30.488	2026-10-05 18:47:30.488	OPTIONS	200	/rest/v1/vinted_sync_runs	?select=id,platform,status,declencheur,items_vus,items_crees,items_maj,total_entries,erreur,queued_at,started_at,finished_at&user_id=eq.6b2057a9-ee51-4070-8732-9759d30fd521&kind=eq.annonces&order=queued_at.desc.nullslast,started_at.desc.nullslast&limit=60	web-pc-chrome154		0
2026-10-05 16:47:30.496	2026-10-05 18:47:30.496	OPTIONS	200	/rest/v1/annonces_plateforme	?select=id,platform,listing_id,vu_le,inventaire_id,ignoree_le,disparu_le&user_id=eq.6b2057a9-ee51-4070-8732-9759d30fd521&disparu_le=is.null&order=id.asc&limit=500	web-pc-chrome154		0
2026-10-05 16:47:30.510	2026-10-05 18:47:30.510	POST	200	/rest/v1/rpc/quotas_etat		web-pc-chrome154	6b2057a9-ee51-4070-8732-9759d30fd521	41
2026-10-05 16:47:30.511	2026-10-05 18:47:30.511	OPTIONS	200	/rest/v1/cross_post_jobs	?select=id,platform,listing_url,platform_listing_id,created_at&user_id=eq.6b2057a9-ee51-4070-8732-9759d30fd521&action=eq.delete&platform=in.(leboncoin,beebs,ebay,opla)&status=in.(pending,processing,needs_user,deleted)&created_at=gte.2026-08-06T16:47:30.262Z&order=id.asc&limit=500	web-pc-chrome154		0
2026-10-05 16:47:30.512	2026-10-05 18:47:30.512	GET	200	/rest/v1/vinted_sync_runs	?select=id,platform,status,declencheur,items_vus,items_crees,items_maj,total_entries,erreur,queued_at,started_at,finished_at&user_id=eq.6b2057a9-ee51-4070-8732-9759d30fd521&kind=eq.annonces&order=queued_at.desc.nullslast,started_at.desc.nullslast&limit=60	web-pc-chrome154	6b2057a9-ee51-4070-8732-9759d30fd521	40
2026-10-05 16:47:30.513	2026-10-05 18:47:30.513	OPTIONS	200	/rest/v1/cross_post_jobs	?select=id,platform,listing_url,platform_listing_id,created_at&user_id=eq.6b2057a9-ee51-4070-8732-9759d30fd521&action=eq.delete&platform=in.(leboncoin,beebs,ebay,opla)&status=in.(pending,processing,needs_user,deleted)&created_at=gte.2026-08-06T16:47:30.262Z&order=id.asc&limit=500	web-pc-chrome154		0
2026-10-05 16:47:30.516	2026-10-05 18:47:30.516	GET	200	/rest/v1/annonces_plateforme	?select=id,platform,inventaire_id,vues,favoris,vu_le&user_id=eq.6b2057a9-ee51-4070-8732-9759d30fd521&inventaire_id=not.is.null&disparu_le=is.null&order=id.asc&limit=500	web-pc-chrome154	6b2057a9-ee51-4070-8732-9759d30fd521	39
2026-10-05 16:47:30.522	2026-10-05 18:47:30.522	POST	200	/rest/v1/rpc/releves_vides_signales		web-pc-chrome154	6b2057a9-ee51-4070-8732-9759d30fd521	35
2026-10-05 16:47:30.524	2026-10-05 18:47:30.524	OPTIONS	200	/rest/v1/vinted_sync_runs	?select=id,platform,status,items_vus,erreur,queued_at,started_at,finished_at&user_id=eq.6b2057a9-ee51-4070-8732-9759d30fd521&kind=eq.dressing&status=eq.done&order=finished_at.desc.nullslast&limit=1	web-pc-chrome154		0
2026-10-05 16:47:30.526	2026-10-05 18:47:30.526	OPTIONS	200	/rest/v1/annonces_plateforme	?select=id,platform,listing_id,url,titre,prix,photo_url,statut_plateforme,proposition,vu_le&user_id=eq.6b2057a9-ee51-4070-8732-9759d30fd521&inventaire_id=is.null&ignoree_le=is.null&disparu_le=is.null&order=vu_le.desc&limit=300	web-pc-chrome154		0
2026-10-05 16:47:30.528	2026-10-05 18:47:30.528	GET	200	/rest/v1/annonces_plateforme	?select=id,platform,listing_id,vu_le,inventaire_id,ignoree_le,disparu_le&user_id=eq.6b2057a9-ee51-4070-8732-9759d30fd521&disparu_le=is.null&order=id.asc&limit=500	web-pc-chrome154	6b2057a9-ee51-4070-8732-9759d30fd521	43
2026-10-05 16:47:30.529	2026-10-05 18:47:30.529	GET	200	/rest/v1/inventaire_doublons	?select=id,garde,absorbe,niveau,motif,preuves,created_at&user_id=eq.6b2057a9-ee51-4070-8732-9759d30fd521&statut=eq.proposee&order=created_at.desc&limit=200	web-pc-chrome154	6b2057a9-ee51-4070-8732-9759d30fd521	34
2026-10-05 16:47:30.532	2026-10-05 18:47:30.532	GET	200	/rest/v1/cross_post_jobs	?select=id,platform,listing_url,platform_listing_id,created_at&user_id=eq.6b2057a9-ee51-4070-8732-9759d30fd521&action=eq.delete&platform=in.(leboncoin,beebs,ebay,opla)&status=in.(pending,processing,needs_user,deleted)&created_at=gte.2026-08-06T16:47:30.262Z&order=id.asc&limit=500	web-pc-chrome154	6b2057a9-ee51-4070-8732-9759d30fd521	49
2026-10-05 16:47:30.540	2026-10-05 18:47:30.540	POST	200	/rest/v1/rpc/annonces_en_rangement		web-pc-chrome154	6b2057a9-ee51-4070-8732-9759d30fd521	46
2026-10-05 16:47:30.542	2026-10-05 18:47:30.542	GET	200	/rest/v1/coin_config	?select=value&key=eq.nouveau_stepper_ouvert	web-pc-chrome154	6b2057a9-ee51-4070-8732-9759d30fd521	45
2026-10-05 16:47:30.548	2026-10-05 18:47:30.548	GET	200	/rest/v1/annonces_plateforme	?select=id,platform,listing_id,url,titre,prix,photo_url,statut_plateforme,proposition,vu_le&user_id=eq.6b2057a9-ee51-4070-8732-9759d30fd521&inventaire_id=is.null&ignoree_le=is.null&disparu_le=is.null&order=vu_le.desc&limit=300	web-pc-chrome154	6b2057a9-ee51-4070-8732-9759d30fd521	51
2026-10-05 16:47:30.551	2026-10-05 18:47:30.551	GET	200	/rest/v1/vinted_sync_runs	?select=id,platform,status,items_vus,erreur,queued_at,started_at,finished_at&user_id=eq.6b2057a9-ee51-4070-8732-9759d30fd521&kind=eq.dressing&status=eq.done&order=finished_at.desc.nullslast&limit=1	web-pc-chrome154	6b2057a9-ee51-4070-8732-9759d30fd521	41
2026-10-05 16:47:30.579	2026-10-05 18:47:30.579	OPTIONS	200	/rest/v1/annonces_plateforme	?select=id,platform,inventaire_id,vues,favoris,vu_le&user_id=eq.6b2057a9-ee51-4070-8732-9759d30fd521&inventaire_id=not.is.null&disparu_le=is.null&order=id.asc&limit=500&id=gt.f3f1c690-5fa5-4428-b927-5792a6b568d7	web-pc-chrome154		0
2026-10-05 16:47:30.592	2026-10-05 18:47:30.592	OPTIONS	200	/rest/v1/annonces_plateforme	?select=id,platform,listing_id,vu_le,inventaire_id,ignoree_le,disparu_le&user_id=eq.6b2057a9-ee51-4070-8732-9759d30fd521&disparu_le=is.null&order=id.asc&limit=500&id=gt.f3f1c690-5fa5-4428-b927-5792a6b568d7	web-pc-chrome154		4
2026-10-05 16:47:31.139	2026-10-05 18:47:31.139	GET	200	/rest/v1/cross_post_jobs	?select=id,platform,listing_url,platform_listing_id,created_at&user_id=eq.6b2057a9-ee51-4070-8732-9759d30fd521&action=eq.delete&platform=in.(leboncoin,beebs,ebay,opla)&status=in.(pending,processing,needs_user,deleted)&created_at=gte.2026-08-06T16:47:30.262Z&order=id.asc&limit=500	web-pc-chrome154	6b2057a9-ee51-4070-8732-9759d30fd521	43
2026-10-05 16:47:31.141	2026-10-05 18:47:31.141	GET	200	/rest/v1/annonces_plateforme	?select=id,platform,inventaire_id,vues,favoris,vu_le&user_id=eq.6b2057a9-ee51-4070-8732-9759d30fd521&inventaire_id=not.is.null&disparu_le=is.null&order=id.asc&limit=500&id=gt.f3f1c690-5fa5-4428-b927-5792a6b568d7	web-pc-chrome154	6b2057a9-ee51-4070-8732-9759d30fd521	48
2026-10-05 16:47:35.915	2026-10-05 18:47:35.915	GET	200	/rest/v1/annonces_plateforme	?select=id,platform,listing_id,vu_le,inventaire_id,ignoree_le,disparu_le&user_id=eq.6b2057a9-ee51-4070-8732-9759d30fd521&disparu_le=is.null&order=id.asc&limit=500&id=gt.f3f1c690-5fa5-4428-b927-5792a6b568d7	web-pc-chrome154	6b2057a9-ee51-4070-8732-9759d30fd521	50
2026-10-05 16:47:40.612	2026-10-05 18:47:40.612	POST	201	/rest/v1/usage_logs		web-pc-chrome154	6b2057a9-ee51-4070-8732-9759d30fd521	36
2026-10-05 16:48:06.779	2026-10-05 18:48:06.779	GET	200	/rest/v1/coin_config	?select=value&key=eq.opla_sortie_le	web-pc-chrome154	6b2057a9-ee51-4070-8732-9759d30fd521	79
2026-10-05 16:48:06.785	2026-10-05 18:48:06.785	GET	200	/rest/v1/profiles	?select=is_premium,is_pro,is_business,is_comped,is_founder,apple_original_transaction_id,google_purchase_token,subscription_cancel_at_period_end,subscription_period_end,currency,username,platform_settings,extension_last_seen_at,extension_build,onboarded_at,ebay_voie_api&id=eq.6b2057a9-ee51-4070-8732-9759d30fd521	web-pc-chrome154	6b2057a9-ee51-4070-8732-9759d30fd521	79
2026-10-05 16:48:06.792	2026-10-05 18:48:06.792	GET	200	/rest/v1/ventes	?select=*&user_id=eq.6b2057a9-ee51-4070-8732-9759d30fd521&order=created_at.desc,id.desc&limit=3000	web-pc-chrome154	6b2057a9-ee51-4070-8732-9759d30fd521	96
2026-10-05 16:48:06.794	2026-10-05 18:48:06.794	GET	200	/rest/v1/profiles	?select=platform_settings&id=eq.6b2057a9-ee51-4070-8732-9759d30fd521	web-pc-chrome154	6b2057a9-ee51-4070-8732-9759d30fd521	93
2026-10-05 16:48:06.795	2026-10-05 18:48:06.795	GET	200	/rest/v1/inventaire	?select=*&user_id=eq.6b2057a9-ee51-4070-8732-9759d30fd521&fusionne_dans=is.null&order=created_at.desc,id.desc&limit=3000	web-pc-chrome154	6b2057a9-ee51-4070-8732-9759d30fd521	83
2026-10-05 16:48:06.797	2026-10-05 18:48:06.797	GET	200	/rest/v1/profiles	?select=vinted_sync_pin&id=eq.6b2057a9-ee51-4070-8732-9759d30fd521	web-pc-chrome154	6b2057a9-ee51-4070-8732-9759d30fd521	74
2026-10-05 16:48:06.798	2026-10-05 18:48:06.798	PATCH	403	/rest/v1/profiles	?id=eq.6b2057a9-ee51-4070-8732-9759d30fd521	web-pc-chrome154	6b2057a9-ee51-4070-8732-9759d30fd521	93
2026-10-05 16:48:06.799	2026-10-05 18:48:06.799	GET	200	/rest/v1/fiches_annonce	?select=inventaire_id&user_id=eq.6b2057a9-ee51-4070-8732-9759d30fd521&brouillon=eq.true&limit=200	web-pc-chrome154	6b2057a9-ee51-4070-8732-9759d30fd521	69
2026-10-05 16:48:06.801	2026-10-05 18:48:06.801	GET	200	/rest/v1/cross_post_jobs	?select=id,status,last_checked_at,sale_signal:platform_fields->>sale_signal,unavailable_since:platform_fields->>unavailable_since,pending_removal:platform_fields->>pending_removal,check_unresolved_since:platform_fields->>check_unresolved_since&user_id=eq.6b2057a9-ee51-4070-8732-9759d30fd521&order=created_at.desc&limit=80	web-pc-chrome154	6b2057a9-ee51-4070-8732-9759d30fd521	90
2026-10-05 16:48:06.803	2026-10-05 18:48:06.803	GET	200	/rest/v1/cross_post_jobs	?select=id&user_id=eq.6b2057a9-ee51-4070-8732-9759d30fd521&platform=eq.opla&status=in.(published,sold)&limit=1	web-pc-chrome154	6b2057a9-ee51-4070-8732-9759d30fd521	84
2026-10-05 16:48:06.804	2026-10-05 18:48:06.804	GET	200	/rest/v1/usage_logs	?select=id&user_id=eq.6b2057a9-ee51-4070-8732-9759d30fd521&feature=eq.opla_bandeau&limit=1	web-pc-chrome154	6b2057a9-ee51-4070-8732-9759d30fd521	79
2026-10-05 16:48:06.806	2026-10-05 18:48:06.806	GET	200	/rest/v1/vinted_sync_runs	?select=id&user_id=eq.6b2057a9-ee51-4070-8732-9759d30fd521&platform=eq.opla&kind=eq.annonces&status=eq.done&limit=1	web-pc-chrome154	6b2057a9-ee51-4070-8732-9759d30fd521	79
2026-10-05 16:48:07.247	2026-10-05 18:48:07.247	GET	200	/rest/v1/lens_scans	?select=scan_id,statut,resultat,motif,photos,created_at&statut=in.(preparation,en_cours,termine)&created_at=gte.2026-10-05T14:48:05.111Z&order=created_at.desc&limit=1	web-pc-chrome154	6b2057a9-ee51-4070-8732-9759d30fd521	48
2026-10-05 16:48:07.252	2026-10-05 18:48:07.252	GET	200	/rest/v1/profiles	?select=is_premium,is_pro,is_business,is_comped,is_founder,apple_original_transaction_id,google_purchase_token,subscription_cancel_at_period_end,subscription_period_end,currency,username,platform_settings,extension_last_seen_at,extension_build,onboarded_at,ebay_voie_api&id=eq.6b2057a9-ee51-4070-8732-9759d30fd521	web-pc-chrome154	6b2057a9-ee51-4070-8732-9759d30fd521	38
2026-10-05 16:48:07.255	2026-10-05 18:48:07.255	GET	200	/rest/v1/inventaire	?select=*&user_id=eq.6b2057a9-ee51-4070-8732-9759d30fd521&fusionne_dans=is.null&order=created_at.desc,id.desc&limit=3000	web-pc-chrome154	6b2057a9-ee51-4070-8732-9759d30fd521	41
2026-10-05 16:48:07.258	2026-10-05 18:48:07.258	GET	200	/rest/v1/cross_post_jobs	?select=inventaire_id&user_id=eq.6b2057a9-ee51-4070-8732-9759d30fd521&status=eq.needs_user&inventaire_id=not.is.null&limit=1000	web-pc-chrome154	6b2057a9-ee51-4070-8732-9759d30fd521	40
2026-10-05 16:48:07.263	2026-10-05 18:48:07.263	GET	200	/rest/v1/fiches_annonce	?select=inventaire_id&user_id=eq.6b2057a9-ee51-4070-8732-9759d30fd521&brouillon=eq.true&limit=200	web-pc-chrome154	6b2057a9-ee51-4070-8732-9759d30fd521	61
2026-10-05 16:48:07.264	2026-10-05 18:48:07.264	GET	200	/rest/v1/coin_config	?select=key,value&key=in.(opla_ouvert,opla_extension_min)	web-pc-chrome154	6b2057a9-ee51-4070-8732-9759d30fd521	38
2026-10-05 16:48:07.267	2026-10-05 18:48:07.267	GET	200	/rest/v1/profiles	?select=plateformes_visibles&id=eq.6b2057a9-ee51-4070-8732-9759d30fd521	web-pc-chrome154	6b2057a9-ee51-4070-8732-9759d30fd521	37
2026-10-05 16:48:07.268	2026-10-05 18:48:07.268	GET	200	/rest/v1/cross_post_jobs	?select=id&user_id=eq.6b2057a9-ee51-4070-8732-9759d30fd521&handler_build=not.is.null&limit=1	web-pc-chrome154	6b2057a9-ee51-4070-8732-9759d30fd521	64
2026-10-05 16:48:07.270	2026-10-05 18:48:07.270	GET	200	/rest/v1/ventes	?select=*&user_id=eq.6b2057a9-ee51-4070-8732-9759d30fd521&order=created_at.desc,id.desc&limit=3000	web-pc-chrome154	6b2057a9-ee51-4070-8732-9759d30fd521	35
2026-10-05 16:48:07.272	2026-10-05 18:48:07.272	GET	200	/rest/v1/profiles	?select=extension_version&id=eq.6b2057a9-ee51-4070-8732-9759d30fd521	web-pc-chrome154	6b2057a9-ee51-4070-8732-9759d30fd521	35
2026-10-05 16:48:07.275	2026-10-05 18:48:07.275	POST	204	/rest/v1/rpc/set_app_build		web-pc-chrome154	6b2057a9-ee51-4070-8732-9759d30fd521	38
2026-10-05 16:48:07.279	2026-10-05 18:48:07.279	GET	200	/rest/v1/inventaire_fusions	?select=id,garde,absorbe,created_at,deplacements,champs_repris&user_id=eq.6b2057a9-ee51-4070-8732-9759d30fd521&defait_le=is.null&order=created_at.desc&limit=500	web-pc-chrome154	6b2057a9-ee51-4070-8732-9759d30fd521	36
2026-10-05 16:48:07.281	2026-10-05 18:48:07.281	GET	200	/rest/v1/vinted_sync_runs	?select=id&user_id=eq.6b2057a9-ee51-4070-8732-9759d30fd521&extension_build=not.is.null&limit=1	web-pc-chrome154	6b2057a9-ee51-4070-8732-9759d30fd521	38
2026-10-05 16:48:07.953	2026-10-05 18:48:07.953	GET	200	/rest/v1/cross_post_jobs	?select=inventaire_id&user_id=eq.6b2057a9-ee51-4070-8732-9759d30fd521&status=eq.needs_user&inventaire_id=not.is.null&limit=1000	web-pc-chrome154	6b2057a9-ee51-4070-8732-9759d30fd521	38
2026-10-05 16:48:07.955	2026-10-05 18:48:07.955	GET	200	/rest/v1/profiles	?select=plateformes_visibles&id=eq.6b2057a9-ee51-4070-8732-9759d30fd521	web-pc-chrome154	6b2057a9-ee51-4070-8732-9759d30fd521	38
2026-10-05 16:48:07.957	2026-10-05 18:48:07.957	GET	200	/rest/v1/profiles	?select=extension_version&id=eq.6b2057a9-ee51-4070-8732-9759d30fd521	web-pc-chrome154	6b2057a9-ee51-4070-8732-9759d30fd521	38
2026-10-05 16:48:07.958	2026-10-05 18:48:07.958	GET	200	/rest/v1/coin_config	?select=key,value&key=in.(opla_ouvert,opla_extension_min)	web-pc-chrome154	6b2057a9-ee51-4070-8732-9759d30fd521	39
2026-10-05 16:48:07.960	2026-10-05 18:48:07.960	GET	200	/rest/v1/vinted_sync_runs	?select=id&user_id=eq.6b2057a9-ee51-4070-8732-9759d30fd521&extension_build=not.is.null&limit=1	web-pc-chrome154	6b2057a9-ee51-4070-8732-9759d30fd521	45
2026-10-05 16:48:07.963	2026-10-05 18:48:07.963	GET	200	/rest/v1/inventaire_fusions	?select=id,garde,absorbe,created_at,deplacements,champs_repris&user_id=eq.6b2057a9-ee51-4070-8732-9759d30fd521&defait_le=is.null&order=created_at.desc&limit=500	web-pc-chrome154	6b2057a9-ee51-4070-8732-9759d30fd521	47
2026-10-05 16:48:08.952	2026-10-05 18:48:08.952	GET	200	/rest/v1/fiches_annonce	?select=inventaire_id&user_id=eq.6b2057a9-ee51-4070-8732-9759d30fd521&brouillon=eq.true&limit=200	web-pc-chrome154	6b2057a9-ee51-4070-8732-9759d30fd521	40
2026-10-05 16:48:08.954	2026-10-05 18:48:08.954	GET	200	/rest/v1/cross_post_jobs	?select=id&user_id=eq.6b2057a9-ee51-4070-8732-9759d30fd521&handler_build=not.is.null&limit=1	web-pc-chrome154	6b2057a9-ee51-4070-8732-9759d30fd521	41
2026-10-05 16:48:08.986	2026-10-05 18:48:08.986	GET	200	/rest/v1/cross_post_jobs	?select=id,platform,title,inventaire_id,listing_url,platform_listing_id,platform_fields&user_id=eq.6b2057a9-ee51-4070-8732-9759d30fd521&status=eq.cancelled&action=in.(publish,republish)&platform_fields=cs.{"pending_removal":true}&platform_fields->>pending_removal_reporte_le=is.null	web-pc-chrome154	6b2057a9-ee51-4070-8732-9759d30fd521	39
2026-10-05 16:48:09.075	2026-10-05 18:48:09.075	GET	200	/auth/v1/user		serveur-fonction-edge	6b2057a9-ee51-4070-8732-9759d30fd521	50
2026-10-05 16:48:09.141	2026-10-05 18:48:09.141	GET	200	/rest/v1/ebay_accounts	?select=*&user_id=eq.6b2057a9-ee51-4070-8732-9759d30fd521	serveur-fonction-edge		42
2026-10-05 16:48:09.535	2026-10-05 18:48:09.535	GET	200	/rest/v1/cross_post_jobs	?select=id,platform,title,price,inventaire_id,listing_url,platform_fields&user_id=eq.6b2057a9-ee51-4070-8732-9759d30fd521&status=eq.published&action=in.(publish,republish)&platform_fields->>unavailable_since=not.is.null	web-pc-chrome154	6b2057a9-ee51-4070-8732-9759d30fd521	45
2026-10-05 16:48:09.536	2026-10-05 18:48:09.536	GET	200	/rest/v1/cross_post_jobs	?select=id,platform,title,inventaire_id,listing_url,platform_listing_id,platform_fields&user_id=eq.6b2057a9-ee51-4070-8732-9759d30fd521&status=eq.cancelled&action=in.(publish,republish)&platform_fields=cs.{"pending_removal":true}&platform_fields->>pending_removal_reporte_le=is.null	web-pc-chrome154	6b2057a9-ee51-4070-8732-9759d30fd521	43
2026-10-05 16:48:09.715	2026-10-05 18:48:09.715	GET	200	/rest/v1/cross_post_jobs	?select=id,platform,title,price,inventaire_id,listing_url,platform_fields&user_id=eq.6b2057a9-ee51-4070-8732-9759d30fd521&status=eq.published&action=in.(publish,republish)&platform_fields->>unavailable_since=not.is.null	web-pc-chrome154	6b2057a9-ee51-4070-8732-9759d30fd521	39
2026-10-05 16:48:09.715	2026-10-05 18:48:09.715	GET	200	/rest/v1/annonces_plateforme	?select=id,platform,listing_id,url,titre,prix,proposition&user_id=eq.6b2057a9-ee51-4070-8732-9759d30fd521&inventaire_id=is.null&ignoree_le=is.null&disparu_le=is.null&proposition=not.is.null&limit=200	web-pc-chrome154	6b2057a9-ee51-4070-8732-9759d30fd521	38
2026-10-05 16:48:09.721	2026-10-05 18:48:09.721	GET	200	/rest/v1/cross_post_jobs	?select=inventaire_id&user_id=eq.6b2057a9-ee51-4070-8732-9759d30fd521&action=eq.republish&status=in.(pending,processing,needs_user)&inventaire_id=not.is.null	web-pc-chrome154	6b2057a9-ee51-4070-8732-9759d30fd521	42
2026-10-05 16:48:12.341	2026-10-05 18:48:12.341	GET	200	/rest/v1/annonces_plateforme	?select=id,platform,listing_id,url,titre,prix,proposition&user_id=eq.6b2057a9-ee51-4070-8732-9759d30fd521&inventaire_id=is.null&ignoree_le=is.null&disparu_le=is.null&proposition=not.is.null&limit=200	web-pc-chrome154	6b2057a9-ee51-4070-8732-9759d30fd521	125
2026-10-05 16:48:12.343	2026-10-05 18:48:12.343	GET	200	/rest/v1/coin_config	?select=value&key=eq.republish_maintenance	web-pc-chrome154	6b2057a9-ee51-4070-8732-9759d30fd521	107
2026-10-05 16:48:12.344	2026-10-05 18:48:12.344	GET	200	/rest/v1/profiles	?select=voice_count_today,voice_count_date&id=eq.6b2057a9-ee51-4070-8732-9759d30fd521	web-pc-chrome154	6b2057a9-ee51-4070-8732-9759d30fd521	137
2026-10-05 16:48:12.345	2026-10-05 18:48:12.345	GET	200	/rest/v1/cross_post_jobs	?select=inventaire_id&user_id=eq.6b2057a9-ee51-4070-8732-9759d30fd521&action=eq.republish&status=in.(pending,processing,needs_user)&inventaire_id=not.is.null	web-pc-chrome154	6b2057a9-ee51-4070-8732-9759d30fd521	125
2026-10-05 16:48:12.346	2026-10-05 18:48:12.346	GET	200	/rest/v1/coin_config	?select=value&key=eq.price_republish	web-pc-chrome154	6b2057a9-ee51-4070-8732-9759d30fd521	112
2026-10-05 16:48:12.347	2026-10-05 18:48:12.347	GET	200	/rest/v1/vinted_sync_runs	?select=id,finished_at,declencheur,vinted_login,items_vus&user_id=eq.6b2057a9-ee51-4070-8732-9759d30fd521&kind=eq.dressing&status=eq.done&order=finished_at.desc&limit=1	web-pc-chrome154	6b2057a9-ee51-4070-8732-9759d30fd521	112
2026-10-05 16:48:12.349	2026-10-05 18:48:12.349	GET	200	/rest/v1/coin_config	?select=value&key=eq.sync_multi_ouverte	web-pc-chrome154	6b2057a9-ee51-4070-8732-9759d30fd521	129
2026-10-05 16:48:12.350	2026-10-05 18:48:12.350	GET	200	/rest/v1/vinted_sync_runs	?select=id,status,page_suivante,total_pages,total_entries,items_vus,items_crees,items_maj,erreur,started_at,finished_at,vinted_login,vinted_user_id&user_id=eq.6b2057a9-ee51-4070-8732-9759d30fd521&kind=eq.dressing&order=started_at.desc&limit=1	web-pc-chrome154	6b2057a9-ee51-4070-8732-9759d30fd521	110
2026-10-05 16:48:12.352	2026-10-05 18:48:12.352	GET	200	/rest/v1/fiches_annonce	?select=inventaire_id,fiche,updated_at&user_id=eq.6b2057a9-ee51-4070-8732-9759d30fd521&brouillon=eq.true&order=updated_at.desc&limit=200	web-pc-chrome154	6b2057a9-ee51-4070-8732-9759d30fd521	106
2026-10-05 16:48:12.353	2026-10-05 18:48:12.353	GET	200	/rest/v1/profiles	?select=extension_last_seen_at,extension_version&id=eq.6b2057a9-ee51-4070-8732-9759d30fd521	web-pc-chrome154	6b2057a9-ee51-4070-8732-9759d30fd521	124
2026-10-05 16:48:12.355	2026-10-05 18:48:12.355	GET	200	/rest/v1/inventaire_doublons	?select=id,garde,absorbe,niveau,motif,preuves,created_at&user_id=eq.6b2057a9-ee51-4070-8732-9759d30fd521&statut=eq.proposee&order=created_at.desc&limit=200	web-pc-chrome154	6b2057a9-ee51-4070-8732-9759d30fd521	97
2026-10-05 16:48:12.355	2026-10-05 18:48:12.355	GET	200	/rest/v1/platform_health	?select=platform,message_fr,message_en&paused=eq.true	web-pc-chrome154	6b2057a9-ee51-4070-8732-9759d30fd521	120
2026-10-05 16:48:12.357	2026-10-05 18:48:12.357	GET	200	/rest/v1/coin_config	?select=value&key=eq.republication_multi_ouverte	web-pc-chrome154	6b2057a9-ee51-4070-8732-9759d30fd521	125
2026-10-05 16:48:12.357	2026-10-05 18:48:12.357	POST	200	/rest/v1/rpc/republish_planifiee_etat_multi		web-pc-chrome154	6b2057a9-ee51-4070-8732-9759d30fd521	55
2026-10-05 16:48:12.359	2026-10-05 18:48:12.359	GET	200	/rest/v1/profiles	?select=platform_settings&id=eq.6b2057a9-ee51-4070-8732-9759d30fd521	web-pc-chrome154	6b2057a9-ee51-4070-8732-9759d30fd521	118
2026-10-05 16:48:12.360	2026-10-05 18:48:12.360	GET	200	/rest/v1/profiles	?select=extension_postes,extension_sessions&id=eq.6b2057a9-ee51-4070-8732-9759d30fd521	web-pc-chrome154	6b2057a9-ee51-4070-8732-9759d30fd521	109
2026-10-05 16:48:12.362	2026-10-05 18:48:12.362	GET	200	/rest/v1/coin_config	?select=value&key=eq.republish_planifiee_actif	web-pc-chrome154	6b2057a9-ee51-4070-8732-9759d30fd521	97
2026-10-05 16:48:12.363	2026-10-05 18:48:12.363	GET	200	/rest/v1/profiles	?select=beta_flags&id=eq.6b2057a9-ee51-4070-8732-9759d30fd521	web-pc-chrome154	6b2057a9-ee51-4070-8732-9759d30fd521	108
2026-10-05 16:48:12.364	2026-10-05 18:48:12.364	GET	200	/rest/v1/vinted_sync_runs	?select=finished_at&user_id=eq.6b2057a9-ee51-4070-8732-9759d30fd521&platform=eq.opla&status=eq.done&kind=neq.connexion&finished_at=not.is.null&order=finished_at.desc&limit=1	web-pc-chrome154	6b2057a9-ee51-4070-8732-9759d30fd521	74
2026-10-05 16:48:12.366	2026-10-05 18:48:12.366	GET	200	/rest/v1/profiles	?select=extension_session_rejetee_at&id=eq.6b2057a9-ee51-4070-8732-9759d30fd521	web-pc-chrome154	6b2057a9-ee51-4070-8732-9759d30fd521	97
2026-10-05 16:48:12.373	2026-10-05 18:48:12.373	GET	200	/rest/v1/vinted_sync_runs	?select=finished_at&user_id=eq.6b2057a9-ee51-4070-8732-9759d30fd521&platform=eq.opla&erreur=ilike.%accès+Opla+non+accordé%&finished_at=not.is.null&order=finished_at.desc&limit=1	web-pc-chrome154	6b2057a9-ee51-4070-8732-9759d30fd521	84
2026-10-05 16:48:16.996	2026-10-05 18:48:16.996	GET	200	/rest/v1/profiles	?select=extension_last_seen_at,extension_version&id=eq.6b2057a9-ee51-4070-8732-9759d30fd521	web-pc-chrome154	6b2057a9-ee51-4070-8732-9759d30fd521	75
2026-10-05 16:48:17.000	2026-10-05 18:48:17.000	POST	200	/rest/v1/rpc/quotas_etat		web-pc-chrome154	6b2057a9-ee51-4070-8732-9759d30fd521	79
2026-10-05 16:48:17.000	2026-10-05 18:48:17.000	GET	200	/rest/v1/profiles	?select=voice_count_today,voice_count_date&id=eq.6b2057a9-ee51-4070-8732-9759d30fd521	web-pc-chrome154	6b2057a9-ee51-4070-8732-9759d30fd521	70
2026-10-05 16:48:17.003	2026-10-05 18:48:17.003	GET	200	/rest/v1/vinted_sync_runs	?select=id,finished_at,declencheur,vinted_login,items_vus&user_id=eq.6b2057a9-ee51-4070-8732-9759d30fd521&kind=eq.dressing&status=eq.done&order=finished_at.desc&limit=1	web-pc-chrome154	6b2057a9-ee51-4070-8732-9759d30fd521	71
2026-10-05 16:48:17.003	2026-10-05 18:48:17.003	GET	200	/rest/v1/vinted_sync_runs	?select=id,platform,status,items_vus,erreur,queued_at,started_at,finished_at&user_id=eq.6b2057a9-ee51-4070-8732-9759d30fd521&kind=eq.dressing&status=eq.done&order=finished_at.desc.nullslast&limit=1	web-pc-chrome154	6b2057a9-ee51-4070-8732-9759d30fd521	74
2026-10-05 16:48:17.005	2026-10-05 18:48:17.005	GET	200	/rest/v1/vinted_sync_runs	?select=id,platform,status,declencheur,items_vus,items_crees,items_maj,total_entries,erreur,queued_at,started_at,finished_at&user_id=eq.6b2057a9-ee51-4070-8732-9759d30fd521&kind=eq.annonces&order=queued_at.desc.nullslast,started_at.desc.nullslast&limit=60	web-pc-chrome154	6b2057a9-ee51-4070-8732-9759d30fd521	72
2026-10-05 16:48:17.005	2026-10-05 18:48:17.005	OPTIONS	200	/rest/v1/cross_post_jobs	?select=id,platform,listing_url,platform_listing_id,created_at&user_id=eq.6b2057a9-ee51-4070-8732-9759d30fd521&action=eq.delete&platform=in.(leboncoin,beebs,ebay,opla)&status=in.(pending,processing,needs_user,deleted)&created_at=gte.2026-08-06T16:48:13.144Z&order=id.asc&limit=500	web-pc-chrome154		6
2026-10-05 16:48:17.006	2026-10-05 18:48:17.006	GET	200	/rest/v1/vinted_sync_runs	?select=id,status,page_suivante,total_pages,total_entries,items_vus,items_crees,items_maj,erreur,started_at,finished_at,vinted_login,vinted_user_id&user_id=eq.6b2057a9-ee51-4070-8732-9759d30fd521&kind=eq.dressing&order=started_at.desc&limit=1	web-pc-chrome154	6b2057a9-ee51-4070-8732-9759d30fd521	70
2026-10-05 16:48:17.007	2026-10-05 18:48:17.007	POST	200	/rest/v1/rpc/releves_vides_signales		web-pc-chrome154	6b2057a9-ee51-4070-8732-9759d30fd521	63
2026-10-05 16:48:17.007	2026-10-05 18:48:17.007	GET	200	/rest/v1/annonces_plateforme	?select=id,platform,inventaire_id,vues,favoris,vu_le&user_id=eq.6b2057a9-ee51-4070-8732-9759d30fd521&inventaire_id=not.is.null&disparu_le=is.null&order=id.asc&limit=500	web-pc-chrome154	6b2057a9-ee51-4070-8732-9759d30fd521	63
2026-10-05 16:48:17.007	2026-10-05 18:48:17.007	GET	200	/rest/v1/annonces_plateforme	?select=id,platform,listing_id,vu_le,inventaire_id,ignoree_le,disparu_le&user_id=eq.6b2057a9-ee51-4070-8732-9759d30fd521&disparu_le=is.null&order=id.asc&limit=500	web-pc-chrome154	6b2057a9-ee51-4070-8732-9759d30fd521	56
2026-10-05 16:48:17.008	2026-10-05 18:48:17.008	OPTIONS	200	/rest/v1/cross_post_jobs	?select=id,platform,listing_url,platform_listing_id,created_at&user_id=eq.6b2057a9-ee51-4070-8732-9759d30fd521&action=eq.delete&platform=in.(leboncoin,beebs,ebay,opla)&status=in.(pending,processing,needs_user,deleted)&created_at=gte.2026-08-06T16:48:13.144Z&order=id.asc&limit=500	web-pc-chrome154		4
2026-10-05 16:48:17.008	2026-10-05 18:48:17.008	GET	200	/rest/v1/annonces_plateforme	?select=id,platform,listing_id,url,titre,prix,photo_url,statut_plateforme,proposition,vu_le&user_id=eq.6b2057a9-ee51-4070-8732-9759d30fd521&inventaire_id=is.null&ignoree_le=is.null&disparu_le=is.null&order=vu_le.desc&limit=300	web-pc-chrome154	6b2057a9-ee51-4070-8732-9759d30fd521	50
2026-10-05 16:48:17.010	2026-10-05 18:48:17.010	POST	200	/rest/v1/rpc/annonces_en_rangement		web-pc-chrome154	6b2057a9-ee51-4070-8732-9759d30fd521	64
2026-10-05 16:48:17.017	2026-10-05 18:48:17.017	GET	200	/rest/v1/inventaire_doublons	?select=id,garde,absorbe,niveau,motif,preuves,created_at&user_id=eq.6b2057a9-ee51-4070-8732-9759d30fd521&statut=eq.proposee&order=created_at.desc&limit=200	web-pc-chrome154	6b2057a9-ee51-4070-8732-9759d30fd521	60
2026-10-05 16:48:17.227	2026-10-05 18:48:17.227	GET	200	/auth/v1/user		serveur-fonction-edge	6b2057a9-ee51-4070-8732-9759d30fd521	39
2026-10-05 16:48:17.285	2026-10-05 18:48:17.285	GET	200	/rest/v1/coin_config	?select=value&key=eq.opla_sortie_le	serveur-fonction-edge	6b2057a9-ee51-4070-8732-9759d30fd521	38
2026-10-05 16:48:17.336	2026-10-05 18:48:17.336	GET	200	/rest/v1/cross_post_jobs	?select=id,inventaire_id&status=eq.needs_user&action=neq.delete	serveur-fonction-edge	6b2057a9-ee51-4070-8732-9759d30fd521	35
2026-10-05 16:48:17.437	2026-10-05 18:48:17.437	GET	200	/rest/v1/coin_config	?select=key,value&key=in.(republish_plafond_jour,republish_plafond_jour_premium,republish_plafond_jour_pro,republish_plafond_jour_business,republish_pause_apres,republish_pause_duree_min)	serveur-fonction-edge	6b2057a9-ee51-4070-8732-9759d30fd521	35
2026-10-05 16:48:17.486	2026-10-05 18:48:17.486	GET	200	/rest/v1/profiles	?select=is_business,is_pro,is_premium,is_comped&id=eq.6b2057a9-ee51-4070-8732-9759d30fd521	serveur-fonction-edge	6b2057a9-ee51-4070-8732-9759d30fd521	36
2026-10-05 16:48:17.537	2026-10-05 18:48:17.537	GET	200	/rest/v1/cross_post_jobs	?select=published_at&action=eq.republish&status=eq.published&published_at=gte.2026-10-01T16:48:17.530Z&order=published_at.desc&limit=1000	serveur-fonction-edge	6b2057a9-ee51-4070-8732-9759d30fd521	33
2026-10-05 16:48:17.922	2026-10-05 18:48:17.922	GET	200	/rest/v1/cross_post_jobs	?select=id,platform,listing_url,platform_listing_id,created_at&user_id=eq.6b2057a9-ee51-4070-8732-9759d30fd521&action=eq.delete&platform=in.(leboncoin,beebs,ebay,opla)&status=in.(pending,processing,needs_user,deleted)&created_at=gte.2026-08-06T16:48:13.144Z&order=id.asc&limit=500	web-pc-chrome154	6b2057a9-ee51-4070-8732-9759d30fd521	41
2026-10-05 16:48:17.922	2026-10-05 18:48:17.922	GET	200	/rest/v1/profiles	?select=extension_last_seen_at,extension_version&id=eq.6b2057a9-ee51-4070-8732-9759d30fd521	web-pc-chrome154	6b2057a9-ee51-4070-8732-9759d30fd521	43
2026-10-05 16:48:17.923	2026-10-05 18:48:17.923	GET	200	/rest/v1/annonces_plateforme	?select=id,platform,listing_id,vu_le,inventaire_id,ignoree_le,disparu_le&user_id=eq.6b2057a9-ee51-4070-8732-9759d30fd521&disparu_le=is.null&order=id.asc&limit=500&id=gt.f3f1c690-5fa5-4428-b927-5792a6b568d7	web-pc-chrome154	6b2057a9-ee51-4070-8732-9759d30fd521	37
2026-10-05 16:48:17.925	2026-10-05 18:48:17.925	GET	200	/rest/v1/annonces_plateforme	?select=id,platform,inventaire_id,vues,favoris,vu_le&user_id=eq.6b2057a9-ee51-4070-8732-9759d30fd521&inventaire_id=not.is.null&disparu_le=is.null&order=id.asc&limit=500&id=gt.f3f1c690-5fa5-4428-b927-5792a6b568d7	web-pc-chrome154	6b2057a9-ee51-4070-8732-9759d30fd521	38
2026-10-05 16:48:17.927	2026-10-05 18:48:17.927	POST	200	/rest/v1/rpc/quotas_etat		web-pc-chrome154	6b2057a9-ee51-4070-8732-9759d30fd521	37
2026-10-05 16:48:18.287	2026-10-05 18:48:18.287	GET	200	/rest/v1/vinted_sync_runs	?select=finished_at&user_id=eq.6b2057a9-ee51-4070-8732-9759d30fd521&platform=eq.opla&erreur=ilike.%session+Opla+refus%HTTP+401%&finished_at=not.is.null&order=finished_at.desc&limit=1	web-pc-chrome154	6b2057a9-ee51-4070-8732-9759d30fd521	51
2026-10-05 16:48:18.288	2026-10-05 18:48:18.288	GET	200	/rest/v1/cross_post_jobs	?select=published_at&user_id=eq.6b2057a9-ee51-4070-8732-9759d30fd521&platform=eq.opla&status=eq.published&published_at=not.is.null&or=(handler_build.is.null,handler_build.neq.releve-annonces)&order=published_at.desc&limit=1	web-pc-chrome154	6b2057a9-ee51-4070-8732-9759d30fd521	51
2026-10-05 16:48:18.291	2026-10-05 18:48:18.291	GET	200	/rest/v1/cross_post_jobs	?select=platform_fields&user_id=eq.6b2057a9-ee51-4070-8732-9759d30fd521&platform=eq.opla&platform_fields->>opla_acces_accorde_le=not.is.null&platform_fields->>opla_acces_accorde_par=is.null&order=created_at.desc&limit=20	web-pc-chrome154	6b2057a9-ee51-4070-8732-9759d30fd521	45
2026-10-05 16:48:18.292	2026-10-05 18:48:18.292	GET	200	/rest/v1/cross_post_jobs	?select=id,inventaire_id,platform,status,error,created_at,published_at,platform_fields,action,listing_url,title,bulk_batch_id,voie&user_id=eq.6b2057a9-ee51-4070-8732-9759d30fd521&status=in.(pending,processing,published,failed,needs_user,deleted,cancelled,dry_run_completed)&order=created_at.desc,id.desc&offset=0&limit=1000	web-pc-chrome154	6b2057a9-ee51-4070-8732-9759d30fd521	46
2026-10-05 16:48:18.292	2026-10-05 18:48:18.292	GET	200	/rest/v1/coin_config	?select=value&key=eq.nouveau_stepper_ouvert	web-pc-chrome154	6b2057a9-ee51-4070-8732-9759d30fd521	41
2026-10-05 16:48:18.295	2026-10-05 18:48:18.295	GET	200	/rest/v1/cross_post_jobs	?select=created_at,platform_fields&user_id=eq.6b2057a9-ee51-4070-8732-9759d30fd521&platform=eq.opla&status=eq.needs_user&platform_fields->>needs_user_source=eq.opla_acces&limit=50	web-pc-chrome154	6b2057a9-ee51-4070-8732-9759d30fd521	120
2026-10-05 16:48:18.783	2026-10-05 18:48:18.783	GET	200	/rest/v1/cross_post_jobs	?select=id,platform,listing_url,platform_listing_id,created_at&user_id=eq.6b2057a9-ee51-4070-8732-9759d30fd521&action=eq.delete&platform=in.(leboncoin,beebs,ebay,opla)&status=in.(pending,processing,needs_user,deleted)&created_at=gte.2026-08-06T16:48:13.144Z&order=id.asc&limit=500	web-pc-chrome154	6b2057a9-ee51-4070-8732-9759d30fd521	47
2026-10-05 16:48:40.291	2026-10-05 18:48:40.291	GET	200	/rest/v1/cross_post_jobs	?select=id,platform,action,title,inventaire_id,created_at,platform_fields&status=eq.processing	extension-pc	6b2057a9-ee51-4070-8732-9759d30fd521	62
2026-10-05 16:48:40.625	2026-10-05 18:48:40.625	GET	200	/auth/v1/user		serveur-fonction-edge	6b2057a9-ee51-4070-8732-9759d30fd521	48
2026-10-05 16:48:40.691	2026-10-05 18:48:40.691	GET	200	/rest/v1/coin_config	?select=value&key=eq.opla_sortie_le	serveur-fonction-edge	6b2057a9-ee51-4070-8732-9759d30fd521	40
2026-10-05 16:48:40.750	2026-10-05 18:48:40.750	GET	200	/rest/v1/profiles	?select=extension_postes&id=eq.6b2057a9-ee51-4070-8732-9759d30fd521	serveur-fonction-edge		40
2026-10-05 16:48:40.923	2026-10-05 18:48:40.923	PATCH	204	/rest/v1/profiles	?id=eq.6b2057a9-ee51-4070-8732-9759d30fd521	serveur-fonction-edge		49
2026-10-05 16:48:40.986	2026-10-05 18:48:40.986	GET	200	/rest/v1/cross_post_jobs	?select=id,user_id,platform,action,status,error,handler_build,platform_fields&user_id=eq.6b2057a9-ee51-4070-8732-9759d30fd521&status=eq.needs_user&platform=in.(ebay,beebs,vinted,leboncoin)&action=in.(publish,republish,delete)&limit=50	serveur-fonction-edge		35
2026-10-05 16:48:41.037	2026-10-05 18:48:41.037	GET	200	/rest/v1/cross_post_jobs	?select=id,platform,action,status,error,inventaire_id,platform_fields&user_id=eq.6b2057a9-ee51-4070-8732-9759d30fd521&status=eq.needs_user&platform=eq.leboncoin&action=eq.republish&platform_fields->gardes->prevol_page->>verdict=eq.bloque&limit=30	serveur-fonction-edge		47
2026-10-05 16:48:41.099	2026-10-05 18:48:41.099	GET	200	/rest/v1/cross_post_jobs	?select=id,error,platform_fields&user_id=eq.6b2057a9-ee51-4070-8732-9759d30fd521&status=eq.needs_user&platform=eq.vinted&action=eq.republish&platform_fields->>republish_step=eq.captured&platform_fields->canal_coupe_rejoue=not.is.null&limit=30	serveur-fonction-edge		45
2026-10-05 16:48:41.154	2026-10-05 18:48:41.154	GET	200	/rest/v1/cross_post_jobs	?select=id,platform,action,title,error,platform_fields&user_id=eq.6b2057a9-ee51-4070-8732-9759d30fd521&status=in.(needs_user,failed)&platform=in.(vinted,ebay)&created_at=gte.2026-09-21T16:48:41.149Z&limit=60	serveur-fonction-edge		38
2026-10-05 16:48:41.202	2026-10-05 18:48:41.202	GET	200	/rest/v1/cross_post_jobs	?select=id,platform,action,status,created_at,error,listing_url,platform_listing_id,platform_fields&user_id=eq.6b2057a9-ee51-4070-8732-9759d30fd521&action=eq.delete&status=in.(needs_user,failed)&platform=in.(leboncoin,ebay,beebs,opla)&created_at=gte.2026-09-05T16:48:41.197Z&limit=20	serveur-fonction-edge		37
2026-10-05 16:48:41.249	2026-10-05 18:48:41.249	GET	200	/rest/v1/cross_post_jobs	?select=id,status,created_at,error,platform_listing_id,listing_url,platform_fields&user_id=eq.6b2057a9-ee51-4070-8732-9759d30fd521&platform=eq.vinted&action=eq.delete&status=in.(pending,needs_user,failed)&created_at=gte.2026-09-05T16:48:41.244Z&limit=20	serveur-fonction-edge		38
2026-10-05 16:48:41.296	2026-10-05 18:48:41.296	GET	200	/rest/v1/profiles	?id=eq.6b2057a9-ee51-4070-8732-9759d30fd521&select=extension_sessions	extension-pc	6b2057a9-ee51-4070-8732-9759d30fd521	39
2026-10-05 16:48:41.298	2026-10-05 18:48:41.298	GET	200	/rest/v1/cross_post_jobs	?select=id,platform_fields&user_id=eq.6b2057a9-ee51-4070-8732-9759d30fd521&platform=eq.beebs&action=in.(publish,republish)&status=eq.published&platform_listing_id=is.null&listing_url=is.null&platform_fields->lien_en_attente=not.is.null&limit=50	serveur-fonction-edge		37
2026-10-05 16:48:41.347	2026-10-05 18:48:41.347	GET	200	/rest/v1/cross_post_jobs	?select=id,platform,action,status,title,error,inventaire_id,platform_fields&user_id=eq.6b2057a9-ee51-4070-8732-9759d30fd521&status=eq.needs_user&platform=eq.vinted&action=eq.republish&platform_fields->>republish_step=eq.deleted&limit=20	serveur-fonction-edge		45
2026-10-05 16:48:41.354	2026-10-05 18:48:41.354	PATCH	204	/rest/v1/profiles	?id=eq.6b2057a9-ee51-4070-8732-9759d30fd521	extension-pc	6b2057a9-ee51-4070-8732-9759d30fd521	79
2026-10-05 16:48:41.403	2026-10-05 18:48:41.403	GET	200	/rest/v1/cross_post_jobs	?select=id,inventaire_id,error,platform_fields&user_id=eq.6b2057a9-ee51-4070-8732-9759d30fd521&platform=eq.vinted&action=eq.republish&status=eq.cancelled&platform_fields->gel_livres_le=not.is.null&platform_fields->gel_livres_leve_le=is.null&limit=200	serveur-fonction-edge		36
2026-10-05 16:48:41.453	2026-10-05 18:48:41.453	GET	200	/rest/v1/cross_post_jobs	?select=id&user_id=eq.6b2057a9-ee51-4070-8732-9759d30fd521&platform=eq.vinted&status=eq.pending&platform_fields->attente_antirobot_compte=not.is.null&limit=1	serveur-fonction-edge	6b2057a9-ee51-4070-8732-9759d30fd521	33
2026-10-05 16:48:41.498	2026-10-05 18:48:41.498	POST	200	/rest/v1/rpc/purger_ma_sync_queue		serveur-fonction-edge	6b2057a9-ee51-4070-8732-9759d30fd521	38
2026-10-05 16:48:41.549	2026-10-05 18:48:41.549	GET	200	/rest/v1/vinted_sync_runs	?select=id&kind=eq.dressing&status=eq.queued&queued_at=gte.2026-10-05T10:48:41.542Z&order=queued_at.asc&limit=1	serveur-fonction-edge	6b2057a9-ee51-4070-8732-9759d30fd521	38
2026-10-05 16:48:41.599	2026-10-05 18:48:41.599	GET	200	/rest/v1/vinted_sync_runs	?select=id,kind,platform,declencheur,erreur,queued_at,finished_at&user_id=eq.6b2057a9-ee51-4070-8732-9759d30fd521&status=eq.expired&claimed_at=is.null&queued_at=not.is.null&kind=in.(annonces,dressing)&finished_at=gte.2026-10-02T16:48:41.594Z&order=queued_at.desc&limit=20	serveur-fonction-edge		37
2026-10-05 16:48:41.698	2026-10-05 18:48:41.698	GET	200	/rest/v1/vinted_sync_runs	?select=id,platform,queued_at&kind=eq.annonces&status=eq.queued&queued_at=gte.2026-10-05T10:48:41.693Z&order=queued_at.asc&limit=4	serveur-fonction-edge	6b2057a9-ee51-4070-8732-9759d30fd521	33
2026-10-05 16:48:41.743	2026-10-05 18:48:41.743	GET	200	/rest/v1/vinted_sync_runs	?select=id,platform,declencheur&kind=eq.connexion&status=eq.queued&queued_at=gte.2026-10-05T16:38:41.736Z&order=queued_at.asc&limit=3	serveur-fonction-edge	6b2057a9-ee51-4070-8732-9759d30fd521	40
2026-10-05 16:48:41.794	2026-10-05 18:48:41.794	GET	200	/rest/v1/cross_post_jobs	?select=id,action,platform,platform_fields,inventaire_id,listing_url,platform_listing_id,inventaire:inventaire_id(vinted_account_id)&user_id=eq.6b2057a9-ee51-4070-8732-9759d30fd521&status=eq.needs_user&voie=eq.extension&platform_fields->>needs_user_source=eq.boutique_etrangere&platform_fields->boutique_etrangere->>motif=in.(session_inconnue,origine_inconnue,boutique_etrangere)&order=created_at.asc…	serveur-fonction-edge	6b2057a9-ee51-4070-8732-9759d30fd521	34
2026-10-05 16:48:41.848	2026-10-05 18:48:41.848	GET	200	/rest/v1/cross_post_jobs	?select=id,platform,action,status,title,description,price,photos,photo_option,platform_fields,inventaire_id,listing_url,platform_listing_id,created_at,error&status=in.(pending)&voie=eq.extension&order=created_at.asc	serveur-fonction-edge	6b2057a9-ee51-4070-8732-9759d30fd521	44
2026-10-05 16:48:41.910	2026-10-05 18:48:41.910	GET	200	/rest/v1/platform_health	?select=platform,paused&paused=eq.true	serveur-fonction-edge	6b2057a9-ee51-4070-8732-9759d30fd521	34
2026-10-05 16:48:41.955	2026-10-05 18:48:41.955	GET	200	/rest/v1/cross_post_jobs	?select=*&user_id=eq.6b2057a9-ee51-4070-8732-9759d30fd521&platform=eq.vinted&action=eq.republish&status=eq.needs_user&platform_fields->capture_id=not.is.null&platform_fields->server_required_fields=not.is.null&limit=20	serveur-fonction-edge		37
2026-10-05 16:48:42.003	2026-10-05 18:48:42.003	GET	200	/rest/v1/cross_post_jobs	?select=id,platform,action,status,title,description,price,photos,photo_option,platform_fields,inventaire_id,listing_url,platform_listing_id,created_at,error&platform=eq.leboncoin&action=eq.republish&status=in.(needs_user,failed)&inventaire_id=not.is.null&limit=20	serveur-fonction-edge	6b2057a9-ee51-4070-8732-9759d30fd521	39
2026-10-05 16:48:42.051	2026-10-05 18:48:42.051	GET	200	/rest/v1/coin_config	?select=value&key=eq.keepalive_actif	serveur-fonction-edge	6b2057a9-ee51-4070-8732-9759d30fd521	40
2026-10-05 16:48:42.103	2026-10-05 18:48:42.103	GET	200	/rest/v1/profiles	?select=beta_flags&id=eq.6b2057a9-ee51-4070-8732-9759d30fd521	serveur-fonction-edge	6b2057a9-ee51-4070-8732-9759d30fd521	35
2026-10-05 16:48:42.148	2026-10-05 18:48:42.148	GET	200	/rest/v1/coin_config	?select=value&key=eq.prevol_copie_actif	serveur-fonction-edge	6b2057a9-ee51-4070-8732-9759d30fd521	37
2026-10-05 16:48:42.221	2026-10-05 18:48:42.221	POST	201	/rest/v1/usage_logs		extension-pc	6b2057a9-ee51-4070-8732-9759d30fd521	40
2026-10-05 16:48:42.224	2026-10-05 18:48:42.224	GET	200	/rest/v1/cross_post_jobs	?select=id,platform,action,title,created_at,published_at,platform_fields,reservation_id,platform_listing_id&status=eq.published&action=in.(publish,republish)&listing_url=is.null&platform=in.(leboncoin,beebs,ebay)&order=published_at.asc.nullslast,created_at.asc&limit=100	extension-pc	6b2057a9-ee51-4070-8732-9759d30fd521	42
2026-10-05 16:48:42.294	2026-10-05 18:48:42.294	GET	200	/rest/v1/coin_config	?key=eq.veille_commandes_ouverte&select=value	extension-pc	6b2057a9-ee51-4070-8732-9759d30fd521	34
2026-10-05 16:48:42.349	2026-10-05 18:48:42.349	POST	200	/rest/v1/rpc/palier_de		extension-pc	6b2057a9-ee51-4070-8732-9759d30fd521	33
2026-10-05 16:48:42.401	2026-10-05 18:48:42.401	GET	200	/rest/v1/cross_post_jobs	?select=id,platform,action,inventaire_id,listing_url,last_checked_at,published_at,created_at,platform_fields&status=eq.published&action=in.(publish,republish)&listing_url=not.is.null&order=last_checked_at.asc.nullsfirst&limit=60	extension-pc	6b2057a9-ee51-4070-8732-9759d30fd521	37
2026-10-05 16:48:42.460	2026-10-05 18:48:42.460	GET	200	/rest/v1/profiles	?id=eq.6b2057a9-ee51-4070-8732-9759d30fd521&select=is_pro,is_business,platform_settings	extension-pc	6b2057a9-ee51-4070-8732-9759d30fd521	44
2026-10-05 16:48:42.532	2026-10-05 18:48:42.532	GET	200	/rest/v1/vinted_sync_runs	?user_id=eq.6b2057a9-ee51-4070-8732-9759d30fd521&kind=eq.dressing&status=eq.done&select=finished_at&order=finished_at.desc&limit=1	extension-pc	6b2057a9-ee51-4070-8732-9759d30fd521	37
2026-10-05 16:48:42.537	2026-10-05 18:48:42.537	GET	200	/rest/v1/coin_config	?key=eq.sync_multi_ouverte&select=value	extension-pc	6b2057a9-ee51-4070-8732-9759d30fd521	46
2026-10-05 16:48:42.590	2026-10-05 18:48:42.590	PATCH	200	/rest/v1/vinted_sync_runs	?id=eq.c7c61d49-2e5b-41df-af58-9478e1f70856&status=eq.queued	extension-pc	6b2057a9-ee51-4070-8732-9759d30fd521	45
2026-10-05 16:48:42.603	2026-10-05 18:48:42.603	PATCH	200	/rest/v1/vinted_sync_runs	?id=eq.bc7912db-d0f1-49b7-887e-dc61611e0db5&status=eq.queued	extension-pc	6b2057a9-ee51-4070-8732-9759d30fd521	37
2026-10-05 16:48:50.319	2026-10-05 18:48:50.319	GET	200	/auth/v1/user		serveur-fonction-edge	6b2057a9-ee51-4070-8732-9759d30fd521	38
2026-10-05 16:48:50.379	2026-10-05 18:48:50.379	GET	200	/rest/v1/profiles	?select=created_at,onboarded_at,is_premium,is_pro,is_business,is_comped&id=eq.6b2057a9-ee51-4070-8732-9759d30fd521	serveur-fonction-edge		50
2026-10-05 16:48:50.380	2026-10-05 18:48:50.380	GET	200	/rest/v1/coin_ledger	?select=kind,created_at&user_id=eq.6b2057a9-ee51-4070-8732-9759d30fd521&kind=in.(grant_upgrade,purchase,grant_monthly)&created_at=gte.2026-10-04T16:48:50.367Z&limit=20	serveur-fonction-edge		54
2026-10-05 16:48:50.381	2026-10-05 18:48:50.381	GET	200	/rest/v1/usage_logs	?select=created_at&user_id=eq.6b2057a9-ee51-4070-8732-9759d30fd521&feature=eq.checkout_open&created_at=gte.2026-10-04T16:48:50.367Z&limit=5	serveur-fonction-edge		98
2026-10-05 16:48:50.382	2026-10-05 18:48:50.382	GET	200	/rest/v1/cross_post_jobs	?select=id,action,status,created_at,published_at,handler_build,pdr:platform_fields->pas_de_rouge,rs:platform_fields->retenue_serveur,rl:platform_fields->retenue_levee,os:platform_fields->opla_sortie&user_id=eq.6b2057a9-ee51-4070-8732-9759d30fd521&action=in.(publish,republish,delete)&or=(handler_build.is.null,and(handler_build.not.ilike.*releve-annonces*,handler_build.not.ilike.*sync-dressing*))&or…	serveur-fonction-edge		50
2026-10-05 16:48:50.382	2026-10-05 18:48:50.382	GET	200	/rest/v1/usage_logs	?select=created_at,metadata&user_id=eq.6b2057a9-ee51-4070-8732-9759d30fd521&feature=eq.avis_demande&order=created_at.desc&limit=50	serveur-fonction-edge		40
2026-10-05 16:48:50.383	2026-10-05 18:48:50.383	GET	200	/rest/v1/cross_post_jobs	?select=id,action,status,created_at,handler_build,ps:platform_fields->>processing_since,naa:platform_fields->>next_action_after,os:platform_fields->opla_sortie&user_id=eq.6b2057a9-ee51-4070-8732-9759d30fd521&action=in.(publish,republish,delete)&status=in.(needs_user,failed,processing,pending)&or=(handler_build.is.null,and(handler_build.not.ilike.*releve-annonces*,handler_build.not.ilike.*sync-dres…	serveur-fonction-edge		41
2026-10-05 16:48:56.315	2026-10-05 18:48:56.315	GET	200	/rest/v1/vinted_sync_runs	?select=finished_at&user_id=eq.6b2057a9-ee51-4070-8732-9759d30fd521&platform=eq.opla&status=eq.done&kind=neq.connexion&finished_at=not.is.null&order=finished_at.desc&limit=1	web-pc-chrome154	6b2057a9-ee51-4070-8732-9759d30fd521	53
2026-10-05 16:48:56.316	2026-10-05 18:48:56.316	GET	200	/rest/v1/cross_post_jobs	?select=id,inventaire_id,platform,status,error,created_at,published_at,platform_fields,action,listing_url,title,bulk_batch_id,voie&user_id=eq.6b2057a9-ee51-4070-8732-9759d30fd521&status=in.(pending,processing,published,failed,needs_user,deleted,cancelled,dry_run_completed)&order=created_at.desc,id.desc&offset=0&limit=1000	web-pc-chrome154	6b2057a9-ee51-4070-8732-9759d30fd521	58
2026-10-05 16:48:56.317	2026-10-05 18:48:56.317	GET	200	/rest/v1/cross_post_jobs	?select=published_at&user_id=eq.6b2057a9-ee51-4070-8732-9759d30fd521&platform=eq.opla&status=eq.published&published_at=not.is.null&or=(handler_build.is.null,handler_build.neq.releve-annonces)&order=published_at.desc&limit=1	web-pc-chrome154	6b2057a9-ee51-4070-8732-9759d30fd521	65
2026-10-05 16:48:56.319	2026-10-05 18:48:56.319	GET	200	/rest/v1/cross_post_jobs	?select=created_at,platform_fields&user_id=eq.6b2057a9-ee51-4070-8732-9759d30fd521&platform=eq.opla&status=eq.needs_user&platform_fields->>needs_user_source=eq.opla_acces&limit=50	web-pc-chrome154	6b2057a9-ee51-4070-8732-9759d30fd521	55
2026-10-05 16:48:56.323	2026-10-05 18:48:56.323	GET	200	/rest/v1/cross_post_jobs	?select=platform_fields&user_id=eq.6b2057a9-ee51-4070-8732-9759d30fd521&platform=eq.opla&platform_fields->>opla_acces_accorde_le=not.is.null&platform_fields->>opla_acces_accorde_par=is.null&order=created_at.desc&limit=20	web-pc-chrome154	6b2057a9-ee51-4070-8732-9759d30fd521	53
2026-10-05 16:48:56.359	2026-10-05 18:48:56.359	GET	200	/rest/v1/profiles	?select=extension_last_seen_at,extension_version&id=eq.6b2057a9-ee51-4070-8732-9759d30fd521	web-pc-chrome154	6b2057a9-ee51-4070-8732-9759d30fd521	38
2026-10-05 16:48:56.383	2026-10-05 18:48:56.383	GET	200	/rest/v1/coin_config	?select=value&key=eq.nouveau_stepper_ouvert	web-pc-chrome154	6b2057a9-ee51-4070-8732-9759d30fd521	36
2026-10-05 16:48:56.447	2026-10-05 18:48:56.447	GET	200	/rest/v1/annonces_plateforme	?select=id,platform,inventaire_id,vues,favoris,vu_le&user_id=eq.6b2057a9-ee51-4070-8732-9759d30fd521&inventaire_id=not.is.null&disparu_le=is.null&order=id.asc&limit=500	web-pc-chrome154	6b2057a9-ee51-4070-8732-9759d30fd521	40
2026-10-05 16:48:56.471	2026-10-05 18:48:56.471	OPTIONS	200	/rest/v1/cross_post_jobs	?select=id,platform,listing_url,platform_listing_id,created_at&user_id=eq.6b2057a9-ee51-4070-8732-9759d30fd521&action=eq.delete&platform=in.(leboncoin,beebs,ebay,opla)&status=in.(pending,processing,needs_user,deleted)&created_at=gte.2026-08-06T16:48:56.229Z&order=id.asc&limit=500	web-pc-chrome154		0
2026-10-05 16:48:56.472	2026-10-05 18:48:56.472	GET	200	/rest/v1/vinted_sync_runs	?select=id,platform,status,declencheur,items_vus,items_crees,items_maj,total_entries,erreur,queued_at,started_at,finished_at&user_id=eq.6b2057a9-ee51-4070-8732-9759d30fd521&kind=eq.annonces&order=queued_at.desc.nullslast,started_at.desc.nullslast&limit=60	web-pc-chrome154	6b2057a9-ee51-4070-8732-9759d30fd521	42
2026-10-05 16:48:56.474	2026-10-05 18:48:56.474	GET	200	/rest/v1/annonces_plateforme	?select=id,platform,listing_id,vu_le,inventaire_id,ignoree_le,disparu_le&user_id=eq.6b2057a9-ee51-4070-8732-9759d30fd521&disparu_le=is.null&order=id.asc&limit=500	web-pc-chrome154	6b2057a9-ee51-4070-8732-9759d30fd521	50
2026-10-05 16:48:56.475	2026-10-05 18:48:56.475	POST	200	/rest/v1/rpc/releves_vides_signales		web-pc-chrome154	6b2057a9-ee51-4070-8732-9759d30fd521	50
2026-10-05 16:48:56.477	2026-10-05 18:48:56.477	OPTIONS	200	/rest/v1/cross_post_jobs	?select=id,platform,listing_url,platform_listing_id,created_at&user_id=eq.6b2057a9-ee51-4070-8732-9759d30fd521&action=eq.delete&platform=in.(leboncoin,beebs,ebay,opla)&status=in.(pending,processing,needs_user,deleted)&created_at=gte.2026-08-06T16:48:56.229Z&order=id.asc&limit=500	web-pc-chrome154		0
2026-10-05 16:48:56.479	2026-10-05 18:48:56.479	GET	200	/rest/v1/vinted_sync_runs	?select=id,platform,status,items_vus,erreur,queued_at,started_at,finished_at&user_id=eq.6b2057a9-ee51-4070-8732-9759d30fd521&kind=eq.dressing&status=eq.done&order=finished_at.desc.nullslast&limit=1	web-pc-chrome154	6b2057a9-ee51-4070-8732-9759d30fd521	43
2026-10-05 16:48:56.481	2026-10-05 18:48:56.481	GET	200	/rest/v1/inventaire_doublons	?select=id,garde,absorbe,niveau,motif,preuves,created_at&user_id=eq.6b2057a9-ee51-4070-8732-9759d30fd521&statut=eq.proposee&order=created_at.desc&limit=200	web-pc-chrome154	6b2057a9-ee51-4070-8732-9759d30fd521	42
2026-10-05 16:48:56.486	2026-10-05 18:48:56.486	GET	200	/rest/v1/annonces_plateforme	?select=id,platform,listing_id,url,titre,prix,photo_url,statut_plateforme,proposition,vu_le&user_id=eq.6b2057a9-ee51-4070-8732-9759d30fd521&inventaire_id=is.null&ignoree_le=is.null&disparu_le=is.null&order=vu_le.desc&limit=300	web-pc-chrome154	6b2057a9-ee51-4070-8732-9759d30fd521	47
2026-10-05 16:48:56.488	2026-10-05 18:48:56.488	POST	200	/rest/v1/rpc/annonces_en_rangement		web-pc-chrome154	6b2057a9-ee51-4070-8732-9759d30fd521	36
2026-10-05 16:48:56.494	2026-10-05 18:48:56.494	GET	200	/rest/v1/cross_post_jobs	?select=id,platform,listing_url,platform_listing_id,created_at&user_id=eq.6b2057a9-ee51-4070-8732-9759d30fd521&action=eq.delete&platform=in.(leboncoin,beebs,ebay,opla)&status=in.(pending,processing,needs_user,deleted)&created_at=gte.2026-08-06T16:48:56.229Z&order=id.asc&limit=500	web-pc-chrome154	6b2057a9-ee51-4070-8732-9759d30fd521	42
2026-10-05 16:48:56.512	2026-10-05 18:48:56.512	GET	200	/rest/v1/vinted_sync_runs	?select=id,status,page_suivante,total_pages,total_entries,items_vus,items_crees,items_maj,erreur,started_at,finished_at,vinted_login,vinted_user_id&user_id=eq.6b2057a9-ee51-4070-8732-9759d30fd521&kind=eq.dressing&order=started_at.desc&limit=1	web-pc-chrome154	6b2057a9-ee51-4070-8732-9759d30fd521	36
2026-10-05 16:48:56.514	2026-10-05 18:48:56.514	GET	200	/rest/v1/annonces_plateforme	?select=id,platform,inventaire_id,vues,favoris,vu_le&user_id=eq.6b2057a9-ee51-4070-8732-9759d30fd521&inventaire_id=not.is.null&disparu_le=is.null&order=id.asc&limit=500&id=gt.f3f1c690-5fa5-4428-b927-5792a6b568d7	web-pc-chrome154	6b2057a9-ee51-4070-8732-9759d30fd521	36
2026-10-05 16:48:56.558	2026-10-05 18:48:56.558	GET	200	/rest/v1/annonces_plateforme	?select=id,platform,listing_id,vu_le,inventaire_id,ignoree_le,disparu_le&user_id=eq.6b2057a9-ee51-4070-8732-9759d30fd521&disparu_le=is.null&order=id.asc&limit=500&id=gt.f3f1c690-5fa5-4428-b927-5792a6b568d7	web-pc-chrome154	6b2057a9-ee51-4070-8732-9759d30fd521	36
2026-10-05 16:48:56.559	2026-10-05 18:48:56.559	GET	200	/rest/v1/cross_post_jobs	?select=id,platform,listing_url,platform_listing_id,created_at&user_id=eq.6b2057a9-ee51-4070-8732-9759d30fd521&action=eq.delete&platform=in.(leboncoin,beebs,ebay,opla)&status=in.(pending,processing,needs_user,deleted)&created_at=gte.2026-08-06T16:48:56.229Z&order=id.asc&limit=500	web-pc-chrome154	6b2057a9-ee51-4070-8732-9759d30fd521	37
2026-10-05 16:48:56.676	2026-10-05 18:48:56.676	GET	200	/auth/v1/user		serveur-fonction-edge	6b2057a9-ee51-4070-8732-9759d30fd521	47
2026-10-05 16:48:56.743	2026-10-05 18:48:56.743	GET	200	/rest/v1/coin_config	?select=value&key=eq.opla_sortie_le	serveur-fonction-edge	6b2057a9-ee51-4070-8732-9759d30fd521	42
2026-10-05 16:48:56.864	2026-10-05 18:48:56.864	POST	200	/rest/v1/rpc/republish_planifiee_fenetres_courantes		serveur-fonction-edge	6b2057a9-ee51-4070-8732-9759d30fd521	37
2026-10-05 16:48:56.915	2026-10-05 18:48:56.915	GET	200	/rest/v1/coin_config	?select=key,value&key=in.(republish_plafond_jour,republish_plafond_jour_premium,republish_plafond_jour_pro,republish_plafond_jour_business,republish_pause_apres,republish_pause_duree_min)	serveur-fonction-edge	6b2057a9-ee51-4070-8732-9759d30fd521	33
2026-10-05 16:48:56.958	2026-10-05 18:48:56.958	GET	200	/rest/v1/profiles	?select=is_business,is_pro,is_premium,is_comped&id=eq.6b2057a9-ee51-4070-8732-9759d30fd521	serveur-fonction-edge	6b2057a9-ee51-4070-8732-9759d30fd521	36
2026-10-05 16:48:57.008	2026-10-05 18:48:57.008	GET	200	/rest/v1/cross_post_jobs	?select=published_at&action=eq.republish&status=eq.published&published_at=gte.2026-10-01T16:48:56.999Z&order=published_at.desc&limit=1000	serveur-fonction-edge	6b2057a9-ee51-4070-8732-9759d30fd521	45
2026-10-05 16:48:57.398	2026-10-05 18:48:57.398	GET	200	/rest/v1/profiles	?id=eq.6b2057a9-ee51-4070-8732-9759d30fd521&select=extension_sessions	extension-pc	6b2057a9-ee51-4070-8732-9759d30fd521	43
2026-10-05 16:48:57.991	2026-10-05 18:48:57.991	PATCH	204	/rest/v1/profiles	?id=eq.6b2057a9-ee51-4070-8732-9759d30fd521	extension-pc	6b2057a9-ee51-4070-8732-9759d30fd521	44
2026-10-05 16:49:11.820	2026-10-05 18:49:11.820	GET	200	/rest/v1/annonces_plateforme	?select=id,platform,listing_id,vu_le,inventaire_id,ignoree_le,disparu_le&user_id=eq.6b2057a9-ee51-4070-8732-9759d30fd521&disparu_le=is.null&order=id.asc&limit=500	web-pc-chrome154	6b2057a9-ee51-4070-8732-9759d30fd521	46
2026-10-05 16:49:11.821	2026-10-05 18:49:11.821	GET	200	/rest/v1/vinted_sync_runs	?select=id,platform,status,declencheur,items_vus,items_crees,items_maj,total_entries,erreur,queued_at,started_at,finished_at&user_id=eq.6b2057a9-ee51-4070-8732-9759d30fd521&kind=eq.annonces&order=queued_at.desc.nullslast,started_at.desc.nullslast&limit=60	web-pc-chrome154	6b2057a9-ee51-4070-8732-9759d30fd521	50
2026-10-05 16:49:11.823	2026-10-05 18:49:11.823	OPTIONS	200	/rest/v1/cross_post_jobs	?select=id,platform,listing_url,platform_listing_id,created_at&user_id=eq.6b2057a9-ee51-4070-8732-9759d30fd521&action=eq.delete&platform=in.(leboncoin,beebs,ebay,opla)&status=in.(pending,processing,needs_user,deleted)&created_at=gte.2026-08-06T16:49:11.442Z&order=id.asc&limit=500	web-pc-chrome154		5
2026-10-05 16:49:11.824	2026-10-05 18:49:11.824	OPTIONS	200	/rest/v1/cross_post_jobs	?select=id,platform,listing_url,platform_listing_id,created_at&user_id=eq.6b2057a9-ee51-4070-8732-9759d30fd521&action=eq.delete&platform=in.(leboncoin,beebs,ebay,opla)&status=in.(pending,processing,needs_user,deleted)&created_at=gte.2026-08-06T16:49:11.442Z&order=id.asc&limit=500	web-pc-chrome154		3
2026-10-05 16:49:26.889	2026-10-05 18:49:26.889	GET	200	/rest/v1/vinted_sync_runs	?select=id,status,page_suivante,total_pages,total_entries,items_vus,items_crees,items_maj,erreur,started_at,finished_at,vinted_login,vinted_user_id&user_id=eq.6b2057a9-ee51-4070-8732-9759d30fd521&kind=eq.dressing&order=started_at.desc&limit=1	web-pc-chrome154	6b2057a9-ee51-4070-8732-9759d30fd521	58
2026-10-05 16:49:26.890	2026-10-05 18:49:26.890	GET	200	/rest/v1/vinted_sync_runs	?select=id,platform,status,declencheur,items_vus,items_crees,items_maj,total_entries,erreur,queued_at,started_at,finished_at&user_id=eq.6b2057a9-ee51-4070-8732-9759d30fd521&kind=eq.annonces&order=queued_at.desc.nullslast,started_at.desc.nullslast&limit=60	web-pc-chrome154	6b2057a9-ee51-4070-8732-9759d30fd521	49
2026-10-05 16:49:26.892	2026-10-05 18:49:26.892	OPTIONS	200	/rest/v1/cross_post_jobs	?select=id,platform,listing_url,platform_listing_id,created_at&user_id=eq.6b2057a9-ee51-4070-8732-9759d30fd521&action=eq.delete&platform=in.(leboncoin,beebs,ebay,opla)&status=in.(pending,processing,needs_user,deleted)&created_at=gte.2026-08-06T16:49:11.442Z&order=id.asc&limit=500	web-pc-chrome154		1
2026-10-05 16:49:26.893	2026-10-05 18:49:26.893	OPTIONS	200	/rest/v1/cross_post_jobs	?select=id,inventaire_id,platform,status,error,created_at,published_at,platform_fields,action,listing_url,title,bulk_batch_id,voie&user_id=eq.6b2057a9-ee51-4070-8732-9759d30fd521&or=(status.in.(pending,processing,needs_user),created_at.gte."2026-10-05T16:42:00.184283+00:00")&order=created_at.desc,id.desc&limit=1000	web-pc-chrome154		4
2026-10-05 16:49:26.894	2026-10-05 18:49:26.894	GET	200	/rest/v1/annonces_plateforme	?select=id,platform,listing_id,vu_le,inventaire_id,ignoree_le,disparu_le&user_id=eq.6b2057a9-ee51-4070-8732-9759d30fd521&disparu_le=is.null&order=id.asc&limit=500	web-pc-chrome154	6b2057a9-ee51-4070-8732-9759d30fd521	48
2026-10-05 16:49:26.895	2026-10-05 18:49:26.895	GET	200	/rest/v1/inventaire_doublons	?select=id,garde,absorbe,niveau,motif,preuves,created_at&user_id=eq.6b2057a9-ee51-4070-8732-9759d30fd521&statut=eq.proposee&order=created_at.desc&limit=200	web-pc-chrome154	6b2057a9-ee51-4070-8732-9759d30fd521	44
2026-10-05 16:49:27.448	2026-10-05 18:49:27.448	GET	200	/rest/v1/vinted_sync_runs	?select=id,platform,status,items_vus,erreur,queued_at,started_at,finished_at&user_id=eq.6b2057a9-ee51-4070-8732-9759d30fd521&kind=eq.dressing&status=eq.done&order=finished_at.desc.nullslast&limit=1	web-pc-chrome154	6b2057a9-ee51-4070-8732-9759d30fd521	35
2026-10-05 16:49:27.450	2026-10-05 18:49:27.450	GET	200	/rest/v1/annonces_plateforme	?select=id,platform,listing_id,url,titre,prix,photo_url,statut_plateforme,proposition,vu_le&user_id=eq.6b2057a9-ee51-4070-8732-9759d30fd521&inventaire_id=is.null&ignoree_le=is.null&disparu_le=is.null&order=vu_le.desc&limit=300	web-pc-chrome154	6b2057a9-ee51-4070-8732-9759d30fd521	42
2026-10-05 16:49:27.452	2026-10-05 18:49:27.452	OPTIONS	200	/rest/v1/cross_post_jobs	?select=id,platform,listing_url,platform_listing_id,created_at&user_id=eq.6b2057a9-ee51-4070-8732-9759d30fd521&action=eq.delete&platform=in.(leboncoin,beebs,ebay,opla)&status=in.(pending,processing,needs_user,deleted)&created_at=gte.2026-08-06T16:49:11.442Z&order=id.asc&limit=500	web-pc-chrome154		0
2026-10-05 16:49:27.454	2026-10-05 18:49:27.454	OPTIONS	200	/rest/v1/profiles	?select=extension_sessions&id=eq.6b2057a9-ee51-4070-8732-9759d30fd521	web-pc-chrome154		0
2026-10-05 16:49:30.940	2026-10-05 18:49:30.940	OPTIONS	200	/rest/v1/cross_post_jobs	?select=platform,created_at&user_id=eq.6b2057a9-ee51-4070-8732-9759d30fd521&status=eq.published&created_at=gte.2026-10-02T16:49:16.826Z&order=created_at.desc&limit=50	web-pc-chrome154		0
2026-10-05 16:49:30.942	2026-10-05 18:49:30.942	GET	200	/rest/v1/coin_config	?select=value&key=eq.republish_planifiee_actif	web-pc-chrome154	6b2057a9-ee51-4070-8732-9759d30fd521	34
2026-10-05 16:49:30.945	2026-10-05 18:49:30.945	POST	200	/rest/v1/rpc/republish_planifiee_etat_multi		web-pc-chrome154	6b2057a9-ee51-4070-8732-9759d30fd521	68
2026-10-05 16:49:30.946	2026-10-05 18:49:30.946	GET	200	/rest/v1/profiles	?select=extension_postes,extension_sessions&id=eq.6b2057a9-ee51-4070-8732-9759d30fd521	web-pc-chrome154	6b2057a9-ee51-4070-8732-9759d30fd521	60
2026-10-05 16:49:30.948	2026-10-05 18:49:30.948	GET	200	/rest/v1/vinted_sync_runs	?select=id,status,page_suivante,total_pages,total_entries,items_vus,items_crees,items_maj,erreur,started_at,finished_at,vinted_login,vinted_user_id&user_id=eq.6b2057a9-ee51-4070-8732-9759d30fd521&kind=eq.dressing&order=started_at.desc&limit=1	web-pc-chrome154	6b2057a9-ee51-4070-8732-9759d30fd521	62
2026-10-05 16:49:30.948	2026-10-05 18:49:30.948	GET	200	/rest/v1/vinted_sync_runs	?select=finished_at&user_id=eq.6b2057a9-ee51-4070-8732-9759d30fd521&platform=eq.opla&erreur=ilike.%session+Opla+refus%HTTP+401%&finished_at=not.is.null&order=finished_at.desc&limit=1	web-pc-chrome154	6b2057a9-ee51-4070-8732-9759d30fd521	57
2026-10-05 16:49:30.949	2026-10-05 18:49:30.949	GET	200	/rest/v1/cross_post_jobs	?select=created_at,platform_fields&user_id=eq.6b2057a9-ee51-4070-8732-9759d30fd521&platform=eq.opla&status=eq.needs_user&platform_fields->>needs_user_source=eq.opla_acces&limit=50	web-pc-chrome154	6b2057a9-ee51-4070-8732-9759d30fd521	46
2026-10-05 16:49:30.949	2026-10-05 18:49:30.949	GET	200	/rest/v1/vinted_sync_runs	?select=finished_at&user_id=eq.6b2057a9-ee51-4070-8732-9759d30fd521&platform=eq.opla&status=eq.done&kind=neq.connexion&finished_at=not.is.null&order=finished_at.desc&limit=1	web-pc-chrome154	6b2057a9-ee51-4070-8732-9759d30fd521	54
2026-10-05 16:49:30.950	2026-10-05 18:49:30.950	POST	200	/rest/v1/rpc/releves_vides_signales		web-pc-chrome154	6b2057a9-ee51-4070-8732-9759d30fd521	42
2026-10-05 16:49:30.950	2026-10-05 18:49:30.950	GET	200	/rest/v1/vinted_sync_runs	?select=finished_at&user_id=eq.6b2057a9-ee51-4070-8732-9759d30fd521&platform=eq.opla&erreur=ilike.%accès+Opla+non+accordé%&finished_at=not.is.null&order=finished_at.desc&limit=1	web-pc-chrome154	6b2057a9-ee51-4070-8732-9759d30fd521	60
2026-10-05 16:49:30.951	2026-10-05 18:49:30.951	GET	200	/rest/v1/cross_post_jobs	?select=published_at&user_id=eq.6b2057a9-ee51-4070-8732-9759d30fd521&platform=eq.opla&status=eq.published&published_at=not.is.null&or=(handler_build.is.null,handler_build.neq.releve-annonces)&order=published_at.desc&limit=1	web-pc-chrome154	6b2057a9-ee51-4070-8732-9759d30fd521	59
2026-10-05 16:49:30.952	2026-10-05 18:49:30.952	POST	200	/rest/v1/rpc/quotas_etat		web-pc-chrome154	6b2057a9-ee51-4070-8732-9759d30fd521	39
2026-10-05 16:49:30.953	2026-10-05 18:49:30.953	POST	200	/rest/v1/rpc/annonces_en_rangement		web-pc-chrome154	6b2057a9-ee51-4070-8732-9759d30fd521	38
2026-10-05 16:49:30.956	2026-10-05 18:49:30.956	OPTIONS	200	/rest/v1/coin_wallets	?select=next_grant_at&user_id=eq.6b2057a9-ee51-4070-8732-9759d30fd521	web-pc-chrome154		0
2026-10-05 16:49:30.957	2026-10-05 18:49:30.957	GET	200	/rest/v1/profiles	?select=platform_settings&id=eq.6b2057a9-ee51-4070-8732-9759d30fd521	web-pc-chrome154	6b2057a9-ee51-4070-8732-9759d30fd521	38
2026-10-05 16:49:30.960	2026-10-05 18:49:30.960	GET	200	/rest/v1/cross_post_jobs	?select=platform_fields&user_id=eq.6b2057a9-ee51-4070-8732-9759d30fd521&platform=eq.opla&platform_fields->>opla_acces_accorde_le=not.is.null&platform_fields->>opla_acces_accorde_par=is.null&order=created_at.desc&limit=20	web-pc-chrome154	6b2057a9-ee51-4070-8732-9759d30fd521	44
2026-10-05 16:49:32.155	2026-10-05 18:49:32.155	GET	200	/rest/v1/vinted_sync_runs	?select=id,status,page_suivante,total_pages,total_entries,items_vus,items_crees,items_maj,erreur,started_at,finished_at,vinted_login,vinted_user_id&user_id=eq.6b2057a9-ee51-4070-8732-9759d30fd521&kind=eq.dressing&order=started_at.desc&limit=1	web-pc-chrome154	6b2057a9-ee51-4070-8732-9759d30fd521	52
2026-10-05 16:49:32.156	2026-10-05 18:49:32.156	GET	200	/rest/v1/vinted_sync_runs	?select=id,status,page_suivante,total_pages,total_entries,items_vus,items_crees,items_maj,erreur,started_at,finished_at,vinted_login,vinted_user_id&user_id=eq.6b2057a9-ee51-4070-8732-9759d30fd521&kind=eq.dressing&order=started_at.desc&limit=1	web-pc-chrome154	6b2057a9-ee51-4070-8732-9759d30fd521	53
2026-10-05 16:49:32.157	2026-10-05 18:49:32.157	GET	200	/rest/v1/vinted_sync_runs	?select=id,status,page_suivante,total_pages,total_entries,items_vus,items_crees,items_maj,erreur,started_at,finished_at,vinted_login,vinted_user_id&user_id=eq.6b2057a9-ee51-4070-8732-9759d30fd521&kind=eq.dressing&order=started_at.desc&limit=1	web-pc-chrome154	6b2057a9-ee51-4070-8732-9759d30fd521	55
2026-10-05 16:49:32.158	2026-10-05 18:49:32.158	GET	200	/rest/v1/vinted_sync_runs	?select=id,status,page_suivante,total_pages,total_entries,items_vus,items_crees,items_maj,erreur,started_at,finished_at,vinted_login,vinted_user_id&user_id=eq.6b2057a9-ee51-4070-8732-9759d30fd521&kind=eq.dressing&order=started_at.desc&limit=1	web-pc-chrome154	6b2057a9-ee51-4070-8732-9759d30fd521	59
2026-10-05 16:49:32.158	2026-10-05 18:49:32.158	GET	200	/rest/v1/vinted_sync_runs	?select=id,status,page_suivante,total_pages,total_entries,items_vus,items_crees,items_maj,erreur,started_at,finished_at,vinted_login,vinted_user_id&user_id=eq.6b2057a9-ee51-4070-8732-9759d30fd521&kind=eq.dressing&order=started_at.desc&limit=1	web-pc-chrome154	6b2057a9-ee51-4070-8732-9759d30fd521	60
2026-10-05 16:49:39.378	2026-10-05 18:49:39.378	GET	200	/rest/v1/vinted_sync_runs	?select=id,status,page_suivante,total_pages,total_entries,items_vus,items_crees,items_maj,erreur,started_at,finished_at,vinted_login,vinted_user_id&user_id=eq.6b2057a9-ee51-4070-8732-9759d30fd521&kind=eq.dressing&order=started_at.desc&limit=1	web-pc-chrome154	6b2057a9-ee51-4070-8732-9759d30fd521	80
2026-10-05 16:49:39.380	2026-10-05 18:49:39.380	GET	200	/rest/v1/cross_post_jobs	?select=id,inventaire_id,platform,status,error,created_at,published_at,platform_fields,action,listing_url,title,bulk_batch_id,voie&user_id=eq.6b2057a9-ee51-4070-8732-9759d30fd521&or=(status.in.(pending,processing,needs_user),created_at.gte."2026-10-05T16:42:00.184283+00:00")&order=created_at.desc,id.desc&limit=1000	web-pc-chrome154	6b2057a9-ee51-4070-8732-9759d30fd521	87
2026-10-05 16:49:39.382	2026-10-05 18:49:39.382	POST	200	/rest/v1/rpc/plateformes_verite		web-pc-chrome154	6b2057a9-ee51-4070-8732-9759d30fd521	93
2026-10-05 16:49:39.383	2026-10-05 18:49:39.383	GET	200	/rest/v1/annonces_plateforme	?select=id,platform,listing_id,vu_le,inventaire_id,ignoree_le,disparu_le&user_id=eq.6b2057a9-ee51-4070-8732-9759d30fd521&disparu_le=is.null&order=id.asc&limit=500&id=gt.f3f1c690-5fa5-4428-b927-5792a6b568d7	web-pc-chrome154	6b2057a9-ee51-4070-8732-9759d30fd521	78
2026-10-05 16:49:39.383	2026-10-05 18:49:39.383	GET	200	/rest/v1/cross_post_jobs	?select=id,platform,listing_url,platform_listing_id,created_at&user_id=eq.6b2057a9-ee51-4070-8732-9759d30fd521&action=eq.delete&platform=in.(leboncoin,beebs,ebay,opla)&status=in.(pending,processing,needs_user,deleted)&created_at=gte.2026-08-06T16:49:11.442Z&order=id.asc&limit=500	web-pc-chrome154	6b2057a9-ee51-4070-8732-9759d30fd521	78
2026-10-05 16:49:39.384	2026-10-05 18:49:39.384	GET	200	/rest/v1/vinted_sync_runs	?select=id,status,page_suivante,total_pages,total_entries,items_vus,items_crees,items_maj,erreur,started_at,finished_at,vinted_login,vinted_user_id&user_id=eq.6b2057a9-ee51-4070-8732-9759d30fd521&kind=eq.dressing&order=started_at.desc&limit=1	web-pc-chrome154	6b2057a9-ee51-4070-8732-9759d30fd521	91
2026-10-05 16:49:39.384	2026-10-05 18:49:39.384	GET	200	/rest/v1/profiles	?select=extension_sessions&id=eq.6b2057a9-ee51-4070-8732-9759d30fd521	web-pc-chrome154	6b2057a9-ee51-4070-8732-9759d30fd521	82
2026-10-05 16:49:39.387	2026-10-05 18:49:39.387	GET	200	/rest/v1/cross_post_jobs	?select=id,status,last_checked_at,sale_signal:platform_fields->>sale_signal,unavailable_since:platform_fields->>unavailable_since,pending_removal:platform_fields->>pending_removal,check_unresolved_since:platform_fields->>check_unresolved_since&user_id=eq.6b2057a9-ee51-4070-8732-9759d30fd521&order=created_at.desc&limit=80	web-pc-chrome154	6b2057a9-ee51-4070-8732-9759d30fd521	70
2026-10-05 16:49:39.388	2026-10-05 18:49:39.388	GET	200	/rest/v1/coin_wallets	?select=next_grant_at&user_id=eq.6b2057a9-ee51-4070-8732-9759d30fd521	web-pc-chrome154	6b2057a9-ee51-4070-8732-9759d30fd521	85
2026-10-05 16:49:39.388	2026-10-05 18:49:39.388	GET	200	/rest/v1/vinted_sync_runs	?select=id,status,page_suivante,total_pages,total_entries,items_vus,items_crees,items_maj,erreur,started_at,finished_at,vinted_login,vinted_user_id&user_id=eq.6b2057a9-ee51-4070-8732-9759d30fd521&kind=eq.dressing&order=started_at.desc&limit=1	web-pc-chrome154	6b2057a9-ee51-4070-8732-9759d30fd521	72
2026-10-05 16:49:39.390	2026-10-05 18:49:39.390	GET	200	/rest/v1/cross_post_jobs	?select=platform,created_at&user_id=eq.6b2057a9-ee51-4070-8732-9759d30fd521&status=eq.published&created_at=gte.2026-10-02T16:49:16.826Z&order=created_at.desc&limit=50	web-pc-chrome154	6b2057a9-ee51-4070-8732-9759d30fd521	81
2026-10-05 16:49:39.573	2026-10-05 18:49:39.573	GET	200	/auth/v1/user		serveur-fonction-edge	6b2057a9-ee51-4070-8732-9759d30fd521	49
2026-10-05 16:49:39.637	2026-10-05 18:49:39.637	GET	200	/rest/v1/ebay_accounts	?select=*&user_id=eq.6b2057a9-ee51-4070-8732-9759d30fd521	serveur-fonction-edge		44
2026-10-05 16:49:39.706	2026-10-05 18:49:39.706	GET	200	/rest/v1/ebay_accounts	?select=merchant_location_key&user_id=eq.6b2057a9-ee51-4070-8732-9759d30fd521	serveur-fonction-edge		42
2026-10-05 16:49:39.707	2026-10-05 18:49:39.707	GET	200	/rest/v1/profiles	?select=platform_settings&id=eq.6b2057a9-ee51-4070-8732-9759d30fd521	serveur-fonction-edge		42
2026-10-05 16:49:40.294	2026-10-05 18:49:40.294	PATCH	204	/rest/v1/ebay_accounts	?user_id=eq.6b2057a9-ee51-4070-8732-9759d30fd521	serveur-fonction-edge		42
2026-10-05 16:49:40.345	2026-10-05 18:49:40.345	GET	200	/rest/v1/ebay_accounts	?select=*&user_id=eq.6b2057a9-ee51-4070-8732-9759d30fd521	serveur-fonction-edge		35
2026-10-05 16:49:41.069	2026-10-05 18:49:41.069	GET	200	/rest/v1/vinted_sync_runs	?select=id,status,page_suivante,total_pages,total_entries,items_vus,items_crees,items_maj,erreur,started_at,finished_at,vinted_login,vinted_user_id&user_id=eq.6b2057a9-ee51-4070-8732-9759d30fd521&kind=eq.dressing&order=started_at.desc&limit=1	web-pc-chrome154	6b2057a9-ee51-4070-8732-9759d30fd521	38
2026-10-05 16:49:42.617	2026-10-05 18:49:42.617	GET	200	/rest/v1/cross_post_jobs	?select=id,platform,listing_url,platform_listing_id,created_at&user_id=eq.6b2057a9-ee51-4070-8732-9759d30fd521&action=eq.delete&platform=in.(leboncoin,beebs,ebay,opla)&status=in.(pending,processing,needs_user,deleted)&created_at=gte.2026-08-06T16:49:11.442Z&order=id.asc&limit=500	web-pc-chrome154	6b2057a9-ee51-4070-8732-9759d30fd521	36
2026-10-05 16:49:44.901	2026-10-05 18:49:44.901	GET	200	/rest/v1/vinted_sync_runs	?select=id,status,page_suivante,total_pages,total_entries,items_vus,items_crees,items_maj,erreur,started_at,finished_at,vinted_login,vinted_user_id&user_id=eq.6b2057a9-ee51-4070-8732-9759d30fd521&kind=eq.dressing&order=started_at.desc&limit=1	web-pc-chrome154	6b2057a9-ee51-4070-8732-9759d30fd521	62
2026-10-05 16:49:45.339	2026-10-05 18:49:45.339	GET	200	/rest/v1/vinted_sync_runs	?select=id,status,page_suivante,total_pages,total_entries,items_vus,items_crees,items_maj,erreur,started_at,finished_at,vinted_login,vinted_user_id&user_id=eq.6b2057a9-ee51-4070-8732-9759d30fd521&kind=eq.dressing&order=started_at.desc&limit=1	web-pc-chrome154	6b2057a9-ee51-4070-8732-9759d30fd521	46
2026-10-05 16:49:47.881	2026-10-05 18:49:47.881	GET	200	/rest/v1/coin_config	?select=key,value	web-pc-chrome154	6b2057a9-ee51-4070-8732-9759d30fd521	56
2026-10-05 16:49:47.881	2026-10-05 18:49:47.881	POST	201	/rest/v1/usage_logs		web-pc-chrome154	6b2057a9-ee51-4070-8732-9759d30fd521	53
2026-10-05 16:49:47.882	2026-10-05 18:49:47.882	POST	201	/rest/v1/usage_logs		web-pc-chrome154	6b2057a9-ee51-4070-8732-9759d30fd521	53
2026-10-05 16:49:47.883	2026-10-05 18:49:47.883	POST	200	/rest/v1/rpc/quotas_etat		web-pc-chrome154	6b2057a9-ee51-4070-8732-9759d30fd521	56
2026-10-05 16:49:48.141	2026-10-05 18:49:48.141	GET	200	/rest/v1/vinted_sync_runs	?select=id,status,page_suivante,total_pages,total_entries,items_vus,items_crees,items_maj,erreur,started_at,finished_at,vinted_login,vinted_user_id&user_id=eq.6b2057a9-ee51-4070-8732-9759d30fd521&kind=eq.dressing&order=started_at.desc&limit=1	web-pc-chrome154	6b2057a9-ee51-4070-8732-9759d30fd521	39
2026-10-05 16:49:48.975	2026-10-05 18:49:48.975	POST	201	/rest/v1/usage_logs		web-pc-chrome154	6b2057a9-ee51-4070-8732-9759d30fd521	39
2026-10-05 16:49:54.098	2026-10-05 18:49:54.098	GET	200	/rest/v1/profiles	?select=beta_flags&id=eq.6b2057a9-ee51-4070-8732-9759d30fd521	web-pc-chrome154	6b2057a9-ee51-4070-8732-9759d30fd521	122
2026-10-05 16:49:54.142	2026-10-05 18:49:54.142	GET	200	/rest/v1/vinted_sync_runs	?select=id,status,page_suivante,total_pages,total_entries,items_vus,items_crees,items_maj,erreur,started_at,finished_at,vinted_login,vinted_user_id&user_id=eq.6b2057a9-ee51-4070-8732-9759d30fd521&kind=eq.dressing&order=started_at.desc&limit=1	web-pc-chrome154	6b2057a9-ee51-4070-8732-9759d30fd521	71
2026-10-05 16:49:55.392	2026-10-05 18:49:55.392	GET	200	/rest/v1/vinted_sync_runs	?select=id,status,page_suivante,total_pages,total_entries,items_vus,items_crees,items_maj,erreur,started_at,finished_at,vinted_login,vinted_user_id&user_id=eq.6b2057a9-ee51-4070-8732-9759d30fd521&kind=eq.dressing&order=started_at.desc&limit=1	web-pc-chrome154	6b2057a9-ee51-4070-8732-9759d30fd521	190
2026-10-05 16:49:55.415	2026-10-05 18:49:55.415	GET	200	/rest/v1/coin_config	?select=value&key=eq.price_republish	web-pc-chrome154	6b2057a9-ee51-4070-8732-9759d30fd521	251
2026-10-05 16:49:55.477	2026-10-05 18:49:55.477	GET	200	/rest/v1/coin_config	?select=value&key=eq.republication_multi_ouverte	web-pc-chrome154	6b2057a9-ee51-4070-8732-9759d30fd521	164
2026-10-05 16:49:55.485	2026-10-05 18:49:55.485	GET	200	/rest/v1/coin_config	?select=value&key=eq.republish_maintenance	web-pc-chrome154	6b2057a9-ee51-4070-8732-9759d30fd521	285
2026-10-05 16:50:05.317	2026-10-05 18:50:05.317	GET	200	/rest/v1/cross_post_jobs	?select=platform_fields&user_id=eq.6b2057a9-ee51-4070-8732-9759d30fd521&platform=eq.opla&platform_fields->>opla_acces_accorde_le=not.is.null&platform_fields->>opla_acces_accorde_par=is.null&order=created_at.desc&limit=20	web-pc-chrome154	6b2057a9-ee51-4070-8732-9759d30fd521	42
2026-10-05 16:50:06.843	2026-10-05 18:50:06.843	GET	200	/rest/v1/profiles	?select=id&ebay_voie_api=eq.true&id=in.(c7dc5abb-18f5-4d5e-8b35-52c1cccc4816,42eab075-66f2-49de-8e44-212377cfaf41,2eec0ad9-784e-419f-ad00-0df1fbfbb457,90739125-8f1c-4d26-a4a5-048eed4b1c0f,53efea05-dc2d-4467-a8cd-c6fa52a47a61,b20fb960-7826-4bab-b107-a388d9824009,577dce4b-0a9d-465d-8993-bab4dddba9cb,bfce1264-4aac-49e9-b2fe-3c4706a8e449,f6a86c0d-d617-4a4a-8a8d-c30a07ac3233,3fd46214-cd67-44c5-b05e-8da…	serveur-fonction-edge		12
2026-10-05 16:50:06.867	2026-10-05 18:50:06.867	GET	200	/rest/v1/cross_post_jobs	?select=id,user_id,error,platform_fields&platform=eq.ebay&action=eq.publish&voie=eq.extension&status=eq.pending&user_id=in.(8b78a7ce-3816-49ee-8bb3-511d4f860491,f6a86c0d-d617-4a4a-8a8d-c30a07ac3233,c7dc5abb-18f5-4d5e-8b35-52c1cccc4816,53efea05-dc2d-4467-a8cd-c6fa52a47a61,1661c65c-83ab-43c6-8595-c68f207d1477,52ac8bfb-ed9b-4a55-a632-d71308a0f8da,f8b8bbad-01e4-4800-89b7-f4cf77f1c8df,3d9caa6d-bf05-4ba…	serveur-fonction-edge		14
2026-10-05 16:50:09.547	2026-10-05 18:50:09.547	GET	200	/rest/v1/vinted_sync_runs	?select=id,status,page_suivante,total_pages,total_entries,items_vus,items_crees,items_maj,erreur,started_at,finished_at,vinted_login,vinted_user_id&user_id=eq.6b2057a9-ee51-4070-8732-9759d30fd521&kind=eq.dressing&order=started_at.desc&limit=1	web-pc-chrome154	6b2057a9-ee51-4070-8732-9759d30fd521	60
2026-10-05 16:50:09.548	2026-10-05 18:50:09.548	GET	200	/rest/v1/vinted_sync_runs	?select=id,status,page_suivante,total_pages,total_entries,items_vus,items_crees,items_maj,erreur,started_at,finished_at,vinted_login,vinted_user_id&user_id=eq.6b2057a9-ee51-4070-8732-9759d30fd521&kind=eq.dressing&order=started_at.desc&limit=1	web-pc-chrome154	6b2057a9-ee51-4070-8732-9759d30fd521	54
2026-10-05 16:50:09.549	2026-10-05 18:50:09.549	GET	200	/rest/v1/cross_post_jobs	?select=id,inventaire_id,platform,status,error,created_at,published_at,platform_fields,action,listing_url,title,bulk_batch_id,voie&user_id=eq.6b2057a9-ee51-4070-8732-9759d30fd521&status=in.(pending,processing,published,failed,needs_user,deleted,cancelled,dry_run_completed)&order=created_at.desc,id.desc&offset=0&limit=1000	web-pc-chrome154	6b2057a9-ee51-4070-8732-9759d30fd521	57
2026-10-05 16:50:09.550	2026-10-05 18:50:09.550	GET	200	/rest/v1/vinted_sync_runs	?select=id,status,page_suivante,total_pages,total_entries,items_vus,items_crees,items_maj,erreur,started_at,finished_at,vinted_login,vinted_user_id&user_id=eq.6b2057a9-ee51-4070-8732-9759d30fd521&kind=eq.dressing&order=started_at.desc&limit=1	web-pc-chrome154	6b2057a9-ee51-4070-8732-9759d30fd521	55
2026-10-05 16:50:17.671	2026-10-05 18:50:17.671	GET	200	/rest/v1/vinted_sync_runs	?select=id,status,page_suivante,total_pages,total_entries,items_vus,items_crees,items_maj,erreur,started_at,finished_at,vinted_login,vinted_user_id&user_id=eq.6b2057a9-ee51-4070-8732-9759d30fd521&kind=eq.dressing&order=started_at.desc&limit=1	web-pc-chrome154	6b2057a9-ee51-4070-8732-9759d30fd521	113
2026-10-05 16:50:17.672	2026-10-05 18:50:17.672	GET	200	/rest/v1/vinted_sync_runs	?select=id,status,page_suivante,total_pages,total_entries,items_vus,items_crees,items_maj,erreur,started_at,finished_at,vinted_login,vinted_user_id&user_id=eq.6b2057a9-ee51-4070-8732-9759d30fd521&kind=eq.dressing&order=started_at.desc&limit=1	web-pc-chrome154	6b2057a9-ee51-4070-8732-9759d30fd521	108
2026-10-05 16:50:17.673	2026-10-05 18:50:17.673	GET	200	/rest/v1/coin_config	?select=value&key=eq.nouveau_stepper_ouvert	web-pc-chrome154	6b2057a9-ee51-4070-8732-9759d30fd521	99
2026-10-05 16:50:17.673	2026-10-05 18:50:17.673	GET	200	/rest/v1/profiles	?select=beta_flags&id=eq.6b2057a9-ee51-4070-8732-9759d30fd521	web-pc-chrome154	6b2057a9-ee51-4070-8732-9759d30fd521	96
2026-10-05 16:50:17.674	2026-10-05 18:50:17.674	GET	200	/rest/v1/vinted_sync_runs	?select=id,finished_at,declencheur,vinted_login,items_vus&user_id=eq.6b2057a9-ee51-4070-8732-9759d30fd521&kind=eq.dressing&status=eq.done&order=finished_at.desc&limit=1	web-pc-chrome154	6b2057a9-ee51-4070-8732-9759d30fd521	111
2026-10-05 16:50:17.676	2026-10-05 18:50:17.676	GET	200	/rest/v1/vinted_sync_runs	?select=id,status,page_suivante,total_pages,total_entries,items_vus,items_crees,items_maj,erreur,started_at,finished_at,vinted_login,vinted_user_id&user_id=eq.6b2057a9-ee51-4070-8732-9759d30fd521&kind=eq.dressing&order=started_at.desc&limit=1	web-pc-chrome154	6b2057a9-ee51-4070-8732-9759d30fd521	100
2026-10-05 16:50:17.676	2026-10-05 18:50:17.676	GET	200	/rest/v1/profiles	?select=extension_last_seen_at,extension_version&id=eq.6b2057a9-ee51-4070-8732-9759d30fd521	web-pc-chrome154	6b2057a9-ee51-4070-8732-9759d30fd521	103
2026-10-05 16:50:17.677	2026-10-05 18:50:17.677	GET	200	/rest/v1/annonces_plateforme	?select=id,platform,inventaire_id,vues,favoris,vu_le&user_id=eq.6b2057a9-ee51-4070-8732-9759d30fd521&inventaire_id=not.is.null&disparu_le=is.null&order=id.asc&limit=500	web-pc-chrome154	6b2057a9-ee51-4070-8732-9759d30fd521	110
2026-10-05 16:50:17.677	2026-10-05 18:50:17.677	GET	200	/rest/v1/vinted_sync_runs	?select=id,platform,status,declencheur,items_vus,items_crees,items_maj,total_entries,erreur,queued_at,started_at,finished_at&user_id=eq.6b2057a9-ee51-4070-8732-9759d30fd521&kind=eq.annonces&order=queued_at.desc.nullslast,started_at.desc.nullslast&limit=60	web-pc-chrome154	6b2057a9-ee51-4070-8732-9759d30fd521	107
2026-10-05 16:50:17.678	2026-10-05 18:50:17.678	OPTIONS	200	/rest/v1/cross_post_jobs	?select=id,platform,listing_url,platform_listing_id,created_at&user_id=eq.6b2057a9-ee51-4070-8732-9759d30fd521&action=eq.delete&platform=in.(leboncoin,beebs,ebay,opla)&status=in.(pending,processing,needs_user,deleted)&created_at=gte.2026-08-06T16:50:09.028Z&order=id.asc&limit=500	web-pc-chrome154		0
2026-10-05 16:50:17.678	2026-10-05 18:50:17.678	GET	200	/rest/v1/vinted_sync_runs	?select=id,status,page_suivante,total_pages,total_entries,items_vus,items_crees,items_maj,erreur,started_at,finished_at,vinted_login,vinted_user_id&user_id=eq.6b2057a9-ee51-4070-8732-9759d30fd521&kind=eq.dressing&order=started_at.desc&limit=1	web-pc-chrome154	6b2057a9-ee51-4070-8732-9759d30fd521	108
2026-10-05 16:50:17.913	2026-10-05 18:50:17.913	GET	200	/auth/v1/user		serveur-fonction-edge	6b2057a9-ee51-4070-8732-9759d30fd521	53
2026-10-05 16:50:17.989	2026-10-05 18:50:17.989	GET	200	/rest/v1/coin_config	?select=value&key=eq.opla_sortie_le	serveur-fonction-edge	6b2057a9-ee51-4070-8732-9759d30fd521	38
2026-10-05 16:50:18.046	2026-10-05 18:50:18.046	GET	200	/rest/v1/cross_post_jobs	?select=id,inventaire_id&status=eq.needs_user&action=neq.delete	serveur-fonction-edge	6b2057a9-ee51-4070-8732-9759d30fd521	37
2026-10-05 16:50:18.097	2026-10-05 18:50:18.097	POST	200	/rest/v1/rpc/republish_planifiee_fenetres_courantes		serveur-fonction-edge	6b2057a9-ee51-4070-8732-9759d30fd521	38
2026-10-05 16:50:18.147	2026-10-05 18:50:18.147	GET	200	/rest/v1/coin_config	?select=key,value&key=in.(republish_plafond_jour,republish_plafond_jour_premium,republish_plafond_jour_pro,republish_plafond_jour_business,republish_pause_apres,republish_pause_duree_min)	serveur-fonction-edge	6b2057a9-ee51-4070-8732-9759d30fd521	37
2026-10-05 16:50:18.194	2026-10-05 18:50:18.194	GET	200	/rest/v1/profiles	?select=is_business,is_pro,is_premium,is_comped&id=eq.6b2057a9-ee51-4070-8732-9759d30fd521	serveur-fonction-edge	6b2057a9-ee51-4070-8732-9759d30fd521	42
2026-10-05 16:50:18.254	2026-10-05 18:50:18.254	GET	200	/rest/v1/cross_post_jobs	?select=published_at&action=eq.republish&status=eq.published&published_at=gte.2026-10-01T16:50:18.245Z&order=published_at.desc&limit=1000	serveur-fonction-edge	6b2057a9-ee51-4070-8732-9759d30fd521	35
2026-10-05 16:50:19.110	2026-10-05 18:50:19.110	OPTIONS	200	/rest/v1/cross_post_jobs	?select=id,platform,listing_url,platform_listing_id,created_at&user_id=eq.6b2057a9-ee51-4070-8732-9759d30fd521&action=eq.delete&platform=in.(leboncoin,beebs,ebay,opla)&status=in.(pending,processing,needs_user,deleted)&created_at=gte.2026-08-06T16:50:09.028Z&order=id.asc&limit=500	web-pc-chrome154		0
2026-10-05 16:50:19.110	2026-10-05 18:50:19.110	GET	200	/rest/v1/annonces_plateforme	?select=id,platform,listing_id,vu_le,inventaire_id,ignoree_le,disparu_le&user_id=eq.6b2057a9-ee51-4070-8732-9759d30fd521&disparu_le=is.null&order=id.asc&limit=500	web-pc-chrome154	6b2057a9-ee51-4070-8732-9759d30fd521	50
2026-10-05 16:50:19.113	2026-10-05 18:50:19.113	GET	200	/rest/v1/annonces_plateforme	?select=id,platform,listing_id,url,titre,prix,photo_url,statut_plateforme,proposition,vu_le&user_id=eq.6b2057a9-ee51-4070-8732-9759d30fd521&inventaire_id=is.null&ignoree_le=is.null&disparu_le=is.null&order=vu_le.desc&limit=300	web-pc-chrome154	6b2057a9-ee51-4070-8732-9759d30fd521	48
2026-10-05 16:50:19.113	2026-10-05 18:50:19.113	GET	200	/rest/v1/vinted_sync_runs	?select=id,platform,status,items_vus,erreur,queued_at,started_at,finished_at&user_id=eq.6b2057a9-ee51-4070-8732-9759d30fd521&kind=eq.dressing&status=eq.done&order=finished_at.desc.nullslast&limit=1	web-pc-chrome154	6b2057a9-ee51-4070-8732-9759d30fd521	43
2026-10-05 16:50:19.115	2026-10-05 18:50:19.115	POST	200	/rest/v1/rpc/releves_vides_signales		web-pc-chrome154	6b2057a9-ee51-4070-8732-9759d30fd521	40
2026-10-05 16:50:19.116	2026-10-05 18:50:19.116	POST	200	/rest/v1/rpc/annonces_en_rangement		web-pc-chrome154	6b2057a9-ee51-4070-8732-9759d30fd521	46
2026-10-05 16:50:19.992	2026-10-05 18:50:19.992	GET	200	/rest/v1/coin_config	?select=value&key=eq.nouveau_stepper_ouvert	web-pc-chrome154	6b2057a9-ee51-4070-8732-9759d30fd521	51
2026-10-05 16:50:19.995	2026-10-05 18:50:19.995	GET	200	/rest/v1/vinted_sync_runs	?select=id,status,page_suivante,total_pages,total_entries,items_vus,items_crees,items_maj,erreur,started_at,finished_at,vinted_login,vinted_user_id&user_id=eq.6b2057a9-ee51-4070-8732-9759d30fd521&kind=eq.dressing&order=started_at.desc&limit=1	web-pc-chrome154	6b2057a9-ee51-4070-8732-9759d30fd521	58
2026-10-05 16:50:19.999	2026-10-05 18:50:19.999	GET	200	/rest/v1/vinted_sync_runs	?select=id,status,page_suivante,total_pages,total_entries,items_vus,items_crees,items_maj,erreur,started_at,finished_at,vinted_login,vinted_user_id&user_id=eq.6b2057a9-ee51-4070-8732-9759d30fd521&kind=eq.dressing&order=started_at.desc&limit=1	web-pc-chrome154	6b2057a9-ee51-4070-8732-9759d30fd521	63
2026-10-05 16:50:20.000	2026-10-05 18:50:20.000	GET	200	/rest/v1/inventaire_doublons	?select=id,garde,absorbe,niveau,motif,preuves,created_at&user_id=eq.6b2057a9-ee51-4070-8732-9759d30fd521&statut=eq.proposee&order=created_at.desc&limit=200	web-pc-chrome154	6b2057a9-ee51-4070-8732-9759d30fd521	74
2026-10-05 16:50:20.004	2026-10-05 18:50:20.004	GET	200	/rest/v1/annonces_plateforme	?select=id,platform,inventaire_id,vues,favoris,vu_le&user_id=eq.6b2057a9-ee51-4070-8732-9759d30fd521&inventaire_id=not.is.null&disparu_le=is.null&order=id.asc&limit=500&id=gt.f3f1c690-5fa5-4428-b927-5792a6b568d7	web-pc-chrome154	6b2057a9-ee51-4070-8732-9759d30fd521	62
2026-10-05 16:50:20.005	2026-10-05 18:50:20.005	GET	200	/rest/v1/cross_post_jobs	?select=id,platform,listing_url,platform_listing_id,created_at&user_id=eq.6b2057a9-ee51-4070-8732-9759d30fd521&action=eq.delete&platform=in.(leboncoin,beebs,ebay,opla)&status=in.(pending,processing,needs_user,deleted)&created_at=gte.2026-08-06T16:50:09.028Z&order=id.asc&limit=500	web-pc-chrome154	6b2057a9-ee51-4070-8732-9759d30fd521	64
2026-10-05 16:50:20.012	2026-10-05 18:50:20.012	GET	200	/rest/v1/profiles	?select=extension_last_seen_at,extension_version&id=eq.6b2057a9-ee51-4070-8732-9759d30fd521	web-pc-chrome154	6b2057a9-ee51-4070-8732-9759d30fd521	53
2026-10-05 16:50:27.477	2026-10-05 18:50:27.477	GET	200	/rest/v1/cross_post_jobs	?select=id,status,last_checked_at,sale_signal:platform_fields->>sale_signal,unavailable_since:platform_fields->>unavailable_since,pending_removal:platform_fields->>pending_removal,check_unresolved_since:platform_fields->>check_unresolved_since&user_id=eq.6b2057a9-ee51-4070-8732-9759d30fd521&order=created_at.desc&limit=80	web-pc-chrome154	6b2057a9-ee51-4070-8732-9759d30fd521	42
2026-10-05 16:50:27.478	2026-10-05 18:50:27.478	GET	200	/rest/v1/annonces_plateforme	?select=id,platform,listing_id,vu_le,inventaire_id,ignoree_le,disparu_le&user_id=eq.6b2057a9-ee51-4070-8732-9759d30fd521&disparu_le=is.null&order=id.asc&limit=500&id=gt.f3f1c690-5fa5-4428-b927-5792a6b568d7	web-pc-chrome154	6b2057a9-ee51-4070-8732-9759d30fd521	41
2026-10-05 16:50:27.480	2026-10-05 18:50:27.480	GET	200	/rest/v1/cross_post_jobs	?select=id,platform,listing_url,platform_listing_id,created_at&user_id=eq.6b2057a9-ee51-4070-8732-9759d30fd521&action=eq.delete&platform=in.(leboncoin,beebs,ebay,opla)&status=in.(pending,processing,needs_user,deleted)&created_at=gte.2026-08-06T16:50:09.028Z&order=id.asc&limit=500	web-pc-chrome154	6b2057a9-ee51-4070-8732-9759d30fd521	42
2026-10-05 16:50:27.591	2026-10-05 18:50:27.591	GET	200	/auth/v1/user		serveur-fonction-edge	6b2057a9-ee51-4070-8732-9759d30fd521	40
2026-10-05 16:50:27.652	2026-10-05 18:50:27.652	GET	200	/rest/v1/profiles	?select=created_at,onboarded_at,is_premium,is_pro,is_business,is_comped&id=eq.6b2057a9-ee51-4070-8732-9759d30fd521	serveur-fonction-edge		48
2026-10-05 16:50:27.653	2026-10-05 18:50:27.653	GET	200	/rest/v1/coin_ledger	?select=kind,created_at&user_id=eq.6b2057a9-ee51-4070-8732-9759d30fd521&kind=in.(grant_upgrade,purchase,grant_monthly)&created_at=gte.2026-10-04T16:50:27.640Z&limit=20	serveur-fonction-edge		48
2026-10-05 16:50:27.653	2026-10-05 18:50:27.653	GET	200	/rest/v1/cross_post_jobs	?select=id,action,status,created_at,published_at,handler_build,pdr:platform_fields->pas_de_rouge,rs:platform_fields->retenue_serveur,rl:platform_fields->retenue_levee,os:platform_fields->opla_sortie&user_id=eq.6b2057a9-ee51-4070-8732-9759d30fd521&action=in.(publish,republish,delete)&or=(handler_build.is.null,and(handler_build.not.ilike.*releve-annonces*,handler_build.not.ilike.*sync-dressing*))&or…	serveur-fonction-edge		51
2026-10-05 16:50:27.653	2026-10-05 18:50:27.653	GET	200	/rest/v1/usage_logs	?select=created_at&user_id=eq.6b2057a9-ee51-4070-8732-9759d30fd521&feature=eq.checkout_open&created_at=gte.2026-10-04T16:50:27.640Z&limit=5	serveur-fonction-edge		49
2026-10-05 16:50:27.654	2026-10-05 18:50:27.654	GET	200	/rest/v1/usage_logs	?select=created_at,metadata&user_id=eq.6b2057a9-ee51-4070-8732-9759d30fd521&feature=eq.avis_demande&order=created_at.desc&limit=50	serveur-fonction-edge		43
2026-10-05 16:50:27.655	2026-10-05 18:50:27.655	GET	200	/rest/v1/cross_post_jobs	?select=id,action,status,created_at,handler_build,ps:platform_fields->>processing_since,naa:platform_fields->>next_action_after,os:platform_fields->opla_sortie&user_id=eq.6b2057a9-ee51-4070-8732-9759d30fd521&action=in.(publish,republish,delete)&status=in.(needs_user,failed,processing,pending)&or=(handler_build.is.null,and(handler_build.not.ilike.*releve-annonces*,handler_build.not.ilike.*sync-dres…	serveur-fonction-edge		52
2026-10-05 16:50:54.021	2026-10-05 18:50:54.021	GET	200	/rest/v1/annonces_plateforme	?user_id=eq.6b2057a9-ee51-4070-8732-9759d30fd521&platform=eq.beebs&disparu_le=is.null&select=listing_id&order=vu_le.desc&limit=200	extension-pc	6b2057a9-ee51-4070-8732-9759d30fd521	55
2026-10-05 16:51:36.465	2026-10-05 18:51:36.465	GET	200	/rest/v1/annonces_plateforme	?select=vues,favoris&limit=1	extension-pc	6b2057a9-ee51-4070-8732-9759d30fd521	44
2026-10-05 16:51:37.426	2026-10-05 18:51:37.426	GET	200	/rest/v1/ventes	?select=*&user_id=eq.6b2057a9-ee51-4070-8732-9759d30fd521&order=created_at.desc,id.desc&limit=3000	app-android	6b2057a9-ee51-4070-8732-9759d30fd521	74
2026-10-05 16:51:37.429	2026-10-05 18:51:37.429	GET	200	/rest/v1/inventaire	?select=*&user_id=eq.6b2057a9-ee51-4070-8732-9759d30fd521&fusionne_dans=is.null&order=created_at.desc,id.desc&limit=3000	app-android	6b2057a9-ee51-4070-8732-9759d30fd521	66
2026-10-05 16:51:37.430	2026-10-05 18:51:37.430	GET	200	/rest/v1/profiles	?select=is_premium,is_pro,is_business,is_comped,is_founder,apple_original_transaction_id,google_purchase_token,subscription_cancel_at_period_end,subscription_period_end,currency,username,platform_settings,extension_last_seen_at,extension_build,onboarded_at,ebay_voie_api&id=eq.6b2057a9-ee51-4070-8732-9759d30fd521	app-android	6b2057a9-ee51-4070-8732-9759d30fd521	65
2026-10-05 16:51:37.433	2026-10-05 18:51:37.433	GET	200	/rest/v1/cross_post_jobs	?select=id,status,last_checked_at,sale_signal:platform_fields->>sale_signal,unavailable_since:platform_fields->>unavailable_since,pending_removal:platform_fields->>pending_removal,check_unresolved_since:platform_fields->>check_unresolved_since&user_id=eq.6b2057a9-ee51-4070-8732-9759d30fd521&order=created_at.desc&limit=80	app-android	6b2057a9-ee51-4070-8732-9759d30fd521	68
2026-10-05 16:51:37.440	2026-10-05 18:51:37.440	PATCH	403	/rest/v1/profiles	?id=eq.6b2057a9-ee51-4070-8732-9759d30fd521	app-android	6b2057a9-ee51-4070-8732-9759d30fd521	72
2026-10-05 16:51:37.442	2026-10-05 18:51:37.442	GET	200	/rest/v1/coin_config	?select=value&key=eq.opla_sortie_le	app-android	6b2057a9-ee51-4070-8732-9759d30fd521	57
2026-10-05 16:51:37.501	2026-10-05 18:51:37.501	GET	200	/rest/v1/lens_scans	?select=scan_id,statut,resultat,motif,photos,created_at&statut=in.(preparation,en_cours,termine)&created_at=gte.2026-10-05T14:51:37.268Z&order=created_at.desc&limit=1	app-android	6b2057a9-ee51-4070-8732-9759d30fd521	45
2026-10-05 16:51:37.539	2026-10-05 18:51:37.539	GET	200	/rest/v1/profiles	?select=is_premium,is_pro,is_business,is_comped,is_founder,apple_original_transaction_id,google_purchase_token,subscription_cancel_at_period_end,subscription_period_end,currency,username,platform_settings,extension_last_seen_at,extension_build,onboarded_at,ebay_voie_api&id=eq.6b2057a9-ee51-4070-8732-9759d30fd521	app-android	6b2057a9-ee51-4070-8732-9759d30fd521	46
2026-10-05 16:51:37.563	2026-10-05 18:51:37.563	GET	200	/rest/v1/ventes	?select=*&user_id=eq.6b2057a9-ee51-4070-8732-9759d30fd521&order=created_at.desc,id.desc&limit=3000	app-android	6b2057a9-ee51-4070-8732-9759d30fd521	43
2026-10-05 16:51:37.566	2026-10-05 18:51:37.566	GET	200	/rest/v1/inventaire	?select=*&user_id=eq.6b2057a9-ee51-4070-8732-9759d30fd521&fusionne_dans=is.null&order=created_at.desc,id.desc&limit=3000	app-android	6b2057a9-ee51-4070-8732-9759d30fd521	45
2026-10-05 16:51:37.599	2026-10-05 18:51:37.599	GET	200	/rest/v1/cross_post_jobs	?select=inventaire_id&user_id=eq.6b2057a9-ee51-4070-8732-9759d30fd521&status=eq.needs_user&inventaire_id=not.is.null&limit=1000	app-android	6b2057a9-ee51-4070-8732-9759d30fd521	53
2026-10-05 16:51:37.619	2026-10-05 18:51:37.619	GET	200	/rest/v1/profiles	?select=plateformes_visibles&id=eq.6b2057a9-ee51-4070-8732-9759d30fd521	app-android	6b2057a9-ee51-4070-8732-9759d30fd521	39
2026-10-05 16:51:37.624	2026-10-05 18:51:37.624	GET	200	/rest/v1/coin_config	?select=key,value&key=in.(opla_ouvert,opla_extension_min)	app-android	6b2057a9-ee51-4070-8732-9759d30fd521	42
2026-10-05 16:51:37.627	2026-10-05 18:51:37.627	GET	200	/rest/v1/profiles	?select=extension_version&id=eq.6b2057a9-ee51-4070-8732-9759d30fd521	app-android	6b2057a9-ee51-4070-8732-9759d30fd521	41
2026-10-05 16:51:37.630	2026-10-05 18:51:37.630	GET	200	/rest/v1/inventaire_fusions	?select=id,garde,absorbe,created_at,deplacements,champs_repris&user_id=eq.6b2057a9-ee51-4070-8732-9759d30fd521&defait_le=is.null&order=created_at.desc&limit=500	app-android	6b2057a9-ee51-4070-8732-9759d30fd521	39
2026-10-05 16:51:37.633	2026-10-05 18:51:37.633	GET	200	/rest/v1/profiles	?select=is_premium,is_pro,is_business,is_comped,is_founder,apple_original_transaction_id,google_purchase_token,subscription_cancel_at_period_end,subscription_period_end,currency,username,platform_settings,extension_last_seen_at,extension_build,onboarded_at,ebay_voie_api&id=eq.6b2057a9-ee51-4070-8732-9759d30fd521	app-android	6b2057a9-ee51-4070-8732-9759d30fd521	46
2026-10-05 16:51:37.638	2026-10-05 18:51:37.638	GET	200	/rest/v1/ventes	?select=*&user_id=eq.6b2057a9-ee51-4070-8732-9759d30fd521&order=created_at.desc,id.desc&limit=3000	app-android	6b2057a9-ee51-4070-8732-9759d30fd521	36
2026-10-05 16:51:37.641	2026-10-05 18:51:37.641	GET	200	/rest/v1/fiches_annonce	?select=inventaire_id&user_id=eq.6b2057a9-ee51-4070-8732-9759d30fd521&brouillon=eq.true&limit=200	app-android	6b2057a9-ee51-4070-8732-9759d30fd521	39
2026-10-05 16:51:37.646	2026-10-05 18:51:37.646	GET	200	/rest/v1/cross_post_jobs	?select=id,platform,title,inventaire_id,listing_url,platform_listing_id,platform_fields&user_id=eq.6b2057a9-ee51-4070-8732-9759d30fd521&status=eq.cancelled&action=in.(publish,republish)&platform_fields=cs.{"pending_removal":true}&platform_fields->>pending_removal_reporte_le=is.null	app-android	6b2057a9-ee51-4070-8732-9759d30fd521	37
2026-10-05 16:51:37.650	2026-10-05 18:51:37.650	GET	200	/rest/v1/inventaire	?select=*&user_id=eq.6b2057a9-ee51-4070-8732-9759d30fd521&fusionne_dans=is.null&order=created_at.desc,id.desc&limit=3000	app-android	6b2057a9-ee51-4070-8732-9759d30fd521	41
2026-10-05 16:51:37.680	2026-10-05 18:51:37.680	GET	200	/rest/v1/cross_post_jobs	?select=inventaire_id&user_id=eq.6b2057a9-ee51-4070-8732-9759d30fd521&status=eq.needs_user&inventaire_id=not.is.null&limit=1000	app-android	6b2057a9-ee51-4070-8732-9759d30fd521	37
2026-10-05 16:51:37.691	2026-10-05 18:51:37.691	GET	200	/rest/v1/profiles	?select=plateformes_visibles&id=eq.6b2057a9-ee51-4070-8732-9759d30fd521	app-android	6b2057a9-ee51-4070-8732-9759d30fd521	38
2026-10-05 16:51:37.695	2026-10-05 18:51:37.695	GET	200	/rest/v1/coin_config	?select=key,value&key=in.(opla_ouvert,opla_extension_min)	app-android	6b2057a9-ee51-4070-8732-9759d30fd521	40
2026-10-05 16:51:37.698	2026-10-05 18:51:37.698	GET	200	/rest/v1/profiles	?select=extension_version&id=eq.6b2057a9-ee51-4070-8732-9759d30fd521	app-android	6b2057a9-ee51-4070-8732-9759d30fd521	36
2026-10-05 16:51:37.699	2026-10-05 18:51:37.699	GET	200	/auth/v1/user		serveur-fonction-edge	6b2057a9-ee51-4070-8732-9759d30fd521	54
2026-10-05 16:51:37.711	2026-10-05 18:51:37.711	GET	200	/rest/v1/inventaire_fusions	?select=id,garde,absorbe,created_at,deplacements,champs_repris&user_id=eq.6b2057a9-ee51-4070-8732-9759d30fd521&defait_le=is.null&order=created_at.desc&limit=500	app-android	6b2057a9-ee51-4070-8732-9759d30fd521	38
2026-10-05 16:51:37.713	2026-10-05 18:51:37.713	GET	200	/rest/v1/fiches_annonce	?select=inventaire_id&user_id=eq.6b2057a9-ee51-4070-8732-9759d30fd521&brouillon=eq.true&limit=200	app-android	6b2057a9-ee51-4070-8732-9759d30fd521	36
2026-10-05 16:51:37.716	2026-10-05 18:51:37.716	GET	200	/rest/v1/cross_post_jobs	?select=id,platform,title,inventaire_id,listing_url,platform_listing_id,platform_fields&user_id=eq.6b2057a9-ee51-4070-8732-9759d30fd521&status=eq.cancelled&action=in.(publish,republish)&platform_fields=cs.{"pending_removal":true}&platform_fields->>pending_removal_reporte_le=is.null	app-android	6b2057a9-ee51-4070-8732-9759d30fd521	38
2026-10-05 16:51:37.734	2026-10-05 18:51:37.734	GET	200	/rest/v1/cross_post_jobs	?select=id,platform,title,price,inventaire_id,listing_url,platform_fields&user_id=eq.6b2057a9-ee51-4070-8732-9759d30fd521&status=eq.published&action=in.(publish,republish)&platform_fields->>unavailable_since=not.is.null	app-android	6b2057a9-ee51-4070-8732-9759d30fd521	41
2026-10-05 16:51:37.747	2026-10-05 18:51:37.747	GET	200	/rest/v1/cross_post_jobs	?select=inventaire_id&user_id=eq.6b2057a9-ee51-4070-8732-9759d30fd521&status=eq.needs_user&inventaire_id=not.is.null&limit=1000	app-android	6b2057a9-ee51-4070-8732-9759d30fd521	40
2026-10-05 16:51:37.760	2026-10-05 18:51:37.760	GET	200	/rest/v1/profiles	?select=plateformes_visibles&id=eq.6b2057a9-ee51-4070-8732-9759d30fd521	app-android	6b2057a9-ee51-4070-8732-9759d30fd521	42
2026-10-05 16:51:37.764	2026-10-05 18:51:37.764	GET	200	/rest/v1/coin_config	?select=key,value&key=in.(opla_ouvert,opla_extension_min)	app-android	6b2057a9-ee51-4070-8732-9759d30fd521	46
2026-10-05 16:51:37.770	2026-10-05 18:51:37.770	GET	200	/rest/v1/profiles	?select=extension_version&id=eq.6b2057a9-ee51-4070-8732-9759d30fd521	app-android	6b2057a9-ee51-4070-8732-9759d30fd521	42
2026-10-05 16:51:37.778	2026-10-05 18:51:37.778	GET	200	/rest/v1/ebay_accounts	?select=*&user_id=eq.6b2057a9-ee51-4070-8732-9759d30fd521	serveur-fonction-edge		44
2026-10-05 16:51:37.795	2026-10-05 18:51:37.795	GET	200	/rest/v1/inventaire_fusions	?select=id,garde,absorbe,created_at,deplacements,champs_repris&user_id=eq.6b2057a9-ee51-4070-8732-9759d30fd521&defait_le=is.null&order=created_at.desc&limit=500	app-android	6b2057a9-ee51-4070-8732-9759d30fd521	38
2026-10-05 16:51:37.800	2026-10-05 18:51:37.800	GET	200	/rest/v1/fiches_annonce	?select=inventaire_id&user_id=eq.6b2057a9-ee51-4070-8732-9759d30fd521&brouillon=eq.true&limit=200	app-android	6b2057a9-ee51-4070-8732-9759d30fd521	33
2026-10-05 16:51:37.802	2026-10-05 18:51:37.802	GET	200	/rest/v1/cross_post_jobs	?select=id,platform,title,inventaire_id,listing_url,platform_listing_id,platform_fields&user_id=eq.6b2057a9-ee51-4070-8732-9759d30fd521&status=eq.cancelled&action=in.(publish,republish)&platform_fields=cs.{"pending_removal":true}&platform_fields->>pending_removal_reporte_le=is.null	app-android	6b2057a9-ee51-4070-8732-9759d30fd521	38
2026-10-05 16:51:37.806	2026-10-05 18:51:37.806	GET	200	/rest/v1/cross_post_jobs	?select=id,platform,title,price,inventaire_id,listing_url,platform_fields&user_id=eq.6b2057a9-ee51-4070-8732-9759d30fd521&status=eq.published&action=in.(publish,republish)&platform_fields->>unavailable_since=not.is.null	app-android	6b2057a9-ee51-4070-8732-9759d30fd521	39
2026-10-05 16:51:37.817	2026-10-05 18:51:37.817	GET	200	/rest/v1/cross_post_jobs	?select=inventaire_id&user_id=eq.6b2057a9-ee51-4070-8732-9759d30fd521&action=eq.republish&status=in.(pending,processing,needs_user)&inventaire_id=not.is.null	app-android	6b2057a9-ee51-4070-8732-9759d30fd521	40
2026-10-05 16:51:37.821	2026-10-05 18:51:37.821	GET	200	/rest/v1/annonces_plateforme	?select=id,platform,listing_id,url,titre,prix,proposition&user_id=eq.6b2057a9-ee51-4070-8732-9759d30fd521&inventaire_id=is.null&ignoree_le=is.null&disparu_le=is.null&proposition=not.is.null&limit=200	app-android	6b2057a9-ee51-4070-8732-9759d30fd521	38
2026-10-05 16:51:37.877	2026-10-05 18:51:37.877	GET	200	/rest/v1/cross_post_jobs	?select=id,platform,title,price,inventaire_id,listing_url,platform_fields&user_id=eq.6b2057a9-ee51-4070-8732-9759d30fd521&status=eq.published&action=in.(publish,republish)&platform_fields->>unavailable_since=not.is.null	app-android	6b2057a9-ee51-4070-8732-9759d30fd521	37
2026-10-05 16:51:37.891	2026-10-05 18:51:37.891	GET	200	/rest/v1/annonces_plateforme	?select=id,platform,listing_id,url,titre,prix,proposition&user_id=eq.6b2057a9-ee51-4070-8732-9759d30fd521&inventaire_id=is.null&ignoree_le=is.null&disparu_le=is.null&proposition=not.is.null&limit=200	app-android	6b2057a9-ee51-4070-8732-9759d30fd521	40
2026-10-05 16:51:37.896	2026-10-05 18:51:37.896	GET	200	/rest/v1/cross_post_jobs	?select=inventaire_id&user_id=eq.6b2057a9-ee51-4070-8732-9759d30fd521&action=eq.republish&status=in.(pending,processing,needs_user)&inventaire_id=not.is.null	app-android	6b2057a9-ee51-4070-8732-9759d30fd521	38
2026-10-05 16:51:37.990	2026-10-05 18:51:37.990	GET	200	/rest/v1/profiles	?select=voice_count_today,voice_count_date&id=eq.6b2057a9-ee51-4070-8732-9759d30fd521	app-android	6b2057a9-ee51-4070-8732-9759d30fd521	38
2026-10-05 16:51:38.010	2026-10-05 18:51:38.010	GET	200	/storage/v1/object/public/listing-photos/6b2057a9-ee51-4070-8732-9759d30fd521/rapatrie-fiche/1791218520315/1791218520950_0.jpg		app-android		77
2026-10-05 16:51:38.010	2026-10-05 18:51:38.010	GET	200	/storage/v1/object/public/listing-photos/6b2057a9-ee51-4070-8732-9759d30fd521/rapatrie-fiche/1791218520472/1791218520950_0.jpg		app-android		66
2026-10-05 16:51:38.017	2026-10-05 18:51:38.017	GET	200	/storage/v1/object/public/listing-photos/6b2057a9-ee51-4070-8732-9759d30fd521/rapatrie-fiche/1791218520423/1791218520950_0.jpg		app-android		85
2026-10-05 16:51:38.018	2026-10-05 18:51:38.018	GET	200	/storage/v1/object/public/listing-photos/6b2057a9-ee51-4070-8732-9759d30fd521/rapatrie-fiche/1791218520395/1791218520950_0.jpg		app-android		61
2026-10-05 16:51:38.020	2026-10-05 18:51:38.020	GET	200	/storage/v1/object/public/listing-photos/6b2057a9-ee51-4070-8732-9759d30fd521/rapatrie-fiche/1791218520498/1791218520950_0.jpg		app-android		79
2026-10-05 16:51:38.023	2026-10-05 18:51:38.023	GET	200	/rest/v1/annonces_plateforme	?select=id,platform,listing_id,url,titre,prix,proposition&user_id=eq.6b2057a9-ee51-4070-8732-9759d30fd521&inventaire_id=is.null&ignoree_le=is.null&disparu_le=is.null&proposition=not.is.null&limit=200	app-android	6b2057a9-ee51-4070-8732-9759d30fd521	37
2026-10-05 16:51:38.027	2026-10-05 18:51:38.027	GET	200	/rest/v1/cross_post_jobs	?select=inventaire_id&user_id=eq.6b2057a9-ee51-4070-8732-9759d30fd521&action=eq.republish&status=in.(pending,processing,needs_user)&inventaire_id=not.is.null	app-android	6b2057a9-ee51-4070-8732-9759d30fd521	42
2026-10-05 16:51:38.055	2026-10-05 18:51:38.055	GET	200	/rest/v1/profiles	?select=voice_count_today,voice_count_date&id=eq.6b2057a9-ee51-4070-8732-9759d30fd521	app-android	6b2057a9-ee51-4070-8732-9759d30fd521	34
2026-10-05 16:51:38.190	2026-10-05 18:51:38.190	GET	200	/rest/v1/profiles	?select=voice_count_today,voice_count_date&id=eq.6b2057a9-ee51-4070-8732-9759d30fd521	app-android	6b2057a9-ee51-4070-8732-9759d30fd521	36
2026-10-05 16:51:38.195	2026-10-05 18:51:38.195	POST	200	/rest/v1/rpc/quotas_etat		app-android	6b2057a9-ee51-4070-8732-9759d30fd521	39
2026-10-05 16:51:38.257	2026-10-05 18:51:38.257	POST	200	/rest/v1/rpc/quotas_etat		app-android	6b2057a9-ee51-4070-8732-9759d30fd521	41
2026-10-05 16:51:38.279	2026-10-05 18:51:38.279	POST	200	/rest/v1/rpc/quotas_etat		app-android	6b2057a9-ee51-4070-8732-9759d30fd521	41
2026-10-05 16:51:39.898	2026-10-05 18:51:39.898	POST	201	/rest/v1/annonces_plateforme	?on_conflict=user_id,platform,listing_id	extension-pc	6b2057a9-ee51-4070-8732-9759d30fd521	38
2026-10-05 16:51:39.916	2026-10-05 18:51:39.916	POST	201	/rest/v1/usage_logs		web-pc-chrome154	6b2057a9-ee51-4070-8732-9759d30fd521	51
2026-10-05 16:51:39.917	2026-10-05 18:51:39.917	GET	200	/rest/v1/coin_config	?select=key,value	web-pc-chrome154	6b2057a9-ee51-4070-8732-9759d30fd521	43
2026-10-05 16:51:39.917	2026-10-05 18:51:39.917	POST	200	/rest/v1/rpc/quotas_etat		web-pc-chrome154	6b2057a9-ee51-4070-8732-9759d30fd521	56
2026-10-05 16:51:39.917	2026-10-05 18:51:39.917	POST	201	/rest/v1/usage_logs		web-pc-chrome154	6b2057a9-ee51-4070-8732-9759d30fd521	59
2026-10-05 16:51:39.919	2026-10-05 18:51:39.919	POST	201	/rest/v1/usage_logs		web-pc-chrome154	6b2057a9-ee51-4070-8732-9759d30fd521	59
2026-10-05 16:51:41.020	2026-10-05 18:51:41.020	GET	200	/rest/v1/cross_post_jobs	?select=id,status,last_checked_at,sale_signal:platform_fields->>sale_signal,unavailable_since:platform_fields->>unavailable_since,pending_removal:platform_fields->>pending_removal,check_unresolved_since:platform_fields->>check_unresolved_since&user_id=eq.6b2057a9-ee51-4070-8732-9759d30fd521&order=created_at.desc&limit=80	app-android	6b2057a9-ee51-4070-8732-9759d30fd521	39
2026-10-05 16:51:42.761	2026-10-05 18:51:42.761	PATCH	204	/rest/v1/vinted_sync_runs	?id=eq.bc7912db-d0f1-49b7-887e-dc61611e0db5	extension-pc	6b2057a9-ee51-4070-8732-9759d30fd521	40
2026-10-05 16:51:43.673	2026-10-05 18:51:43.673	OPTIONS	200	/rest/v1/profiles	?select=extension_last_seen_at,extension_version&id=eq.6b2057a9-ee51-4070-8732-9759d30fd521	app-android		0
2026-10-05 16:51:43.682	2026-10-05 18:51:43.682	OPTIONS	200	/rest/v1/vinted_sync_runs	?select=id,status,page_suivante,total_pages,total_entries,items_vus,items_crees,items_maj,erreur,started_at,finished_at,vinted_login,vinted_user_id&user_id=eq.6b2057a9-ee51-4070-8732-9759d30fd521&kind=eq.dressing&order=started_at.desc&limit=1	app-android		0
2026-10-05 16:51:43.717	2026-10-05 18:51:43.717	GET	200	/rest/v1/coin_config	?select=value&key=eq.republication_multi_ouverte	app-android	6b2057a9-ee51-4070-8732-9759d30fd521	82
2026-10-05 16:51:43.734	2026-10-05 18:51:43.734	GET	200	/rest/v1/coin_config	?select=value&key=eq.republish_maintenance	app-android	6b2057a9-ee51-4070-8732-9759d30fd521	71
2026-10-05 16:51:43.747	2026-10-05 18:51:43.747	GET	200	/rest/v1/profiles	?select=extension_last_seen_at,extension_version&id=eq.6b2057a9-ee51-4070-8732-9759d30fd521	app-android	6b2057a9-ee51-4070-8732-9759d30fd521	66
2026-10-05 16:51:43.751	2026-10-05 18:51:43.751	GET	200	/rest/v1/vinted_sync_runs	?select=id,status,page_suivante,total_pages,total_entries,items_vus,items_crees,items_maj,erreur,started_at,finished_at,vinted_login,vinted_user_id&user_id=eq.6b2057a9-ee51-4070-8732-9759d30fd521&kind=eq.dressing&order=started_at.desc&limit=1	app-android	6b2057a9-ee51-4070-8732-9759d30fd521	73
2026-10-05 16:51:43.756	2026-10-05 18:51:43.756	OPTIONS	200	/rest/v1/profiles	?select=beta_flags&id=eq.6b2057a9-ee51-4070-8732-9759d30fd521	app-android		0
2026-10-05 16:51:43.759	2026-10-05 18:51:43.759	OPTIONS	200	/rest/v1/vinted_sync_runs	?select=id,finished_at,declencheur,vinted_login,items_vus&user_id=eq.6b2057a9-ee51-4070-8732-9759d30fd521&kind=eq.dressing&status=eq.done&order=finished_at.desc&limit=1	app-android		0
2026-10-05 16:51:43.766	2026-10-05 18:51:43.766	OPTIONS	200	/rest/v1/fiches_annonce	?select=inventaire_id,fiche,updated_at&user_id=eq.6b2057a9-ee51-4070-8732-9759d30fd521&brouillon=eq.true&order=updated_at.desc&limit=200	app-android		0
2026-10-05 16:51:43.770	2026-10-05 18:51:43.770	GET	200	/rest/v1/profiles	?select=platform_settings&id=eq.6b2057a9-ee51-4070-8732-9759d30fd521	app-android	6b2057a9-ee51-4070-8732-9759d30fd521	60
2026-10-05 16:51:43.773	2026-10-05 18:51:43.773	OPTIONS	200	/rest/v1/inventaire_doublons	?select=id,garde,absorbe,niveau,motif,preuves,created_at&user_id=eq.6b2057a9-ee51-4070-8732-9759d30fd521&statut=eq.proposee&order=created_at.desc&limit=200	app-android		0
2026-10-05 16:51:43.790	2026-10-05 18:51:43.790	OPTIONS	200	/rest/v1/profiles	?select=extension_session_rejetee_at&id=eq.6b2057a9-ee51-4070-8732-9759d30fd521	app-android		0
2026-10-05 16:51:43.793	2026-10-05 18:51:43.793	OPTIONS	200	/rest/v1/profiles	?select=extension_postes,extension_sessions&id=eq.6b2057a9-ee51-4070-8732-9759d30fd521	app-android		0
2026-10-05 16:51:43.796	2026-10-05 18:51:43.796	OPTIONS	200	/rest/v1/vinted_sync_runs	?select=finished_at&user_id=eq.6b2057a9-ee51-4070-8732-9759d30fd521&platform=eq.opla&erreur=ilike.%session+Opla+refus%HTTP+401%&finished_at=not.is.null&order=finished_at.desc&limit=1	app-android		0
2026-10-05 16:51:43.800	2026-10-05 18:51:43.800	OPTIONS	200	/rest/v1/cross_post_jobs	?select=published_at&user_id=eq.6b2057a9-ee51-4070-8732-9759d30fd521&platform=eq.opla&status=eq.published&published_at=not.is.null&or=(handler_build.is.null,handler_build.neq.releve-annonces)&order=published_at.desc&limit=1	app-android		0
2026-10-05 16:51:43.803	2026-10-05 18:51:43.803	OPTIONS	200	/rest/v1/cross_post_jobs	?select=created_at,platform_fields&user_id=eq.6b2057a9-ee51-4070-8732-9759d30fd521&platform=eq.opla&status=eq.needs_user&platform_fields->>needs_user_source=eq.opla_acces&limit=50	app-android		0
2026-10-05 16:51:43.809	2026-10-05 18:51:43.809	OPTIONS	200	/rest/v1/cross_post_jobs	?select=id,inventaire_id,platform,status,error,created_at,published_at,platform_fields,action,listing_url,title,bulk_batch_id,voie&user_id=eq.6b2057a9-ee51-4070-8732-9759d30fd521&status=in.(pending,processing,published,failed,needs_user,deleted,cancelled,dry_run_completed)&order=created_at.desc,id.desc&offset=0&limit=1000	app-android		0
2026-10-05 16:51:43.829	2026-10-05 18:51:43.829	GET	200	/rest/v1/coin_config	?select=value&key=eq.sync_multi_ouverte	app-android	6b2057a9-ee51-4070-8732-9759d30fd521	40
2026-10-05 16:51:43.835	2026-10-05 18:51:43.835	POST	200	/rest/v1/rpc/republish_planifiee_etat_multi		app-android	6b2057a9-ee51-4070-8732-9759d30fd521	45
2026-10-05 16:51:43.838	2026-10-05 18:51:43.838	GET	200	/rest/v1/coin_config	?select=value&key=eq.republish_planifiee_actif	app-android	6b2057a9-ee51-4070-8732-9759d30fd521	44
2026-10-05 16:51:43.841	2026-10-05 18:51:43.841	GET	200	/rest/v1/profiles	?select=extension_postes,extension_sessions&id=eq.6b2057a9-ee51-4070-8732-9759d30fd521	app-android	6b2057a9-ee51-4070-8732-9759d30fd521	42
2026-10-05 16:51:43.844	2026-10-05 18:51:43.844	GET	200	/rest/v1/vinted_sync_runs	?select=finished_at&user_id=eq.6b2057a9-ee51-4070-8732-9759d30fd521&platform=eq.opla&erreur=ilike.%session+Opla+refus%HTTP+401%&finished_at=not.is.null&order=finished_at.desc&limit=1	app-android	6b2057a9-ee51-4070-8732-9759d30fd521	40
2026-10-05 16:51:43.850	2026-10-05 18:51:43.850	GET	200	/rest/v1/cross_post_jobs	?select=created_at,platform_fields&user_id=eq.6b2057a9-ee51-4070-8732-9759d30fd521&platform=eq.opla&status=eq.needs_user&platform_fields->>needs_user_source=eq.opla_acces&limit=50	app-android	6b2057a9-ee51-4070-8732-9759d30fd521	34
2026-10-05 16:51:43.854	2026-10-05 18:51:43.854	GET	200	/rest/v1/cross_post_jobs	?select=id,inventaire_id,platform,status,error,created_at,published_at,platform_fields,action,listing_url,title,bulk_batch_id,voie&user_id=eq.6b2057a9-ee51-4070-8732-9759d30fd521&status=in.(pending,processing,published,failed,needs_user,deleted,cancelled,dry_run_completed)&order=created_at.desc,id.desc&offset=0&limit=1000	app-android	6b2057a9-ee51-4070-8732-9759d30fd521	43
2026-10-05 16:51:43.885	2026-10-05 18:51:43.885	OPTIONS	200	/rest/v1/cross_post_jobs	?select=id&user_id=eq.6b2057a9-ee51-4070-8732-9759d30fd521&action=eq.republish&status=eq.published&platform_fields->>republish_source=eq.auto&published_at=gte.2026-09-30T22:00:00.000Z	app-android		6
2026-10-05 16:51:43.899	2026-10-05 18:51:43.899	GET	200	/rest/v1/fiches_annonce	?select=inventaire_id,fiche,updated_at&user_id=eq.6b2057a9-ee51-4070-8732-9759d30fd521&brouillon=eq.true&order=updated_at.desc&limit=200	app-android	6b2057a9-ee51-4070-8732-9759d30fd521	160
2026-10-05 16:51:43.903	2026-10-05 18:51:43.903	GET	200	/rest/v1/vinted_sync_runs	?select=id,finished_at,declencheur,vinted_login,items_vus&user_id=eq.6b2057a9-ee51-4070-8732-9759d30fd521&kind=eq.dressing&status=eq.done&order=finished_at.desc&limit=1	app-android	6b2057a9-ee51-4070-8732-9759d30fd521	63
2026-10-05 16:51:43.911	2026-10-05 18:51:43.911	GET	200	/rest/v1/profiles	?select=extension_last_seen_at,extension_version&id=eq.6b2057a9-ee51-4070-8732-9759d30fd521	app-android	6b2057a9-ee51-4070-8732-9759d30fd521	170
2026-10-05 16:51:43.914	2026-10-05 18:51:43.914	GET	200	/rest/v1/inventaire_doublons	?select=id,garde,absorbe,niveau,motif,preuves,created_at&user_id=eq.6b2057a9-ee51-4070-8732-9759d30fd521&statut=eq.proposee&order=created_at.desc&limit=200	app-android	6b2057a9-ee51-4070-8732-9759d30fd521	163
2026-10-05 16:51:43.918	2026-10-05 18:51:43.918	GET	200	/rest/v1/profiles	?select=extension_session_rejetee_at&id=eq.6b2057a9-ee51-4070-8732-9759d30fd521	app-android	6b2057a9-ee51-4070-8732-9759d30fd521	169
2026-10-05 16:51:43.921	2026-10-05 18:51:43.921	GET	200	/rest/v1/cross_post_jobs	?select=published_at&user_id=eq.6b2057a9-ee51-4070-8732-9759d30fd521&platform=eq.opla&status=eq.published&published_at=not.is.null&or=(handler_build.is.null,handler_build.neq.releve-annonces)&order=published_at.desc&limit=1	app-android	6b2057a9-ee51-4070-8732-9759d30fd521	153
2026-10-05 16:51:43.940	2026-10-05 18:51:43.940	OPTIONS	200	/rest/v1/vinted_sync_runs	?select=finished_at&user_id=eq.6b2057a9-ee51-4070-8732-9759d30fd521&platform=eq.opla&status=eq.done&kind=neq.connexion&finished_at=not.is.null&order=finished_at.desc&limit=1	app-android		22
2026-10-05 16:51:43.942	2026-10-05 18:51:43.942	GET	200	/rest/v1/profiles	?select=beta_flags&id=eq.6b2057a9-ee51-4070-8732-9759d30fd521	app-android	6b2057a9-ee51-4070-8732-9759d30fd521	159
2026-10-05 16:51:43.945	2026-10-05 18:51:43.945	OPTIONS	200	/rest/v1/vinted_sync_runs	?select=finished_at&user_id=eq.6b2057a9-ee51-4070-8732-9759d30fd521&platform=eq.opla&erreur=ilike.%accès+Opla+non+accordé%&finished_at=not.is.null&order=finished_at.desc&limit=1	app-android		28
2026-10-05 16:51:43.948	2026-10-05 18:51:43.948	OPTIONS	200	/rest/v1/inventaire	?select=id&user_id=eq.6b2057a9-ee51-4070-8732-9759d30fd521&statut=eq.stock&vinted_item_id=not.is.null&disparu_le=is.null&photos->0=not.is.null&or=(vinted_status.is.null,vinted_status.not.in.(hidden,draft))&listed_at_guess=lt.2026-09-05T16:51:44.046Z	app-android		50
2026-10-05 16:51:43.949	2026-10-05 18:51:43.949	GET	200	/rest/v1/vinted_sync_runs	?select=id,status,page_suivante,total_pages,total_entries,items_vus,items_crees,items_maj,erreur,started_at,finished_at,vinted_login,vinted_user_id&user_id=eq.6b2057a9-ee51-4070-8732-9759d30fd521&kind=eq.dressing&order=started_at.desc&limit=1	app-android	6b2057a9-ee51-4070-8732-9759d30fd521	41
2026-10-05 16:51:43.977	2026-10-05 18:51:43.977	OPTIONS	200	/rest/v1/vinted_sync_runs	?select=id,platform,status,declencheur,items_vus,items_crees,items_maj,total_entries,erreur,queued_at,started_at,finished_at&user_id=eq.6b2057a9-ee51-4070-8732-9759d30fd521&kind=eq.annonces&order=queued_at.desc.nullslast,started_at.desc.nullslast&limit=60	app-android		0
2026-10-05 16:51:43.981	2026-10-05 18:51:43.981	OPTIONS	200	/rest/v1/annonces_plateforme	?select=id,platform,inventaire_id,vues,favoris,vu_le&user_id=eq.6b2057a9-ee51-4070-8732-9759d30fd521&inventaire_id=not.is.null&disparu_le=is.null&order=id.asc&limit=500	app-android		0
2026-10-05 16:51:43.981	2026-10-05 18:51:43.981	OPTIONS	200	/rest/v1/annonces_plateforme	?select=id,platform,listing_id,vu_le,inventaire_id,ignoree_le,disparu_le&user_id=eq.6b2057a9-ee51-4070-8732-9759d30fd521&disparu_le=is.null&order=id.asc&limit=500	app-android		0
2026-10-05 16:51:43.987	2026-10-05 18:51:43.987	OPTIONS	200	/rest/v1/cross_post_jobs	?select=platform_fields&user_id=eq.6b2057a9-ee51-4070-8732-9759d30fd521&platform=eq.opla&platform_fields->>opla_acces_accorde_le=not.is.null&platform_fields->>opla_acces_accorde_par=is.null&order=created_at.desc&limit=20	app-android		36
2026-10-05 16:51:43.999	2026-10-05 18:51:43.999	GET	200	/rest/v1/platform_health	?select=platform,message_fr,message_en&paused=eq.true	app-android	6b2057a9-ee51-4070-8732-9759d30fd521	114
2026-10-05 16:51:44.011	2026-10-05 18:51:44.011	OPTIONS	200	/rest/v1/annonces_plateforme	?select=id,platform,listing_id,url,titre,prix,photo_url,statut_plateforme,proposition,vu_le&user_id=eq.6b2057a9-ee51-4070-8732-9759d30fd521&inventaire_id=is.null&ignoree_le=is.null&disparu_le=is.null&order=vu_le.desc&limit=300	app-android		0
2026-10-05 16:51:44.023	2026-10-05 18:51:44.023	HEAD	200	/rest/v1/cross_post_jobs	?select=id&user_id=eq.6b2057a9-ee51-4070-8732-9759d30fd521&action=eq.republish&status=eq.published&platform_fields->>republish_source=eq.auto&published_at=gte.2026-09-30T22:00:00.000Z	app-android	6b2057a9-ee51-4070-8732-9759d30fd521	117
2026-10-05 16:51:44.030	2026-10-05 18:51:44.030	GET	200	/rest/v1/vinted_sync_runs	?select=id,platform,status,declencheur,items_vus,items_crees,items_maj,total_entries,erreur,queued_at,started_at,finished_at&user_id=eq.6b2057a9-ee51-4070-8732-9759d30fd521&kind=eq.annonces&order=queued_at.desc.nullslast,started_at.desc.nullslast&limit=60	app-android	6b2057a9-ee51-4070-8732-9759d30fd521	50
2026-10-05 16:51:44.032	2026-10-05 18:51:44.032	OPTIONS	200	/rest/v1/cross_post_jobs	?select=id,platform,listing_url,platform_listing_id,created_at&user_id=eq.6b2057a9-ee51-4070-8732-9759d30fd521&action=eq.delete&platform=in.(leboncoin,beebs,ebay,opla)&status=in.(pending,processing,needs_user,deleted)&created_at=gte.2026-08-06T16:51:44.106Z&order=id.asc&limit=500	app-android		0
2026-10-05 16:51:44.033	2026-10-05 18:51:44.033	GET	200	/rest/v1/vinted_sync_runs	?select=finished_at&user_id=eq.6b2057a9-ee51-4070-8732-9759d30fd521&platform=eq.opla&erreur=ilike.%accès+Opla+non+accordé%&finished_at=not.is.null&order=finished_at.desc&limit=1	app-android	6b2057a9-ee51-4070-8732-9759d30fd521	48
2026-10-05 16:51:44.047	2026-10-05 18:51:44.047	GET	200	/rest/v1/vinted_sync_runs	?select=finished_at&user_id=eq.6b2057a9-ee51-4070-8732-9759d30fd521&platform=eq.opla&status=eq.done&kind=neq.connexion&finished_at=not.is.null&order=finished_at.desc&limit=1	app-android	6b2057a9-ee51-4070-8732-9759d30fd521	53
2026-10-05 16:51:44.051	2026-10-05 18:51:44.051	GET	200	/rest/v1/annonces_plateforme	?select=id,platform,inventaire_id,vues,favoris,vu_le&user_id=eq.6b2057a9-ee51-4070-8732-9759d30fd521&inventaire_id=not.is.null&disparu_le=is.null&order=id.asc&limit=500	app-android	6b2057a9-ee51-4070-8732-9759d30fd521	46
2026-10-05 16:51:44.051	2026-10-05 18:51:44.051	GET	200	/rest/v1/vinted_sync_runs	?select=id,finished_at,declencheur,vinted_login,items_vus&user_id=eq.6b2057a9-ee51-4070-8732-9759d30fd521&kind=eq.dressing&status=eq.done&order=finished_at.desc&limit=1	app-android	6b2057a9-ee51-4070-8732-9759d30fd521	85
2026-10-05 16:51:44.067	2026-10-05 18:51:44.067	OPTIONS	200	/rest/v1/cross_post_jobs	?select=id,platform,listing_url,platform_listing_id,created_at&user_id=eq.6b2057a9-ee51-4070-8732-9759d30fd521&action=eq.delete&platform=in.(leboncoin,beebs,ebay,opla)&status=in.(pending,processing,needs_user,deleted)&created_at=gte.2026-08-06T16:51:44.106Z&order=id.asc&limit=500	app-android		0
2026-10-05 16:51:44.071	2026-10-05 18:51:44.071	OPTIONS	200	/rest/v1/vinted_sync_runs	?select=id,platform,status,items_vus,erreur,queued_at,started_at,finished_at&user_id=eq.6b2057a9-ee51-4070-8732-9759d30fd521&kind=eq.dressing&status=eq.done&order=finished_at.desc.nullslast&limit=1	app-android		0
2026-10-05 16:51:44.071	2026-10-05 18:51:44.071	POST	200	/rest/v1/rpc/annonces_en_rangement		app-android	6b2057a9-ee51-4070-8732-9759d30fd521	64
2026-10-05 16:51:44.076	2026-10-05 18:51:44.076	GET	200	/rest/v1/annonces_plateforme	?select=id,platform,listing_id,vu_le,inventaire_id,ignoree_le,disparu_le&user_id=eq.6b2057a9-ee51-4070-8732-9759d30fd521&disparu_le=is.null&order=id.asc&limit=500	app-android	6b2057a9-ee51-4070-8732-9759d30fd521	45
2026-10-05 16:51:44.087	2026-10-05 18:51:44.087	POST	200	/rest/v1/rpc/releves_vides_signales		app-android	6b2057a9-ee51-4070-8732-9759d30fd521	49
2026-10-05 16:51:44.091	2026-10-05 18:51:44.091	GET	200	/rest/v1/cross_post_jobs	?select=platform_fields&user_id=eq.6b2057a9-ee51-4070-8732-9759d30fd521&platform=eq.opla&platform_fields->>opla_acces_accorde_le=not.is.null&platform_fields->>opla_acces_accorde_par=is.null&order=created_at.desc&limit=20	app-android	6b2057a9-ee51-4070-8732-9759d30fd521	58
2026-10-05 16:51:44.101	2026-10-05 18:51:44.101	GET	200	/rest/v1/cross_post_jobs	?select=id,platform,listing_url,platform_listing_id,created_at&user_id=eq.6b2057a9-ee51-4070-8732-9759d30fd521&action=eq.delete&platform=in.(leboncoin,beebs,ebay,opla)&status=in.(pending,processing,needs_user,deleted)&created_at=gte.2026-08-06T16:51:44.106Z&order=id.asc&limit=500	app-android	6b2057a9-ee51-4070-8732-9759d30fd521	53
2026-10-05 16:51:44.112	2026-10-05 18:51:44.112	GET	200	/rest/v1/vinted_sync_runs	?select=id,platform,status,items_vus,erreur,queued_at,started_at,finished_at&user_id=eq.6b2057a9-ee51-4070-8732-9759d30fd521&kind=eq.dressing&status=eq.done&order=finished_at.desc.nullslast&limit=1	app-android	6b2057a9-ee51-4070-8732-9759d30fd521	62
2026-10-05 16:51:44.131	2026-10-05 18:51:44.131	GET	200	/rest/v1/inventaire_doublons	?select=id,garde,absorbe,niveau,motif,preuves,created_at&user_id=eq.6b2057a9-ee51-4070-8732-9759d30fd521&statut=eq.proposee&order=created_at.desc&limit=200	app-android	6b2057a9-ee51-4070-8732-9759d30fd521	65
2026-10-05 16:51:44.148	2026-10-05 18:51:44.148	GET	200	/rest/v1/profiles	?select=extension_last_seen_at,extension_version&id=eq.6b2057a9-ee51-4070-8732-9759d30fd521	app-android	6b2057a9-ee51-4070-8732-9759d30fd521	46
2026-10-05 16:51:44.170	2026-10-05 18:51:44.170	OPTIONS	200	/rest/v1/annonces_plateforme	?select=id,platform,inventaire_id,vues,favoris,vu_le&user_id=eq.6b2057a9-ee51-4070-8732-9759d30fd521&inventaire_id=not.is.null&disparu_le=is.null&order=id.asc&limit=500&id=gt.f3f1c690-5fa5-4428-b927-5792a6b568d7	app-android		0
2026-10-05 16:51:44.185	2026-10-05 18:51:44.185	OPTIONS	200	/rest/v1/annonces_plateforme	?select=id,platform,listing_id,vu_le,inventaire_id,ignoree_le,disparu_le&user_id=eq.6b2057a9-ee51-4070-8732-9759d30fd521&disparu_le=is.null&order=id.asc&limit=500&id=gt.f3f1c690-5fa5-4428-b927-5792a6b568d7	app-android		0
2026-10-05 16:51:44.215	2026-10-05 18:51:44.215	HEAD	200	/rest/v1/inventaire	?select=id&user_id=eq.6b2057a9-ee51-4070-8732-9759d30fd521&statut=eq.stock&vinted_item_id=not.is.null&disparu_le=is.null&photos->0=not.is.null&or=(vinted_status.is.null,vinted_status.not.in.(hidden,draft))&listed_at_guess=lt.2026-09-05T16:51:44.046Z	app-android	6b2057a9-ee51-4070-8732-9759d30fd521	51
2026-10-05 16:51:44.218	2026-10-05 18:51:44.218	GET	200	/rest/v1/cross_post_jobs	?select=id,platform,listing_url,platform_listing_id,created_at&user_id=eq.6b2057a9-ee51-4070-8732-9759d30fd521&action=eq.delete&platform=in.(leboncoin,beebs,ebay,opla)&status=in.(pending,processing,needs_user,deleted)&created_at=gte.2026-08-06T16:51:44.106Z&order=id.asc&limit=500	app-android	6b2057a9-ee51-4070-8732-9759d30fd521	49
2026-10-05 16:51:44.228	2026-10-05 18:51:44.228	GET	200	/rest/v1/annonces_plateforme	?select=id,platform,inventaire_id,vues,favoris,vu_le&user_id=eq.6b2057a9-ee51-4070-8732-9759d30fd521&inventaire_id=not.is.null&disparu_le=is.null&order=id.asc&limit=500&id=gt.f3f1c690-5fa5-4428-b927-5792a6b568d7	app-android	6b2057a9-ee51-4070-8732-9759d30fd521	51
2026-10-05 16:51:44.235	2026-10-05 18:51:44.235	GET	200	/rest/v1/annonces_plateforme	?select=id,platform,listing_id,url,titre,prix,photo_url,statut_plateforme,proposition,vu_le&user_id=eq.6b2057a9-ee51-4070-8732-9759d30fd521&inventaire_id=is.null&ignoree_le=is.null&disparu_le=is.null&order=vu_le.desc&limit=300	app-android	6b2057a9-ee51-4070-8732-9759d30fd521	86
2026-10-05 16:51:44.254	2026-10-05 18:51:44.254	GET	200	/rest/v1/coin_config	?select=value&key=eq.nouveau_stepper_ouvert	app-android	6b2057a9-ee51-4070-8732-9759d30fd521	45
2026-10-05 16:51:44.259	2026-10-05 18:51:44.259	GET	200	/rest/v1/vinted_sync_runs	?select=id,status,page_suivante,total_pages,total_entries,items_vus,items_crees,items_maj,erreur,started_at,finished_at,vinted_login,vinted_user_id&user_id=eq.6b2057a9-ee51-4070-8732-9759d30fd521&kind=eq.dressing&order=started_at.desc&limit=1	app-android	6b2057a9-ee51-4070-8732-9759d30fd521	41
2026-10-05 16:51:44.262	2026-10-05 18:51:44.262	GET	200	/rest/v1/annonces_plateforme	?select=id,platform,listing_id,vu_le,inventaire_id,ignoree_le,disparu_le&user_id=eq.6b2057a9-ee51-4070-8732-9759d30fd521&disparu_le=is.null&order=id.asc&limit=500&id=gt.f3f1c690-5fa5-4428-b927-5792a6b568d7	app-android	6b2057a9-ee51-4070-8732-9759d30fd521	42
2026-10-05 16:51:44.276	2026-10-05 18:51:44.276	GET	200	/rest/v1/coin_config	?select=value&key=eq.price_republish	app-android	6b2057a9-ee51-4070-8732-9759d30fd521	49
2026-10-05 16:51:44.687	2026-10-05 18:51:44.687	GET	200	/auth/v1/user		serveur-fonction-edge	6b2057a9-ee51-4070-8732-9759d30fd521	54
2026-10-05 16:51:44.766	2026-10-05 18:51:44.766	GET	200	/rest/v1/coin_config	?select=value&key=eq.opla_sortie_le	serveur-fonction-edge	6b2057a9-ee51-4070-8732-9759d30fd521	39
2026-10-05 16:51:44.851	2026-10-05 18:51:44.851	GET	200	/rest/v1/cross_post_jobs	?select=id,inventaire_id&status=eq.needs_user&action=neq.delete	serveur-fonction-edge	6b2057a9-ee51-4070-8732-9759d30fd521	36
2026-10-05 16:51:44.904	2026-10-05 18:51:44.904	POST	200	/rest/v1/rpc/republish_planifiee_fenetres_courantes		serveur-fonction-edge	6b2057a9-ee51-4070-8732-9759d30fd521	34
2026-10-05 16:51:44.951	2026-10-05 18:51:44.951	GET	200	/rest/v1/coin_config	?select=key,value&key=in.(republish_plafond_jour,republish_plafond_jour_premium,republish_plafond_jour_pro,republish_plafond_jour_business,republish_pause_apres,republish_pause_duree_min)	serveur-fonction-edge	6b2057a9-ee51-4070-8732-9759d30fd521	40
2026-10-05 16:51:45.007	2026-10-05 18:51:45.007	GET	200	/rest/v1/profiles	?select=is_business,is_pro,is_premium,is_comped&id=eq.6b2057a9-ee51-4070-8732-9759d30fd521	serveur-fonction-edge	6b2057a9-ee51-4070-8732-9759d30fd521	39
2026-10-05 16:51:45.063	2026-10-05 18:51:45.063	GET	200	/rest/v1/cross_post_jobs	?select=published_at&action=eq.republish&status=eq.published&published_at=gte.2026-10-01T16:51:45.053Z&order=published_at.desc&limit=1000	serveur-fonction-edge	6b2057a9-ee51-4070-8732-9759d30fd521	38
2026-10-05 16:51:46.234	2026-10-05 18:51:46.234	GET	200	/rest/v1/vinted_sync_runs	?select=id,status,page_suivante,total_pages,total_entries,items_vus,items_crees,items_maj,erreur,started_at,finished_at,vinted_login,vinted_user_id&user_id=eq.6b2057a9-ee51-4070-8732-9759d30fd521&kind=eq.dressing&order=started_at.desc&limit=1	app-android	6b2057a9-ee51-4070-8732-9759d30fd521	44
2026-10-05 16:51:48.247	2026-10-05 18:51:48.247	GET	200	/rest/v1/vinted_sync_runs	?select=id,status,page_suivante,total_pages,total_entries,items_vus,items_crees,items_maj,erreur,started_at,finished_at,vinted_login,vinted_user_id&user_id=eq.6b2057a9-ee51-4070-8732-9759d30fd521&kind=eq.dressing&order=started_at.desc&limit=1	app-android	6b2057a9-ee51-4070-8732-9759d30fd521	41
2026-10-05 16:51:50.238	2026-10-05 18:51:50.238	GET	200	/rest/v1/vinted_sync_runs	?select=id,status,page_suivante,total_pages,total_entries,items_vus,items_crees,items_maj,erreur,started_at,finished_at,vinted_login,vinted_user_id&user_id=eq.6b2057a9-ee51-4070-8732-9759d30fd521&kind=eq.dressing&order=started_at.desc&limit=1	app-android	6b2057a9-ee51-4070-8732-9759d30fd521	46
2026-10-05 16:51:50.303	2026-10-05 18:51:50.303	GET	200	/rest/v1/cross_post_jobs	?select=id,status,last_checked_at,sale_signal:platform_fields->>sale_signal,unavailable_since:platform_fields->>unavailable_since,pending_removal:platform_fields->>pending_removal,check_unresolved_since:platform_fields->>check_unresolved_since&user_id=eq.6b2057a9-ee51-4070-8732-9759d30fd521&order=created_at.desc&limit=80	web-pc-chrome154	6b2057a9-ee51-4070-8732-9759d30fd521	52
2026-10-05 16:51:52.245	2026-10-05 18:51:52.245	GET	200	/rest/v1/vinted_sync_runs	?select=id,status,page_suivante,total_pages,total_entries,items_vus,items_crees,items_maj,erreur,started_at,finished_at,vinted_login,vinted_user_id&user_id=eq.6b2057a9-ee51-4070-8732-9759d30fd521&kind=eq.dressing&order=started_at.desc&limit=1	app-android	6b2057a9-ee51-4070-8732-9759d30fd521	40
2026-10-05 16:51:54.165	2026-10-05 18:51:54.165	GET	200	/rest/v1/annonces_plateforme	?user_id=eq.6b2057a9-ee51-4070-8732-9759d30fd521&platform=eq.beebs&select=listing_id,capture_le,inventaire_id,ligne:capture->ligne&limit=5000	extension-pc	6b2057a9-ee51-4070-8732-9759d30fd521	47
2026-10-05 16:51:54.302	2026-10-05 18:51:54.302	GET	200	/rest/v1/vinted_sync_runs	?select=id,status,page_suivante,total_pages,total_entries,items_vus,items_crees,items_maj,erreur,started_at,finished_at,vinted_login,vinted_user_id&user_id=eq.6b2057a9-ee51-4070-8732-9759d30fd521&kind=eq.dressing&order=started_at.desc&limit=1	app-android	6b2057a9-ee51-4070-8732-9759d30fd521	47
2026-10-05 16:51:56.300	2026-10-05 18:51:56.300	GET	200	/rest/v1/vinted_sync_runs	?select=id,status,page_suivante,total_pages,total_entries,items_vus,items_crees,items_maj,erreur,started_at,finished_at,vinted_login,vinted_user_id&user_id=eq.6b2057a9-ee51-4070-8732-9759d30fd521&kind=eq.dressing&order=started_at.desc&limit=1	app-android	6b2057a9-ee51-4070-8732-9759d30fd521	40
2026-10-05 16:51:58.739	2026-10-05 18:51:58.739	POST	200	/rest/v1/rpc/quotas_etat		app-android	6b2057a9-ee51-4070-8732-9759d30fd521	47
2026-10-05 16:51:58.743	2026-10-05 18:51:58.743	OPTIONS	200	/rest/v1/profiles	?select=extension_sessions&id=eq.6b2057a9-ee51-4070-8732-9759d30fd521	app-android		0
2026-10-05 16:51:58.745	2026-10-05 18:51:58.745	OPTIONS	200	/rest/v1/cross_post_jobs	?select=platform,created_at&user_id=eq.6b2057a9-ee51-4070-8732-9759d30fd521&status=eq.published&created_at=gte.2026-10-02T16:51:58.866Z&order=created_at.desc&limit=50	app-android		0
2026-10-05 16:51:58.760	2026-10-05 18:51:58.760	OPTIONS	200	/rest/v1/coin_wallets	?select=next_grant_at&user_id=eq.6b2057a9-ee51-4070-8732-9759d30fd521	app-android		0
2026-10-05 16:51:58.773	2026-10-05 18:51:58.773	GET	200	/rest/v1/profiles	?select=extension_sessions&id=eq.6b2057a9-ee51-4070-8732-9759d30fd521	app-android	6b2057a9-ee51-4070-8732-9759d30fd521	48
2026-10-05 16:51:58.805	2026-10-05 18:51:58.805	POST	200	/rest/v1/rpc/plateformes_verite		app-android	6b2057a9-ee51-4070-8732-9759d30fd521	42
2026-10-05 16:51:58.806	2026-10-05 18:51:58.806	GET	200	/rest/v1/cross_post_jobs	?select=platform,created_at&user_id=eq.6b2057a9-ee51-4070-8732-9759d30fd521&status=eq.published&created_at=gte.2026-10-02T16:51:58.866Z&order=created_at.desc&limit=50	app-android	6b2057a9-ee51-4070-8732-9759d30fd521	39
2026-10-05 16:51:59.434	2026-10-05 18:51:59.434	GET	200	/rest/v1/annonces_plateforme	?select=id,platform,listing_id,vu_le,inventaire_id,ignoree_le,disparu_le&user_id=eq.6b2057a9-ee51-4070-8732-9759d30fd521&disparu_le=is.null&order=id.asc&limit=500	app-android	6b2057a9-ee51-4070-8732-9759d30fd521	46
2026-10-05 16:51:59.437	2026-10-05 18:51:59.437	GET	200	/rest/v1/vinted_sync_runs	?select=id,platform,status,declencheur,items_vus,items_crees,items_maj,total_entries,erreur,queued_at,started_at,finished_at&user_id=eq.6b2057a9-ee51-4070-8732-9759d30fd521&kind=eq.annonces&order=queued_at.desc.nullslast,started_at.desc.nullslast&limit=60	app-android	6b2057a9-ee51-4070-8732-9759d30fd521	56
2026-10-05 16:51:59.438	2026-10-05 18:51:59.438	POST	200	/rest/v1/rpc/releves_vides_signales		app-android	6b2057a9-ee51-4070-8732-9759d30fd521	46
2026-10-05 16:51:59.442	2026-10-05 18:51:59.442	GET	200	/rest/v1/annonces_plateforme	?select=id,platform,listing_id,url,titre,prix,photo_url,statut_plateforme,proposition,vu_le&user_id=eq.6b2057a9-ee51-4070-8732-9759d30fd521&inventaire_id=is.null&ignoree_le=is.null&disparu_le=is.null&order=vu_le.desc&limit=300	app-android	6b2057a9-ee51-4070-8732-9759d30fd521	50
2026-10-05 16:51:59.443	2026-10-05 18:51:59.443	OPTIONS	200	/rest/v1/cross_post_jobs	?select=id,platform,listing_url,platform_listing_id,created_at&user_id=eq.6b2057a9-ee51-4070-8732-9759d30fd521&action=eq.delete&platform=in.(leboncoin,beebs,ebay,opla)&status=in.(pending,processing,needs_user,deleted)&created_at=gte.2026-08-06T16:51:59.589Z&order=id.asc&limit=500	app-android		0
2026-10-05 16:51:59.447	2026-10-05 18:51:59.447	GET	200	/rest/v1/vinted_sync_runs	?select=id,platform,status,items_vus,erreur,queued_at,started_at,finished_at&user_id=eq.6b2057a9-ee51-4070-8732-9759d30fd521&kind=eq.dressing&status=eq.done&order=finished_at.desc.nullslast&limit=1	app-android	6b2057a9-ee51-4070-8732-9759d30fd521	43
2026-10-05 16:51:59.473	2026-10-05 18:51:59.473	GET	200	/rest/v1/inventaire_doublons	?select=id,garde,absorbe,niveau,motif,preuves,created_at&user_id=eq.6b2057a9-ee51-4070-8732-9759d30fd521&statut=eq.proposee&order=created_at.desc&limit=200	app-android	6b2057a9-ee51-4070-8732-9759d30fd521	45
2026-10-05 16:51:59.482	2026-10-05 18:51:59.482	GET	200	/rest/v1/cross_post_jobs	?select=id,platform,listing_url,platform_listing_id,created_at&user_id=eq.6b2057a9-ee51-4070-8732-9759d30fd521&action=eq.delete&platform=in.(leboncoin,beebs,ebay,opla)&status=in.(pending,processing,needs_user,deleted)&created_at=gte.2026-08-06T16:51:59.590Z&order=id.asc&limit=500	app-android	6b2057a9-ee51-4070-8732-9759d30fd521	47
2026-10-05 16:51:59.497	2026-10-05 18:51:59.497	GET	200	/rest/v1/cross_post_jobs	?select=id,platform,listing_url,platform_listing_id,created_at&user_id=eq.6b2057a9-ee51-4070-8732-9759d30fd521&action=eq.delete&platform=in.(leboncoin,beebs,ebay,opla)&status=in.(pending,processing,needs_user,deleted)&created_at=gte.2026-08-06T16:51:59.589Z&order=id.asc&limit=500	app-android	6b2057a9-ee51-4070-8732-9759d30fd521	45
2026-10-05 16:51:59.545	2026-10-05 18:51:59.545	GET	200	/rest/v1/annonces_plateforme	?select=id,platform,listing_id,vu_le,inventaire_id,ignoree_le,disparu_le&user_id=eq.6b2057a9-ee51-4070-8732-9759d30fd521&disparu_le=is.null&order=id.asc&limit=500&id=gt.f3f1c690-5fa5-4428-b927-5792a6b568d7	app-android	6b2057a9-ee51-4070-8732-9759d30fd521	45
2026-10-05 16:52:00.257	2026-10-05 18:52:00.257	GET	200	/rest/v1/vinted_sync_runs	?select=id,status,page_suivante,total_pages,total_entries,items_vus,items_crees,items_maj,erreur,started_at,finished_at,vinted_login,vinted_user_id&user_id=eq.6b2057a9-ee51-4070-8732-9759d30fd521&kind=eq.dressing&order=started_at.desc&limit=1	app-android	6b2057a9-ee51-4070-8732-9759d30fd521	54
2026-10-05 16:52:01.837	2026-10-05 18:52:01.837	GET	200	/rest/v1/profiles	?select=platform_settings&id=eq.6b2057a9-ee51-4070-8732-9759d30fd521	app-android	6b2057a9-ee51-4070-8732-9759d30fd521	42
2026-10-05 16:52:01.895	2026-10-05 18:52:01.895	GET	200	/rest/v1/profiles	?select=extension_postes,extension_sessions&id=eq.6b2057a9-ee51-4070-8732-9759d30fd521	app-android	6b2057a9-ee51-4070-8732-9759d30fd521	37
2026-10-05 16:52:01.896	2026-10-05 18:52:01.896	GET	200	/rest/v1/vinted_sync_runs	?select=finished_at&user_id=eq.6b2057a9-ee51-4070-8732-9759d30fd521&platform=eq.opla&status=eq.done&kind=neq.connexion&finished_at=not.is.null&order=finished_at.desc&limit=1	app-android	6b2057a9-ee51-4070-8732-9759d30fd521	36
2026-10-05 16:52:01.900	2026-10-05 18:52:01.900	GET	200	/rest/v1/vinted_sync_runs	?select=finished_at&user_id=eq.6b2057a9-ee51-4070-8732-9759d30fd521&platform=eq.opla&erreur=ilike.%accès+Opla+non+accordé%&finished_at=not.is.null&order=finished_at.desc&limit=1	app-android	6b2057a9-ee51-4070-8732-9759d30fd521	34
2026-10-05 16:52:01.916	2026-10-05 18:52:01.916	GET	200	/rest/v1/vinted_sync_runs	?select=finished_at&user_id=eq.6b2057a9-ee51-4070-8732-9759d30fd521&platform=eq.opla&erreur=ilike.%session+Opla+refus%HTTP+401%&finished_at=not.is.null&order=finished_at.desc&limit=1	app-android	6b2057a9-ee51-4070-8732-9759d30fd521	37
2026-10-05 16:52:01.917	2026-10-05 18:52:01.917	GET	200	/rest/v1/cross_post_jobs	?select=platform_fields&user_id=eq.6b2057a9-ee51-4070-8732-9759d30fd521&platform=eq.opla&platform_fields->>opla_acces_accorde_le=not.is.null&platform_fields->>opla_acces_accorde_par=is.null&order=created_at.desc&limit=20	app-android	6b2057a9-ee51-4070-8732-9759d30fd521	39
2026-10-05 16:52:01.917	2026-10-05 18:52:01.917	GET	200	/rest/v1/cross_post_jobs	?select=created_at,platform_fields&user_id=eq.6b2057a9-ee51-4070-8732-9759d30fd521&platform=eq.opla&status=eq.needs_user&platform_fields->>needs_user_source=eq.opla_acces&limit=50	app-android	6b2057a9-ee51-4070-8732-9759d30fd521	39
2026-10-05 16:52:01.921	2026-10-05 18:52:01.921	GET	200	/rest/v1/profiles	?select=platform_settings&id=eq.6b2057a9-ee51-4070-8732-9759d30fd521	app-android	6b2057a9-ee51-4070-8732-9759d30fd521	38
2026-10-05 16:52:01.922	2026-10-05 18:52:01.922	GET	200	/rest/v1/cross_post_jobs	?select=published_at&user_id=eq.6b2057a9-ee51-4070-8732-9759d30fd521&platform=eq.opla&status=eq.published&published_at=not.is.null&or=(handler_build.is.null,handler_build.neq.releve-annonces)&order=published_at.desc&limit=1	app-android	6b2057a9-ee51-4070-8732-9759d30fd521	38
2026-10-05 16:52:02.099	2026-10-05 18:52:02.099	GET	200	/auth/v1/user		serveur-fonction-edge	6b2057a9-ee51-4070-8732-9759d30fd521	64
2026-10-05 16:52:02.197	2026-10-05 18:52:02.197	GET	200	/rest/v1/ebay_accounts	?select=*&user_id=eq.6b2057a9-ee51-4070-8732-9759d30fd521	serveur-fonction-edge		42
2026-10-05 16:52:02.237	2026-10-05 18:52:02.237	GET	200	/rest/v1/vinted_sync_runs	?select=id,status,page_suivante,total_pages,total_entries,items_vus,items_crees,items_maj,erreur,started_at,finished_at,vinted_login,vinted_user_id&user_id=eq.6b2057a9-ee51-4070-8732-9759d30fd521&kind=eq.dressing&order=started_at.desc&limit=1	app-android	6b2057a9-ee51-4070-8732-9759d30fd521	42
2026-10-05 16:52:02.257	2026-10-05 18:52:02.257	GET	200	/rest/v1/ebay_accounts	?select=merchant_location_key&user_id=eq.6b2057a9-ee51-4070-8732-9759d30fd521	serveur-fonction-edge		39
2026-10-05 16:52:02.261	2026-10-05 18:52:02.261	GET	200	/rest/v1/profiles	?select=platform_settings&id=eq.6b2057a9-ee51-4070-8732-9759d30fd521	serveur-fonction-edge		39
2026-10-05 16:52:02.663	2026-10-05 18:52:02.663	PATCH	204	/rest/v1/ebay_accounts	?user_id=eq.6b2057a9-ee51-4070-8732-9759d30fd521	serveur-fonction-edge		40
2026-10-05 16:52:02.718	2026-10-05 18:52:02.718	GET	200	/rest/v1/ebay_accounts	?select=*&user_id=eq.6b2057a9-ee51-4070-8732-9759d30fd521	serveur-fonction-edge		41
2026-10-05 16:52:03.594	2026-10-05 18:52:03.594	GET	200	/rest/v1/profiles	?select=id&ebay_voie_api=eq.true&id=in.(c7dc5abb-18f5-4d5e-8b35-52c1cccc4816,42eab075-66f2-49de-8e44-212377cfaf41,2eec0ad9-784e-419f-ad00-0df1fbfbb457,90739125-8f1c-4d26-a4a5-048eed4b1c0f,53efea05-dc2d-4467-a8cd-c6fa52a47a61,b20fb960-7826-4bab-b107-a388d9824009,577dce4b-0a9d-465d-8993-bab4dddba9cb,bfce1264-4aac-49e9-b2fe-3c4706a8e449,f6a86c0d-d617-4a4a-8a8d-c30a07ac3233,3fd46214-cd67-44c5-b05e-8da…	serveur-fonction-edge		14
2026-10-05 16:52:03.631	2026-10-05 18:52:03.631	GET	200	/rest/v1/cross_post_jobs	?select=id,user_id,error,platform_fields&platform=eq.ebay&action=eq.publish&voie=eq.extension&status=eq.pending&user_id=in.(8b78a7ce-3816-49ee-8bb3-511d4f860491,f6a86c0d-d617-4a4a-8a8d-c30a07ac3233,c7dc5abb-18f5-4d5e-8b35-52c1cccc4816,53efea05-dc2d-4467-a8cd-c6fa52a47a61,1661c65c-83ab-43c6-8595-c68f207d1477,52ac8bfb-ed9b-4a55-a632-d71308a0f8da,f8b8bbad-01e4-4800-89b7-f4cf77f1c8df,3d9caa6d-bf05-4ba…	serveur-fonction-edge		15
2026-10-05 16:52:03.976	2026-10-05 18:52:03.976	OPTIONS	200	/rest/v1/cross_post_jobs	?select=id,inventaire_id,platform,status,error,created_at,published_at,platform_fields,action,listing_url,title,bulk_batch_id,voie&user_id=eq.6b2057a9-ee51-4070-8732-9759d30fd521&or=(status.in.(pending,processing,needs_user),created_at.gte."2026-10-05T16:42:00.184283+00:00")&order=created_at.desc,id.desc&limit=1000	app-android		0
2026-10-05 16:52:04.022	2026-10-05 18:52:04.022	GET	200	/rest/v1/cross_post_jobs	?select=id,inventaire_id,platform,status,error,created_at,published_at,platform_fields,action,listing_url,title,bulk_batch_id,voie&user_id=eq.6b2057a9-ee51-4070-8732-9759d30fd521&or=(status.in.(pending,processing,needs_user),created_at.gte."2026-10-05T16:42:00.184283+00:00")&order=created_at.desc,id.desc&limit=1000	app-android	6b2057a9-ee51-4070-8732-9759d30fd521	55
2026-10-05 16:52:08.299	2026-10-05 18:52:08.299	GET	200	/rest/v1/vinted_sync_runs	?select=id,status,page_suivante,total_pages,total_entries,items_vus,items_crees,items_maj,erreur,started_at,finished_at,vinted_login,vinted_user_id&user_id=eq.6b2057a9-ee51-4070-8732-9759d30fd521&kind=eq.dressing&order=started_at.desc&limit=1	app-android	6b2057a9-ee51-4070-8732-9759d30fd521	46
2026-10-05 16:52:10.303	2026-10-05 18:52:10.303	GET	200	/rest/v1/vinted_sync_runs	?select=id,status,page_suivante,total_pages,total_entries,items_vus,items_crees,items_maj,erreur,started_at,finished_at,vinted_login,vinted_user_id&user_id=eq.6b2057a9-ee51-4070-8732-9759d30fd521&kind=eq.dressing&order=started_at.desc&limit=1	app-android	6b2057a9-ee51-4070-8732-9759d30fd521	42
2026-10-05 16:52:11.000	2026-10-05 18:52:11.000	GET	200	/rest/v1/coin_config	?select=value&key=eq.opla_sortie_le	app-android	6b2057a9-ee51-4070-8732-9759d30fd521	67
2026-10-05 16:52:12.253	2026-10-05 18:52:12.253	GET	200	/rest/v1/vinted_sync_runs	?select=id,status,page_suivante,total_pages,total_entries,items_vus,items_crees,items_maj,erreur,started_at,finished_at,vinted_login,vinted_user_id&user_id=eq.6b2057a9-ee51-4070-8732-9759d30fd521&kind=eq.dressing&order=started_at.desc&limit=1	app-android	6b2057a9-ee51-4070-8732-9759d30fd521	40
2026-10-05 16:52:14.323	2026-10-05 18:52:14.323	GET	200	/rest/v1/vinted_sync_runs	?select=id,status,page_suivante,total_pages,total_entries,items_vus,items_crees,items_maj,erreur,started_at,finished_at,vinted_login,vinted_user_id&user_id=eq.6b2057a9-ee51-4070-8732-9759d30fd521&kind=eq.dressing&order=started_at.desc&limit=1	app-android	6b2057a9-ee51-4070-8732-9759d30fd521	56
2026-10-05 16:52:14.687	2026-10-05 18:52:14.687	OPTIONS	200	/rest/v1/cross_post_jobs	?select=id,platform,listing_url,platform_listing_id,created_at&user_id=eq.6b2057a9-ee51-4070-8732-9759d30fd521&action=eq.delete&platform=in.(leboncoin,beebs,ebay,opla)&status=in.(pending,processing,needs_user,deleted)&created_at=gte.2026-08-06T16:52:14.820Z&order=id.asc&limit=500	app-android		0
2026-10-05 16:52:14.700	2026-10-05 18:52:14.700	GET	200	/rest/v1/vinted_sync_runs	?select=id,platform,status,declencheur,items_vus,items_crees,items_maj,total_entries,erreur,queued_at,started_at,finished_at&user_id=eq.6b2057a9-ee51-4070-8732-9759d30fd521&kind=eq.annonces&order=queued_at.desc.nullslast,started_at.desc.nullslast&limit=60	app-android	6b2057a9-ee51-4070-8732-9759d30fd521	48
2026-10-05 16:52:14.707	2026-10-05 18:52:14.707	OPTIONS	200	/rest/v1/cross_post_jobs	?select=id,platform,listing_url,platform_listing_id,created_at&user_id=eq.6b2057a9-ee51-4070-8732-9759d30fd521&action=eq.delete&platform=in.(leboncoin,beebs,ebay,opla)&status=in.(pending,processing,needs_user,deleted)&created_at=gte.2026-08-06T16:52:14.821Z&order=id.asc&limit=500	app-android		0
2026-10-05 16:52:14.711	2026-10-05 18:52:14.711	GET	200	/rest/v1/annonces_plateforme	?select=id,platform,listing_id,vu_le,inventaire_id,ignoree_le,disparu_le&user_id=eq.6b2057a9-ee51-4070-8732-9759d30fd521&disparu_le=is.null&order=id.asc&limit=500	app-android	6b2057a9-ee51-4070-8732-9759d30fd521	45
2026-10-05 16:52:14.717	2026-10-05 18:52:14.717	GET	200	/rest/v1/annonces_plateforme	?select=id,platform,listing_id,url,titre,prix,photo_url,statut_plateforme,proposition,vu_le&user_id=eq.6b2057a9-ee51-4070-8732-9759d30fd521&inventaire_id=is.null&ignoree_le=is.null&disparu_le=is.null&order=vu_le.desc&limit=300	app-android	6b2057a9-ee51-4070-8732-9759d30fd521	48
2026-10-05 16:52:14.727	2026-10-05 18:52:14.727	GET	200	/rest/v1/vinted_sync_runs	?select=id,platform,status,items_vus,erreur,queued_at,started_at,finished_at&user_id=eq.6b2057a9-ee51-4070-8732-9759d30fd521&kind=eq.dressing&status=eq.done&order=finished_at.desc.nullslast&limit=1	app-android	6b2057a9-ee51-4070-8732-9759d30fd521	44
2026-10-05 16:52:14.731	2026-10-05 18:52:14.731	POST	200	/rest/v1/rpc/annonces_en_rangement		app-android	6b2057a9-ee51-4070-8732-9759d30fd521	62
2026-10-05 16:52:14.737	2026-10-05 18:52:14.737	POST	200	/rest/v1/rpc/releves_vides_signales		app-android	6b2057a9-ee51-4070-8732-9759d30fd521	49
2026-10-05 16:52:14.746	2026-10-05 18:52:14.746	GET	200	/rest/v1/inventaire_doublons	?select=id,garde,absorbe,niveau,motif,preuves,created_at&user_id=eq.6b2057a9-ee51-4070-8732-9759d30fd521&statut=eq.proposee&order=created_at.desc&limit=200	app-android	6b2057a9-ee51-4070-8732-9759d30fd521	48
2026-10-05 16:52:14.779	2026-10-05 18:52:14.779	GET	200	/rest/v1/cross_post_jobs	?select=id,platform,listing_url,platform_listing_id,created_at&user_id=eq.6b2057a9-ee51-4070-8732-9759d30fd521&action=eq.delete&platform=in.(leboncoin,beebs,ebay,opla)&status=in.(pending,processing,needs_user,deleted)&created_at=gte.2026-08-06T16:52:14.820Z&order=id.asc&limit=500	app-android	6b2057a9-ee51-4070-8732-9759d30fd521	49
2026-10-05 16:52:14.787	2026-10-05 18:52:14.787	GET	200	/rest/v1/cross_post_jobs	?select=id,platform,listing_url,platform_listing_id,created_at&user_id=eq.6b2057a9-ee51-4070-8732-9759d30fd521&action=eq.delete&platform=in.(leboncoin,beebs,ebay,opla)&status=in.(pending,processing,needs_user,deleted)&created_at=gte.2026-08-06T16:52:14.821Z&order=id.asc&limit=500	app-android	6b2057a9-ee51-4070-8732-9759d30fd521	41
2026-10-05 16:52:14.817	2026-10-05 18:52:14.817	GET	200	/rest/v1/annonces_plateforme	?select=id,platform,listing_id,vu_le,inventaire_id,ignoree_le,disparu_le&user_id=eq.6b2057a9-ee51-4070-8732-9759d30fd521&disparu_le=is.null&order=id.asc&limit=500&id=gt.f3f1c690-5fa5-4428-b927-5792a6b568d7	app-android	6b2057a9-ee51-4070-8732-9759d30fd521	47
2026-10-05 16:52:15.323	2026-10-05 18:52:15.323	GET	200	/rest/v1/coin_config	?select=key,value	app-android	6b2057a9-ee51-4070-8732-9759d30fd521	75
2026-10-05 16:52:15.339	2026-10-05 18:52:15.339	GET	200	/rest/v1/platform_health	?select=platform,message_fr,message_en&paused=eq.true	app-android	6b2057a9-ee51-4070-8732-9759d30fd521	69
2026-10-05 16:52:15.352	2026-10-05 18:52:15.352	GET	200	/rest/v1/coin_wallets	?select=next_grant_at&user_id=eq.6b2057a9-ee51-4070-8732-9759d30fd521	app-android	6b2057a9-ee51-4070-8732-9759d30fd521	61
2026-10-05 16:52:15.357	2026-10-05 18:52:15.357	OPTIONS	200	/rest/v1/profiles	?select=extension_last_seen_at,extension_build&id=eq.6b2057a9-ee51-4070-8732-9759d30fd521	app-android		0
2026-10-05 16:52:15.387	2026-10-05 18:52:15.387	OPTIONS	200	/rest/v1/fiches_annonce	?select=fiche&inventaire_id=eq.1791218520498&user_id=eq.6b2057a9-ee51-4070-8732-9759d30fd521	app-android		0
2026-10-05 16:52:15.394	2026-10-05 18:52:15.394	POST	200	/rest/v1/rpc/plateformes_verite		app-android	6b2057a9-ee51-4070-8732-9759d30fd521	46
2026-10-05 16:52:15.405	2026-10-05 18:52:15.405	GET	200	/rest/v1/annonces_plateforme	?select=platform,titre,capture,capture_le,vu_le,statut_plateforme,url&inventaire_id=eq.1791218520498&disparu_le=is.null&order=vu_le.desc&limit=8	app-android	6b2057a9-ee51-4070-8732-9759d30fd521	42
2026-10-05 16:52:15.413	2026-10-05 18:52:15.413	GET	200	/rest/v1/cross_post_jobs	?select=id,platform,status,action,created_at,error,platform_fields&inventaire_id=eq.1791218520498&status=in.(pending,processing,published,deleted,needs_user,failed)	app-android	6b2057a9-ee51-4070-8732-9759d30fd521	44
2026-10-05 16:52:15.419	2026-10-05 18:52:15.419	GET	200	/rest/v1/profiles	?select=extension_last_seen_at,extension_build&id=eq.6b2057a9-ee51-4070-8732-9759d30fd521	app-android	6b2057a9-ee51-4070-8732-9759d30fd521	46
2026-10-05 16:52:15.423	2026-10-05 18:52:15.423	GET	200	/rest/v1/inventaire	?select=vinted_catalog_id,attributs&id=eq.1791218520498	app-android	6b2057a9-ee51-4070-8732-9759d30fd521	40
2026-10-05 16:52:15.426	2026-10-05 18:52:15.426	GET	200	/rest/v1/annonces_plateforme	?select=platform,capture,donnees_index,vu_le&inventaire_id=eq.1791218520498&disparu_le=is.null&order=vu_le.desc&limit=8	app-android	6b2057a9-ee51-4070-8732-9759d30fd521	38
2026-10-05 16:52:15.447	2026-10-05 18:52:15.447	GET	200	/rest/v1/fiches_annonce	?select=fiche&inventaire_id=eq.1791218520498&user_id=eq.6b2057a9-ee51-4070-8732-9759d30fd521	app-android	6b2057a9-ee51-4070-8732-9759d30fd521	43
2026-10-05 16:52:15.553	2026-10-05 18:52:15.553	GET	200	/storage/v1/object/public/listing-photos/6b2057a9-ee51-4070-8732-9759d30fd521/rapatrie-fiche/1791218520498/1791218520950_1.jpg		app-android		272
2026-10-05 16:52:15.555	2026-10-05 18:52:15.555	GET	200	/storage/v1/object/public/listing-photos/6b2057a9-ee51-4070-8732-9759d30fd521/rapatrie-fiche/1791218520498/1791218520950_3.jpg		app-android		227
2026-10-05 16:52:15.557	2026-10-05 18:52:15.557	GET	200	/storage/v1/object/public/listing-photos/6b2057a9-ee51-4070-8732-9759d30fd521/rapatrie-fiche/1791218520498/1791218520950_2.jpg		app-android		241
2026-10-05 16:52:15.592	2026-10-05 18:52:15.592	GET	200	/rest/v1/profiles	?select=extension_session_rejetee_at&id=eq.6b2057a9-ee51-4070-8732-9759d30fd521	app-android	6b2057a9-ee51-4070-8732-9759d30fd521	38
2026-10-05 16:52:15.610	2026-10-05 18:52:15.610	POST	200	/rest/v1/rpc/quotas_etat		app-android	6b2057a9-ee51-4070-8732-9759d30fd521	40
2026-10-05 16:52:15.631	2026-10-05 18:52:15.631	GET	200	/rest/v1/inventaire	?select=prix_vente,prix_achat,prix_achat_inconnu,attributs&id=eq.1791218520498	app-android	6b2057a9-ee51-4070-8732-9759d30fd521	37
2026-10-05 16:52:16.330	2026-10-05 18:52:16.330	GET	200	/rest/v1/vinted_sync_runs	?select=id,status,page_suivante,total_pages,total_entries,items_vus,items_crees,items_maj,erreur,started_at,finished_at,vinted_login,vinted_user_id&user_id=eq.6b2057a9-ee51-4070-8732-9759d30fd521&kind=eq.dressing&order=started_at.desc&limit=1	app-android	6b2057a9-ee51-4070-8732-9759d30fd521	50
2026-10-05 16:52:18.312	2026-10-05 18:52:18.312	GET	200	/rest/v1/vinted_sync_runs	?select=id,status,page_suivante,total_pages,total_entries,items_vus,items_crees,items_maj,erreur,started_at,finished_at,vinted_login,vinted_user_id&user_id=eq.6b2057a9-ee51-4070-8732-9759d30fd521&kind=eq.dressing&order=started_at.desc&limit=1	app-android	6b2057a9-ee51-4070-8732-9759d30fd521	46
2026-10-05 16:52:20.303	2026-10-05 18:52:20.303	GET	200	/rest/v1/vinted_sync_runs	?select=id,status,page_suivante,total_pages,total_entries,items_vus,items_crees,items_maj,erreur,started_at,finished_at,vinted_login,vinted_user_id&user_id=eq.6b2057a9-ee51-4070-8732-9759d30fd521&kind=eq.dressing&order=started_at.desc&limit=1	app-android	6b2057a9-ee51-4070-8732-9759d30fd521	76
2026-10-05 16:52:22.301	2026-10-05 18:52:22.301	GET	200	/rest/v1/vinted_sync_runs	?select=id,status,page_suivante,total_pages,total_entries,items_vus,items_crees,items_maj,erreur,started_at,finished_at,vinted_login,vinted_user_id&user_id=eq.6b2057a9-ee51-4070-8732-9759d30fd521&kind=eq.dressing&order=started_at.desc&limit=1	app-android	6b2057a9-ee51-4070-8732-9759d30fd521	52
2026-10-05 16:52:24.207	2026-10-05 18:52:24.207	GET	200	/rest/v1/cross_post_jobs	?select=id,inventaire_id,platform,status,error,created_at,published_at,platform_fields,action,listing_url,title,bulk_batch_id,voie&user_id=eq.6b2057a9-ee51-4070-8732-9759d30fd521&or=(status.in.(pending,processing,needs_user),created_at.gte."2026-10-05T16:42:00.184283+00:00")&order=created_at.desc,id.desc&limit=1000	app-android	6b2057a9-ee51-4070-8732-9759d30fd521	41
2026-10-05 16:52:24.224	2026-10-05 18:52:24.224	GET	200	/rest/v1/vinted_sync_runs	?select=id,status,page_suivante,total_pages,total_entries,items_vus,items_crees,items_maj,erreur,started_at,finished_at,vinted_login,vinted_user_id&user_id=eq.6b2057a9-ee51-4070-8732-9759d30fd521&kind=eq.dressing&order=started_at.desc&limit=1	app-android	6b2057a9-ee51-4070-8732-9759d30fd521	41
2026-10-05 16:52:26.002	2026-10-05 18:52:26.002	GET	200	/rest/v1/cross_post_jobs	?select=id,status,last_checked_at,sale_signal:platform_fields->>sale_signal,unavailable_since:platform_fields->>unavailable_since,pending_removal:platform_fields->>pending_removal,check_unresolved_since:platform_fields->>check_unresolved_since&user_id=eq.6b2057a9-ee51-4070-8732-9759d30fd521&order=created_at.desc&limit=80	app-android	6b2057a9-ee51-4070-8732-9759d30fd521	37
2026-10-05 16:52:26.229	2026-10-05 18:52:26.229	GET	200	/rest/v1/vinted_sync_runs	?select=id,status,page_suivante,total_pages,total_entries,items_vus,items_crees,items_maj,erreur,started_at,finished_at,vinted_login,vinted_user_id&user_id=eq.6b2057a9-ee51-4070-8732-9759d30fd521&kind=eq.dressing&order=started_at.desc&limit=1	app-android	6b2057a9-ee51-4070-8732-9759d30fd521	36
2026-10-05 16:52:28.241	2026-10-05 18:52:28.241	GET	200	/rest/v1/vinted_sync_runs	?select=id,status,page_suivante,total_pages,total_entries,items_vus,items_crees,items_maj,erreur,started_at,finished_at,vinted_login,vinted_user_id&user_id=eq.6b2057a9-ee51-4070-8732-9759d30fd521&kind=eq.dressing&order=started_at.desc&limit=1	app-android	6b2057a9-ee51-4070-8732-9759d30fd521	47
2026-10-05 16:52:28.647	2026-10-05 18:52:28.647	GET	200	/auth/v1/user		serveur-fonction-edge	6b2057a9-ee51-4070-8732-9759d30fd521	75
2026-10-05 16:52:28.767	2026-10-05 18:52:28.767	GET	200	/rest/v1/profiles	?select=lang&id=eq.6b2057a9-ee51-4070-8732-9759d30fd521	serveur-fonction-edge		77
2026-10-05 16:52:30.003	2026-10-05 18:52:30.003	GET	200	/rest/v1/annonces_plateforme	?select=id,platform,listing_id,vu_le,inventaire_id,ignoree_le,disparu_le&user_id=eq.6b2057a9-ee51-4070-8732-9759d30fd521&disparu_le=is.null&order=id.asc&limit=500	app-android	6b2057a9-ee51-4070-8732-9759d30fd521	58
2026-10-05 16:52:30.009	2026-10-05 18:52:30.009	GET	200	/rest/v1/annonces_plateforme	?select=id,platform,listing_id,url,titre,prix,photo_url,statut_plateforme,proposition,vu_le&user_id=eq.6b2057a9-ee51-4070-8732-9759d30fd521&inventaire_id=is.null&ignoree_le=is.null&disparu_le=is.null&order=vu_le.desc&limit=300	app-android	6b2057a9-ee51-4070-8732-9759d30fd521	44
2026-10-05 16:52:30.011	2026-10-05 18:52:30.011	GET	200	/rest/v1/vinted_sync_runs	?select=id,platform,status,declencheur,items_vus,items_crees,items_maj,total_entries,erreur,queued_at,started_at,finished_at&user_id=eq.6b2057a9-ee51-4070-8732-9759d30fd521&kind=eq.annonces&order=queued_at.desc.nullslast,started_at.desc.nullslast&limit=60	app-android	6b2057a9-ee51-4070-8732-9759d30fd521	61
2026-10-05 16:52:30.015	2026-10-05 18:52:30.015	OPTIONS	200	/rest/v1/cross_post_jobs	?select=id,platform,listing_url,platform_listing_id,created_at&user_id=eq.6b2057a9-ee51-4070-8732-9759d30fd521&action=eq.delete&platform=in.(leboncoin,beebs,ebay,opla)&status=in.(pending,processing,needs_user,deleted)&created_at=gte.2026-08-06T16:52:30.103Z&order=id.asc&limit=500	app-android		0
2026-10-05 16:52:30.023	2026-10-05 18:52:30.023	GET	200	/rest/v1/vinted_sync_runs	?select=id,platform,status,items_vus,erreur,queued_at,started_at,finished_at&user_id=eq.6b2057a9-ee51-4070-8732-9759d30fd521&kind=eq.dressing&status=eq.done&order=finished_at.desc.nullslast&limit=1	app-android	6b2057a9-ee51-4070-8732-9759d30fd521	45
2026-10-05 16:52:30.034	2026-10-05 18:52:30.034	OPTIONS	200	/rest/v1/cross_post_jobs	?select=id,platform,listing_url,platform_listing_id,created_at&user_id=eq.6b2057a9-ee51-4070-8732-9759d30fd521&action=eq.delete&platform=in.(leboncoin,beebs,ebay,opla)&status=in.(pending,processing,needs_user,deleted)&created_at=gte.2026-08-06T16:52:30.102Z&order=id.asc&limit=500	app-android		0
2026-10-05 16:52:30.037	2026-10-05 18:52:30.037	POST	200	/rest/v1/rpc/releves_vides_signales		app-android	6b2057a9-ee51-4070-8732-9759d30fd521	45
2026-10-05 16:52:30.042	2026-10-05 18:52:30.042	POST	200	/rest/v1/rpc/annonces_en_rangement		app-android	6b2057a9-ee51-4070-8732-9759d30fd521	40
2026-10-05 16:52:30.061	2026-10-05 18:52:30.061	GET	200	/rest/v1/cross_post_jobs	?select=id,platform,listing_url,platform_listing_id,created_at&user_id=eq.6b2057a9-ee51-4070-8732-9759d30fd521&action=eq.delete&platform=in.(leboncoin,beebs,ebay,opla)&status=in.(pending,processing,needs_user,deleted)&created_at=gte.2026-08-06T16:52:30.103Z&order=id.asc&limit=500	app-android	6b2057a9-ee51-4070-8732-9759d30fd521	39
2026-10-05 16:52:30.071	2026-10-05 18:52:30.071	GET	200	/rest/v1/cross_post_jobs	?select=id,platform,listing_url,platform_listing_id,created_at&user_id=eq.6b2057a9-ee51-4070-8732-9759d30fd521&action=eq.delete&platform=in.(leboncoin,beebs,ebay,opla)&status=in.(pending,processing,needs_user,deleted)&created_at=gte.2026-08-06T16:52:30.102Z&order=id.asc&limit=500	app-android	6b2057a9-ee51-4070-8732-9759d30fd521	41
2026-10-05 16:52:30.100	2026-10-05 18:52:30.100	GET	200	/rest/v1/annonces_plateforme	?select=id,platform,listing_id,vu_le,inventaire_id,ignoree_le,disparu_le&user_id=eq.6b2057a9-ee51-4070-8732-9759d30fd521&disparu_le=is.null&order=id.asc&limit=500&id=gt.f3f1c690-5fa5-4428-b927-5792a6b568d7	app-android	6b2057a9-ee51-4070-8732-9759d30fd521	43
2026-10-05 16:52:30.111	2026-10-05 18:52:30.111	GET	200	/rest/v1/inventaire_doublons	?select=id,garde,absorbe,niveau,motif,preuves,created_at&user_id=eq.6b2057a9-ee51-4070-8732-9759d30fd521&statut=eq.proposee&order=created_at.desc&limit=200	app-android	6b2057a9-ee51-4070-8732-9759d30fd521	49
2026-10-05 16:52:30.229	2026-10-05 18:52:30.229	GET	200	/rest/v1/vinted_sync_runs	?select=id,status,page_suivante,total_pages,total_entries,items_vus,items_crees,items_maj,erreur,started_at,finished_at,vinted_login,vinted_user_id&user_id=eq.6b2057a9-ee51-4070-8732-9759d30fd521&kind=eq.dressing&order=started_at.desc&limit=1	app-android	6b2057a9-ee51-4070-8732-9759d30fd521	36
2026-10-05 16:52:32.228	2026-10-05 18:52:32.228	GET	200	/rest/v1/vinted_sync_runs	?select=id,status,page_suivante,total_pages,total_entries,items_vus,items_crees,items_maj,erreur,started_at,finished_at,vinted_login,vinted_user_id&user_id=eq.6b2057a9-ee51-4070-8732-9759d30fd521&kind=eq.dressing&order=started_at.desc&limit=1	app-android	6b2057a9-ee51-4070-8732-9759d30fd521	42
2026-10-05 16:52:32.941	2026-10-05 18:52:32.941	POST	200	/rest/v1/rpc/quotas_etat		app-android	6b2057a9-ee51-4070-8732-9759d30fd521	46
2026-10-05 16:52:33.011	2026-10-05 18:52:33.011	GET	200	/rest/v1/platform_category_aspects	?select=field_key,field_label,required,input_type,allowed_values&platform=eq.beebs&category_key=eq.Mode+>+Homme+>+Vêtements+(homme)+>+Manteaux+et+vestes+(homme)+>+Manteaux+(homme)&required=eq.true	app-android	6b2057a9-ee51-4070-8732-9759d30fd521	47
2026-10-05 16:52:33.018	2026-10-05 18:52:33.018	GET	200	/rest/v1/platform_category_aspects	?select=field_key,field_label,required,input_type,allowed_values&platform=eq.leboncoin&category_key=eq.Mode+>+Vêtements&required=eq.true	app-android	6b2057a9-ee51-4070-8732-9759d30fd521	35
2026-10-05 16:52:33.254	2026-10-05 18:52:33.254	GET	200	/auth/v1/user		serveur-fonction-edge	6b2057a9-ee51-4070-8732-9759d30fd521	43
2026-10-05 16:52:33.314	2026-10-05 18:52:33.314	HEAD	200	/rest/v1/usage_logs	?select=id&user_id=eq.6b2057a9-ee51-4070-8732-9759d30fd521&feature=eq.resolve_categorie&created_at=gte.2026-10-04T16:52:33.306Z&or=(metadata->>origine.is.null,metadata->>origine.neq.ebay_api)	serveur-fonction-edge		41
2026-10-05 16:52:34.233	2026-10-05 18:52:34.233	GET	200	/rest/v1/vinted_sync_runs	?select=id,status,page_suivante,total_pages,total_entries,items_vus,items_crees,items_maj,erreur,started_at,finished_at,vinted_login,vinted_user_id&user_id=eq.6b2057a9-ee51-4070-8732-9759d30fd521&kind=eq.dressing&order=started_at.desc&limit=1	app-android	6b2057a9-ee51-4070-8732-9759d30fd521	52
2026-10-05 16:52:34.489	2026-10-05 18:52:34.489	POST	200	/rest/v1/fiches_annonce	?on_conflict=inventaire_id	app-android	6b2057a9-ee51-4070-8732-9759d30fd521	42
2026-10-05 16:52:34.638	2026-10-05 18:52:34.638	GET	200	/rest/v1/profiles	?select=platform_settings&id=eq.6b2057a9-ee51-4070-8732-9759d30fd521	app-android	6b2057a9-ee51-4070-8732-9759d30fd521	42
2026-10-05 16:52:34.638	2026-10-05 18:52:34.638	OPTIONS	200	/rest/v1/annonces_plateforme	?select=platform,listing_id,url,titre,prix,inventaire_id,photo_url&user_id=eq.6b2057a9-ee51-4070-8732-9759d30fd521&disparu_le=is.null&statut_plateforme=eq.en_ligne&platform=in.(leboncoin,beebs,opla)&or=(titre.ilike.*bomber*,titre.ilike.*pierre*,titre.ilike.*cardin*,titre.ilike.*zippee*,titre.ilike.*zippée*)&order=vu_le.desc&offset=0&limit=200	app-android		0
2026-10-05 16:52:34.673	2026-10-05 18:52:34.673	GET	200	/rest/v1/annonces_plateforme	?select=platform,listing_id,url,titre,prix,inventaire_id,photo_url&user_id=eq.6b2057a9-ee51-4070-8732-9759d30fd521&disparu_le=is.null&statut_plateforme=eq.en_ligne&platform=in.(leboncoin,beebs,opla)&or=(titre.ilike.*bomber*,titre.ilike.*pierre*,titre.ilike.*cardin*,titre.ilike.*zippee*,titre.ilike.*zippée*)&order=vu_le.desc&offset=0&limit=200	app-android	6b2057a9-ee51-4070-8732-9759d30fd521	38
2026-10-05 16:52:34.732	2026-10-05 18:52:34.732	OPTIONS	200	/rest/v1/annonces_plateforme	?select=platform,listing_id,url,titre,prix,inventaire_id,photo_url&user_id=eq.6b2057a9-ee51-4070-8732-9759d30fd521&disparu_le=is.null&statut_plateforme=eq.en_ligne&platform=in.(opla)&or=(titre.ilike.*bomber*,titre.ilike.*pierre*,titre.ilike.*cardin*,titre.ilike.*zippee*,titre.ilike.*zippée*)&order=vu_le.desc&offset=0&limit=200	app-android		0
2026-10-05 16:52:34.792	2026-10-05 18:52:34.792	OPTIONS	200	/rest/v1/cross_post_jobs	?select=inventaire_id,platform,title,price,listing_url,platform_listing_id,photos&user_id=eq.6b2057a9-ee51-4070-8732-9759d30fd521&platform=in.(leboncoin,beebs,opla)&action=in.(publish,republish)&status=eq.published&or=(title.ilike.*bomber*,title.ilike.*pierre*,title.ilike.*cardin*,title.ilike.*zippee*,title.ilike.*zippée*)&order=published_at.desc&offset=0&limit=200	app-android		0
2026-10-05 16:52:34.807	2026-10-05 18:52:34.807	GET	200	/rest/v1/annonces_plateforme	?select=platform,listing_id,url,titre,prix,inventaire_id,photo_url&user_id=eq.6b2057a9-ee51-4070-8732-9759d30fd521&disparu_le=is.null&statut_plateforme=eq.en_ligne&platform=in.(opla)&or=(titre.ilike.*bomber*,titre.ilike.*pierre*,titre.ilike.*cardin*,titre.ilike.*zippee*,titre.ilike.*zippée*)&order=vu_le.desc&offset=0&limit=200	app-android	6b2057a9-ee51-4070-8732-9759d30fd521	36
2026-10-05 16:52:34.848	2026-10-05 18:52:34.848	GET	200	/rest/v1/cross_post_jobs	?select=inventaire_id,platform,title,price,listing_url,platform_listing_id,photos&user_id=eq.6b2057a9-ee51-4070-8732-9759d30fd521&platform=in.(leboncoin,beebs,opla)&action=in.(publish,republish)&status=eq.published&or=(title.ilike.*bomber*,title.ilike.*pierre*,title.ilike.*cardin*,title.ilike.*zippee*,title.ilike.*zippée*)&order=published_at.desc&offset=0&limit=200	app-android	6b2057a9-ee51-4070-8732-9759d30fd521	41
2026-10-05 16:52:34.887	2026-10-05 18:52:34.887	OPTIONS	200	/rest/v1/cross_post_jobs	?select=inventaire_id,platform,title,price,listing_url,platform_listing_id,photos&user_id=eq.6b2057a9-ee51-4070-8732-9759d30fd521&platform=in.(opla)&action=in.(publish,republish)&status=eq.published&or=(title.ilike.*bomber*,title.ilike.*pierre*,title.ilike.*cardin*,title.ilike.*zippee*,title.ilike.*zippée*)&order=published_at.desc&offset=0&limit=200	app-android		0
2026-10-05 16:52:34.955	2026-10-05 18:52:34.955	GET	200	/rest/v1/cross_post_jobs	?select=inventaire_id,platform,title,price,listing_url,platform_listing_id,photos&user_id=eq.6b2057a9-ee51-4070-8732-9759d30fd521&platform=in.(opla)&action=in.(publish,republish)&status=eq.published&or=(title.ilike.*bomber*,title.ilike.*pierre*,title.ilike.*cardin*,title.ilike.*zippee*,title.ilike.*zippée*)&order=published_at.desc&offset=0&limit=200	app-android	6b2057a9-ee51-4070-8732-9759d30fd521	40
2026-10-05 16:52:35.523	2026-10-05 18:52:35.523	GET	200	/rest/v1/cross_post_jobs	?select=id,status,last_checked_at,sale_signal:platform_fields->>sale_signal,unavailable_since:platform_fields->>unavailable_since,pending_removal:platform_fields->>pending_removal,check_unresolved_since:platform_fields->>check_unresolved_since&user_id=eq.6b2057a9-ee51-4070-8732-9759d30fd521&order=created_at.desc&limit=80	web-pc-chrome154	6b2057a9-ee51-4070-8732-9759d30fd521	41
2026-10-05 16:52:36.146	2026-10-05 18:52:36.146	POST	200	/rest/v1/fiches_annonce	?on_conflict=inventaire_id	app-android	6b2057a9-ee51-4070-8732-9759d30fd521	54
2026-10-05 16:52:36.226	2026-10-05 18:52:36.226	GET	200	/rest/v1/vinted_sync_runs	?select=id,status,page_suivante,total_pages,total_entries,items_vus,items_crees,items_maj,erreur,started_at,finished_at,vinted_login,vinted_user_id&user_id=eq.6b2057a9-ee51-4070-8732-9759d30fd521&kind=eq.dressing&order=started_at.desc&limit=1	app-android	6b2057a9-ee51-4070-8732-9759d30fd521	39
2026-10-05 16:52:38.292	2026-10-05 18:52:38.292	GET	200	/rest/v1/vinted_sync_runs	?select=id,status,page_suivante,total_pages,total_entries,items_vus,items_crees,items_maj,erreur,started_at,finished_at,vinted_login,vinted_user_id&user_id=eq.6b2057a9-ee51-4070-8732-9759d30fd521&kind=eq.dressing&order=started_at.desc&limit=1	app-android	6b2057a9-ee51-4070-8732-9759d30fd521	35
2026-10-05 16:52:42.304	2026-10-05 18:52:42.304	GET	200	/rest/v1/vinted_sync_runs	?select=id,status,page_suivante,total_pages,total_entries,items_vus,items_crees,items_maj,erreur,started_at,finished_at,vinted_login,vinted_user_id&user_id=eq.6b2057a9-ee51-4070-8732-9759d30fd521&kind=eq.dressing&order=started_at.desc&limit=1	app-android	6b2057a9-ee51-4070-8732-9759d30fd521	60
2026-10-05 16:52:45.279	2026-10-05 18:52:45.279	POST	200	/rest/v1/rpc/releves_vides_signales		app-android	6b2057a9-ee51-4070-8732-9759d30fd521	41
2026-10-05 16:52:45.283	2026-10-05 18:52:45.283	GET	200	/rest/v1/inventaire_doublons	?select=id,garde,absorbe,niveau,motif,preuves,created_at&user_id=eq.6b2057a9-ee51-4070-8732-9759d30fd521&statut=eq.proposee&order=created_at.desc&limit=200	app-android	6b2057a9-ee51-4070-8732-9759d30fd521	46
2026-10-05 16:52:46.248	2026-10-05 18:52:46.248	GET	200	/rest/v1/vinted_sync_runs	?select=id,status,page_suivante,total_pages,total_entries,items_vus,items_crees,items_maj,erreur,started_at,finished_at,vinted_login,vinted_user_id&user_id=eq.6b2057a9-ee51-4070-8732-9759d30fd521&kind=eq.dressing&order=started_at.desc&limit=1	app-android	6b2057a9-ee51-4070-8732-9759d30fd521	38
2026-10-05 16:52:47.340	2026-10-05 18:52:47.340	GET	200	/rest/v1/profiles	?select=extension_last_seen_at,extension_version&id=eq.6b2057a9-ee51-4070-8732-9759d30fd521	app-android	6b2057a9-ee51-4070-8732-9759d30fd521	62
2026-10-05 16:52:47.500	2026-10-05 18:52:47.500	GET	200	/rest/v1/vinted_sync_runs	?select=id,status,queued_at&user_id=eq.6b2057a9-ee51-4070-8732-9759d30fd521&kind=eq.connexion&platform=eq.opla&status=eq.queued&queued_at=gte.2026-10-05T16:42:47.646Z&order=queued_at.desc&limit=1	app-android	6b2057a9-ee51-4070-8732-9759d30fd521	38
2026-10-05 16:52:47.703	2026-10-05 18:52:47.703	POST	201	/rest/v1/vinted_sync_runs	?select=id	app-android	6b2057a9-ee51-4070-8732-9759d30fd521	41
2026-10-05 16:52:48.234	2026-10-05 18:52:48.234	GET	200	/rest/v1/vinted_sync_runs	?select=id,status,page_suivante,total_pages,total_entries,items_vus,items_crees,items_maj,erreur,started_at,finished_at,vinted_login,vinted_user_id&user_id=eq.6b2057a9-ee51-4070-8732-9759d30fd521&kind=eq.dressing&order=started_at.desc&limit=1	app-android	6b2057a9-ee51-4070-8732-9759d30fd521	37
2026-10-05 16:52:50.301	2026-10-05 18:52:50.301	GET	200	/rest/v1/vinted_sync_runs	?select=id,status,page_suivante,total_pages,total_entries,items_vus,items_crees,items_maj,erreur,started_at,finished_at,vinted_login,vinted_user_id&user_id=eq.6b2057a9-ee51-4070-8732-9759d30fd521&kind=eq.dressing&order=started_at.desc&limit=1	app-android	6b2057a9-ee51-4070-8732-9759d30fd521	42
2026-10-05 16:52:50.919	2026-10-05 18:52:50.919	GET	200	/rest/v1/vinted_sync_runs	?select=status&id=eq.cf3d2ad7-65cd-457f-885c-f70d9a99004e	app-android	6b2057a9-ee51-4070-8732-9759d30fd521	44
2026-10-05 16:52:52.306	2026-10-05 18:52:52.306	GET	200	/rest/v1/vinted_sync_runs	?select=id,status,page_suivante,total_pages,total_entries,items_vus,items_crees,items_maj,erreur,started_at,finished_at,vinted_login,vinted_user_id&user_id=eq.6b2057a9-ee51-4070-8732-9759d30fd521&kind=eq.dressing&order=started_at.desc&limit=1	app-android	6b2057a9-ee51-4070-8732-9759d30fd521	39
2026-10-05 16:52:53.867	2026-10-05 18:52:53.867	GET	200	/rest/v1/vinted_sync_runs	?select=status&id=eq.cf3d2ad7-65cd-457f-885c-f70d9a99004e	app-android	6b2057a9-ee51-4070-8732-9759d30fd521	77
2026-10-05 16:52:54.233	2026-10-05 18:52:54.233	GET	200	/rest/v1/vinted_sync_runs	?select=id,status,page_suivante,total_pages,total_entries,items_vus,items_crees,items_maj,erreur,started_at,finished_at,vinted_login,vinted_user_id&user_id=eq.6b2057a9-ee51-4070-8732-9759d30fd521&kind=eq.dressing&order=started_at.desc&limit=1	app-android	6b2057a9-ee51-4070-8732-9759d30fd521	43
2026-10-05 16:52:56.260	2026-10-05 18:52:56.260	GET	200	/rest/v1/vinted_sync_runs	?select=id,status,page_suivante,total_pages,total_entries,items_vus,items_crees,items_maj,erreur,started_at,finished_at,vinted_login,vinted_user_id&user_id=eq.6b2057a9-ee51-4070-8732-9759d30fd521&kind=eq.dressing&order=started_at.desc&limit=1	app-android	6b2057a9-ee51-4070-8732-9759d30fd521	42
2026-10-05 16:52:56.869	2026-10-05 18:52:56.869	GET	200	/rest/v1/vinted_sync_runs	?select=status&id=eq.cf3d2ad7-65cd-457f-885c-f70d9a99004e	app-android	6b2057a9-ee51-4070-8732-9759d30fd521	49
2026-10-05 16:52:58.256	2026-10-05 18:52:58.256	GET	200	/rest/v1/vinted_sync_runs	?select=id,status,page_suivante,total_pages,total_entries,items_vus,items_crees,items_maj,erreur,started_at,finished_at,vinted_login,vinted_user_id&user_id=eq.6b2057a9-ee51-4070-8732-9759d30fd521&kind=eq.dressing&order=started_at.desc&limit=1	app-android	6b2057a9-ee51-4070-8732-9759d30fd521	36
2026-10-05 16:52:59.925	2026-10-05 18:52:59.925	GET	200	/rest/v1/vinted_sync_runs	?select=status&id=eq.cf3d2ad7-65cd-457f-885c-f70d9a99004e	app-android	6b2057a9-ee51-4070-8732-9759d30fd521	50
2026-10-05 16:53:00.252	2026-10-05 18:53:00.252	GET	200	/rest/v1/vinted_sync_runs	?select=id,status,page_suivante,total_pages,total_entries,items_vus,items_crees,items_maj,erreur,started_at,finished_at,vinted_login,vinted_user_id&user_id=eq.6b2057a9-ee51-4070-8732-9759d30fd521&kind=eq.dressing&order=started_at.desc&limit=1	app-android	6b2057a9-ee51-4070-8732-9759d30fd521	46
2026-10-05 16:53:00.487	2026-10-05 18:53:00.487	GET	200	/rest/v1/vinted_sync_runs	?select=id,platform,status,declencheur,items_vus,items_crees,items_maj,total_entries,erreur,queued_at,started_at,finished_at&user_id=eq.6b2057a9-ee51-4070-8732-9759d30fd521&kind=eq.annonces&order=queued_at.desc.nullslast,started_at.desc.nullslast&limit=60	app-android	6b2057a9-ee51-4070-8732-9759d30fd521	39
2026-10-05 16:53:00.491	2026-10-05 18:53:00.491	GET	200	/rest/v1/annonces_plateforme	?select=id,platform,listing_id,vu_le,inventaire_id,ignoree_le,disparu_le&user_id=eq.6b2057a9-ee51-4070-8732-9759d30fd521&disparu_le=is.null&order=id.asc&limit=500	app-android	6b2057a9-ee51-4070-8732-9759d30fd521	37
2026-10-05 16:53:00.504	2026-10-05 18:53:00.504	OPTIONS	200	/rest/v1/cross_post_jobs	?select=id,platform,listing_url,platform_listing_id,created_at&user_id=eq.6b2057a9-ee51-4070-8732-9759d30fd521&action=eq.delete&platform=in.(leboncoin,beebs,ebay,opla)&status=in.(pending,processing,needs_user,deleted)&created_at=gte.2026-08-06T16:53:00.648Z&order=id.asc&limit=500	app-android		0
2026-10-05 16:53:00.508	2026-10-05 18:53:00.508	OPTIONS	200	/rest/v1/cross_post_jobs	?select=id,platform,listing_url,platform_listing_id,created_at&user_id=eq.6b2057a9-ee51-4070-8732-9759d30fd521&action=eq.delete&platform=in.(leboncoin,beebs,ebay,opla)&status=in.(pending,processing,needs_user,deleted)&created_at=gte.2026-08-06T16:53:00.649Z&order=id.asc&limit=500	app-android		0
2026-10-05 16:53:00.515	2026-10-05 18:53:00.515	GET	200	/rest/v1/vinted_sync_runs	?select=id,platform,status,items_vus,erreur,queued_at,started_at,finished_at&user_id=eq.6b2057a9-ee51-4070-8732-9759d30fd521&kind=eq.dressing&status=eq.done&order=finished_at.desc.nullslast&limit=1	app-android	6b2057a9-ee51-4070-8732-9759d30fd521	45
2026-10-05 16:53:00.523	2026-10-05 18:53:00.523	GET	200	/rest/v1/annonces_plateforme	?select=id,platform,listing_id,url,titre,prix,photo_url,statut_plateforme,proposition,vu_le&user_id=eq.6b2057a9-ee51-4070-8732-9759d30fd521&inventaire_id=is.null&ignoree_le=is.null&disparu_le=is.null&order=vu_le.desc&limit=300	app-android	6b2057a9-ee51-4070-8732-9759d30fd521	37
2026-10-05 16:53:00.525	2026-10-05 18:53:00.525	POST	200	/rest/v1/rpc/releves_vides_signales		app-android	6b2057a9-ee51-4070-8732-9759d30fd521	36
2026-10-05 16:53:00.543	2026-10-05 18:53:00.543	GET	200	/rest/v1/inventaire_doublons	?select=id,garde,absorbe,niveau,motif,preuves,created_at&user_id=eq.6b2057a9-ee51-4070-8732-9759d30fd521&statut=eq.proposee&order=created_at.desc&limit=200	app-android	6b2057a9-ee51-4070-8732-9759d30fd521	46
2026-10-05 16:53:00.583	2026-10-05 18:53:00.583	GET	200	/rest/v1/cross_post_jobs	?select=id,platform,listing_url,platform_listing_id,created_at&user_id=eq.6b2057a9-ee51-4070-8732-9759d30fd521&action=eq.delete&platform=in.(leboncoin,beebs,ebay,opla)&status=in.(pending,processing,needs_user,deleted)&created_at=gte.2026-08-06T16:53:00.649Z&order=id.asc&limit=500	app-android	6b2057a9-ee51-4070-8732-9759d30fd521	45
2026-10-05 16:53:00.587	2026-10-05 18:53:00.587	POST	200	/rest/v1/rpc/annonces_en_rangement		app-android	6b2057a9-ee51-4070-8732-9759d30fd521	39
2026-10-05 16:53:00.591	2026-10-05 18:53:00.591	GET	200	/rest/v1/cross_post_jobs	?select=id,platform,listing_url,platform_listing_id,created_at&user_id=eq.6b2057a9-ee51-4070-8732-9759d30fd521&action=eq.delete&platform=in.(leboncoin,beebs,ebay,opla)&status=in.(pending,processing,needs_user,deleted)&created_at=gte.2026-08-06T16:53:00.648Z&order=id.asc&limit=500	app-android	6b2057a9-ee51-4070-8732-9759d30fd521	37
2026-10-05 16:53:00.634	2026-10-05 18:53:00.634	GET	200	/rest/v1/annonces_plateforme	?select=id,platform,listing_id,vu_le,inventaire_id,ignoree_le,disparu_le&user_id=eq.6b2057a9-ee51-4070-8732-9759d30fd521&disparu_le=is.null&order=id.asc&limit=500&id=gt.f3f1c690-5fa5-4428-b927-5792a6b568d7	app-android	6b2057a9-ee51-4070-8732-9759d30fd521	37
2026-10-05 16:53:02.036	2026-10-05 18:53:02.036	GET	200	/rest/v1/profiles	?select=platform_settings&id=eq.6b2057a9-ee51-4070-8732-9759d30fd521	app-android	6b2057a9-ee51-4070-8732-9759d30fd521	40
2026-10-05 16:53:02.306	2026-10-05 18:53:02.306	GET	200	/rest/v1/vinted_sync_runs	?select=id,status,page_suivante,total_pages,total_entries,items_vus,items_crees,items_maj,erreur,started_at,finished_at,vinted_login,vinted_user_id&user_id=eq.6b2057a9-ee51-4070-8732-9759d30fd521&kind=eq.dressing&order=started_at.desc&limit=1	app-android	6b2057a9-ee51-4070-8732-9759d30fd521	42
2026-10-05 16:53:02.337	2026-10-05 18:53:02.337	GET	200	/rest/v1/inventaire	?select=titre,description,origine,attributs&id=eq.1791218520498	app-android	6b2057a9-ee51-4070-8732-9759d30fd521	38
2026-10-05 16:53:02.466	2026-10-05 18:53:02.466	POST	200	/rest/v1/rpc/spend_coins_and_publish		app-android	6b2057a9-ee51-4070-8732-9759d30fd521	49
2026-10-05 16:53:02.620	2026-10-05 18:53:02.620	OPTIONS	200	/rest/v1/fiches_annonce	?inventaire_id=eq.1791218520498&user_id=eq.6b2057a9-ee51-4070-8732-9759d30fd521	app-android		0
2026-10-05 16:53:02.661	2026-10-05 18:53:02.661	PATCH	204	/rest/v1/fiches_annonce	?inventaire_id=eq.1791218520498&user_id=eq.6b2057a9-ee51-4070-8732-9759d30fd521	app-android	6b2057a9-ee51-4070-8732-9759d30fd521	42
2026-10-05 16:53:02.700	2026-10-05 18:53:02.700	PATCH	200	/rest/v1/inventaire	?id=eq.1791218520498&select=id,prix_vente	app-android	6b2057a9-ee51-4070-8732-9759d30fd521	41
2026-10-05 16:53:02.821	2026-10-05 18:53:02.821	POST	200	/rest/v1/fiches_annonce	?on_conflict=inventaire_id	app-android	6b2057a9-ee51-4070-8732-9759d30fd521	43
2026-10-05 16:53:02.866	2026-10-05 18:53:02.866	GET	200	/rest/v1/cross_post_jobs	?select=id,platform,status,action,created_at,error,listing_url,platform_fields,voie&inventaire_id=eq.1791218520498&platform=in.(opla)&created_at=gte.2026-10-05T16:52:02.967Z&order=created_at.desc&limit=50	app-android	6b2057a9-ee51-4070-8732-9759d30fd521	41
2026-10-05 16:53:02.955	2026-10-05 18:53:02.955	OPTIONS	200	/rest/v1/profiles	?select=extension_last_seen_at&id=eq.6b2057a9-ee51-4070-8732-9759d30fd521	app-android		0
2026-10-05 16:53:02.990	2026-10-05 18:53:02.990	GET	200	/rest/v1/profiles	?select=extension_last_seen_at&id=eq.6b2057a9-ee51-4070-8732-9759d30fd521	app-android	6b2057a9-ee51-4070-8732-9759d30fd521	40
2026-10-05 16:53:04.251	2026-10-05 18:53:04.251	GET	200	/rest/v1/vinted_sync_runs	?select=id,status,page_suivante,total_pages,total_entries,items_vus,items_crees,items_maj,erreur,started_at,finished_at,vinted_login,vinted_user_id&user_id=eq.6b2057a9-ee51-4070-8732-9759d30fd521&kind=eq.dressing&order=started_at.desc&limit=1	app-android	6b2057a9-ee51-4070-8732-9759d30fd521	37
2026-10-05 16:53:04.433	2026-10-05 18:53:04.433	GET	200	/rest/v1/cross_post_jobs	?select=id,inventaire_id,platform,status,error,created_at,published_at,platform_fields,action,listing_url,title,bulk_batch_id,voie&user_id=eq.6b2057a9-ee51-4070-8732-9759d30fd521&or=(status.in.(pending,processing,needs_user),created_at.gte."2026-10-05T16:42:00.184283+00:00")&order=created_at.desc,id.desc&limit=1000	app-android	6b2057a9-ee51-4070-8732-9759d30fd521	41
2026-10-05 16:53:06.264	2026-10-05 18:53:06.264	GET	200	/rest/v1/vinted_sync_runs	?select=id,status,page_suivante,total_pages,total_entries,items_vus,items_crees,items_maj,erreur,started_at,finished_at,vinted_login,vinted_user_id&user_id=eq.6b2057a9-ee51-4070-8732-9759d30fd521&kind=eq.dressing&order=started_at.desc&limit=1	app-android	6b2057a9-ee51-4070-8732-9759d30fd521	47
2026-10-05 16:53:08.147	2026-10-05 18:53:08.147	GET	200	/rest/v1/cross_post_jobs	?select=id,platform,status,action,created_at,error,listing_url,platform_fields,voie&inventaire_id=eq.1791218520498&platform=in.(opla)&created_at=gte.2026-10-05T16:52:02.967Z&order=created_at.desc&limit=50	app-android	6b2057a9-ee51-4070-8732-9759d30fd521	46
2026-10-05 16:53:08.247	2026-10-05 18:53:08.247	GET	200	/rest/v1/vinted_sync_runs	?select=id,status,page_suivante,total_pages,total_entries,items_vus,items_crees,items_maj,erreur,started_at,finished_at,vinted_login,vinted_user_id&user_id=eq.6b2057a9-ee51-4070-8732-9759d30fd521&kind=eq.dressing&order=started_at.desc&limit=1	app-android	6b2057a9-ee51-4070-8732-9759d30fd521	42
2026-10-05 16:53:08.288	2026-10-05 18:53:08.288	GET	200	/rest/v1/profiles	?select=extension_last_seen_at&id=eq.6b2057a9-ee51-4070-8732-9759d30fd521	app-android	6b2057a9-ee51-4070-8732-9759d30fd521	38
2026-10-05 16:53:10.246	2026-10-05 18:53:10.246	GET	200	/rest/v1/vinted_sync_runs	?select=id,status,page_suivante,total_pages,total_entries,items_vus,items_crees,items_maj,erreur,started_at,finished_at,vinted_login,vinted_user_id&user_id=eq.6b2057a9-ee51-4070-8732-9759d30fd521&kind=eq.dressing&order=started_at.desc&limit=1	app-android	6b2057a9-ee51-4070-8732-9759d30fd521	44
2026-10-05 16:53:11.034	2026-10-05 18:53:11.034	GET	200	/rest/v1/cross_post_jobs	?select=id,status,last_checked_at,sale_signal:platform_fields->>sale_signal,unavailable_since:platform_fields->>unavailable_since,pending_removal:platform_fields->>pending_removal,check_unresolved_since:platform_fields->>check_unresolved_since&user_id=eq.6b2057a9-ee51-4070-8732-9759d30fd521&order=created_at.desc&limit=80	app-android	6b2057a9-ee51-4070-8732-9759d30fd521	38
2026-10-05 16:53:11.127	2026-10-05 18:53:11.127	GET	200	/rest/v1/inventaire	?select=*&user_id=eq.6b2057a9-ee51-4070-8732-9759d30fd521&fusionne_dans=is.null&order=created_at.desc,id.desc&limit=3000	app-android	6b2057a9-ee51-4070-8732-9759d30fd521	41
2026-10-05 16:53:11.130	2026-10-05 18:53:11.130	GET	200	/rest/v1/profiles	?select=is_premium,is_pro,is_business,is_comped,is_founder,apple_original_transaction_id,google_purchase_token,subscription_cancel_at_period_end,subscription_period_end,currency,username,platform_settings,extension_last_seen_at,extension_build,onboarded_at,ebay_voie_api&id=eq.6b2057a9-ee51-4070-8732-9759d30fd521	app-android	6b2057a9-ee51-4070-8732-9759d30fd521	42
2026-10-05 16:53:11.136	2026-10-05 18:53:11.136	GET	200	/rest/v1/ventes	?select=*&user_id=eq.6b2057a9-ee51-4070-8732-9759d30fd521&order=created_at.desc,id.desc&limit=3000	app-android	6b2057a9-ee51-4070-8732-9759d30fd521	38
2026-10-05 16:53:11.327	2026-10-05 18:53:11.327	GET	200	/rest/v1/cross_post_jobs	?select=inventaire_id&user_id=eq.6b2057a9-ee51-4070-8732-9759d30fd521&status=eq.needs_user&inventaire_id=not.is.null&limit=1000	app-android	6b2057a9-ee51-4070-8732-9759d30fd521	58
2026-10-05 16:53:11.336	2026-10-05 18:53:11.336	GET	200	/rest/v1/profiles	?select=plateformes_visibles&id=eq.6b2057a9-ee51-4070-8732-9759d30fd521	app-android	6b2057a9-ee51-4070-8732-9759d30fd521	51
2026-10-05 16:53:11.349	2026-10-05 18:53:11.349	GET	200	/rest/v1/coin_config	?select=key,value&key=in.(opla_ouvert,opla_extension_min)	app-android	6b2057a9-ee51-4070-8732-9759d30fd521	56
2026-10-05 16:53:11.354	2026-10-05 18:53:11.354	GET	200	/rest/v1/profiles	?select=extension_version&id=eq.6b2057a9-ee51-4070-8732-9759d30fd521	app-android	6b2057a9-ee51-4070-8732-9759d30fd521	43
2026-10-05 16:53:11.358	2026-10-05 18:53:11.358	GET	200	/rest/v1/inventaire_fusions	?select=id,garde,absorbe,created_at,deplacements,champs_repris&user_id=eq.6b2057a9-ee51-4070-8732-9759d30fd521&defait_le=is.null&order=created_at.desc&limit=500	app-android	6b2057a9-ee51-4070-8732-9759d30fd521	38
2026-10-05 16:53:11.360	2026-10-05 18:53:11.360	GET	200	/rest/v1/fiches_annonce	?select=inventaire_id&user_id=eq.6b2057a9-ee51-4070-8732-9759d30fd521&brouillon=eq.true&limit=200	app-android	6b2057a9-ee51-4070-8732-9759d30fd521	40
2026-10-05 16:53:11.368	2026-10-05 18:53:11.368	GET	200	/rest/v1/cross_post_jobs	?select=id,platform,title,inventaire_id,listing_url,platform_listing_id,platform_fields&user_id=eq.6b2057a9-ee51-4070-8732-9759d30fd521&status=eq.cancelled&action=in.(publish,republish)&platform_fields=cs.{"pending_removal":true}&platform_fields->>pending_removal_reporte_le=is.null	app-android	6b2057a9-ee51-4070-8732-9759d30fd521	43
2026-10-05 16:53:11.509	2026-10-05 18:53:11.509	GET	200	/rest/v1/cross_post_jobs	?select=id,platform,title,price,inventaire_id,listing_url,platform_fields&user_id=eq.6b2057a9-ee51-4070-8732-9759d30fd521&status=eq.published&action=in.(publish,republish)&platform_fields->>unavailable_since=not.is.null	app-android	6b2057a9-ee51-4070-8732-9759d30fd521	42
2026-10-05 16:53:11.635	2026-10-05 18:53:11.635	GET	200	/rest/v1/annonces_plateforme	?select=id,platform,listing_id,url,titre,prix,proposition&user_id=eq.6b2057a9-ee51-4070-8732-9759d30fd521&inventaire_id=is.null&ignoree_le=is.null&disparu_le=is.null&proposition=not.is.null&limit=200	app-android	6b2057a9-ee51-4070-8732-9759d30fd521	35
2026-10-05 16:53:11.638	2026-10-05 18:53:11.638	GET	200	/rest/v1/cross_post_jobs	?select=inventaire_id&user_id=eq.6b2057a9-ee51-4070-8732-9759d30fd521&action=eq.republish&status=in.(pending,processing,needs_user)&inventaire_id=not.is.null	app-android	6b2057a9-ee51-4070-8732-9759d30fd521	40
2026-10-05 16:53:11.770	2026-10-05 18:53:11.770	GET	200	/rest/v1/profiles	?select=voice_count_today,voice_count_date&id=eq.6b2057a9-ee51-4070-8732-9759d30fd521	app-android	6b2057a9-ee51-4070-8732-9759d30fd521	38
2026-10-05 16:53:11.908	2026-10-05 18:53:11.908	POST	200	/rest/v1/rpc/quotas_etat		app-android	6b2057a9-ee51-4070-8732-9759d30fd521	38
2026-10-05 16:53:12.228	2026-10-05 18:53:12.228	GET	200	/rest/v1/vinted_sync_runs	?select=id,status,page_suivante,total_pages,total_entries,items_vus,items_crees,items_maj,erreur,started_at,finished_at,vinted_login,vinted_user_id&user_id=eq.6b2057a9-ee51-4070-8732-9759d30fd521&kind=eq.dressing&order=started_at.desc&limit=1	app-android	6b2057a9-ee51-4070-8732-9759d30fd521	46
2026-10-05 16:53:14.297	2026-10-05 18:53:14.297	GET	200	/rest/v1/vinted_sync_runs	?select=id,status,page_suivante,total_pages,total_entries,items_vus,items_crees,items_maj,erreur,started_at,finished_at,vinted_login,vinted_user_id&user_id=eq.6b2057a9-ee51-4070-8732-9759d30fd521&kind=eq.dressing&order=started_at.desc&limit=1	app-android	6b2057a9-ee51-4070-8732-9759d30fd521	44
2026-10-05 16:53:15.781	2026-10-05 18:53:15.781	GET	200	/rest/v1/vinted_sync_runs	?select=id,platform,status,declencheur,items_vus,items_crees,items_maj,total_entries,erreur,queued_at,started_at,finished_at&user_id=eq.6b2057a9-ee51-4070-8732-9759d30fd521&kind=eq.annonces&order=queued_at.desc.nullslast,started_at.desc.nullslast&limit=60	app-android	6b2057a9-ee51-4070-8732-9759d30fd521	48
2026-10-05 16:53:15.787	2026-10-05 18:53:15.787	GET	200	/rest/v1/annonces_plateforme	?select=id,platform,listing_id,vu_le,inventaire_id,ignoree_le,disparu_le&user_id=eq.6b2057a9-ee51-4070-8732-9759d30fd521&disparu_le=is.null&order=id.asc&limit=500	app-android	6b2057a9-ee51-4070-8732-9759d30fd521	46
2026-10-05 16:53:15.794	2026-10-05 18:53:15.794	OPTIONS	200	/rest/v1/cross_post_jobs	?select=id,platform,listing_url,platform_listing_id,created_at&user_id=eq.6b2057a9-ee51-4070-8732-9759d30fd521&action=eq.delete&platform=in.(leboncoin,beebs,ebay,opla)&status=in.(pending,processing,needs_user,deleted)&created_at=gte.2026-08-06T16:53:15.889Z&order=id.asc&limit=500	app-android		0
2026-10-05 16:53:15.798	2026-10-05 18:53:15.798	OPTIONS	200	/rest/v1/cross_post_jobs	?select=id,platform,listing_url,platform_listing_id,created_at&user_id=eq.6b2057a9-ee51-4070-8732-9759d30fd521&action=eq.delete&platform=in.(leboncoin,beebs,ebay,opla)&status=in.(pending,processing,needs_user,deleted)&created_at=gte.2026-08-06T16:53:15.890Z&order=id.asc&limit=500	app-android		0
2026-10-05 16:53:15.809	2026-10-05 18:53:15.809	GET	200	/rest/v1/annonces_plateforme	?select=id,platform,listing_id,url,titre,prix,photo_url,statut_plateforme,proposition,vu_le&user_id=eq.6b2057a9-ee51-4070-8732-9759d30fd521&inventaire_id=is.null&ignoree_le=is.null&disparu_le=is.null&order=vu_le.desc&limit=300	app-android	6b2057a9-ee51-4070-8732-9759d30fd521	43
2026-10-05 16:53:15.812	2026-10-05 18:53:15.812	POST	200	/rest/v1/rpc/releves_vides_signales		app-android	6b2057a9-ee51-4070-8732-9759d30fd521	39
2026-10-05 16:53:15.813	2026-10-05 18:53:15.813	GET	200	/rest/v1/vinted_sync_runs	?select=id,platform,status,items_vus,erreur,queued_at,started_at,finished_at&user_id=eq.6b2057a9-ee51-4070-8732-9759d30fd521&kind=eq.dressing&status=eq.done&order=finished_at.desc.nullslast&limit=1	app-android	6b2057a9-ee51-4070-8732-9759d30fd521	41
2026-10-05 16:53:15.818	2026-10-05 18:53:15.818	GET	200	/rest/v1/inventaire_doublons	?select=id,garde,absorbe,niveau,motif,preuves,created_at&user_id=eq.6b2057a9-ee51-4070-8732-9759d30fd521&statut=eq.proposee&order=created_at.desc&limit=200	app-android	6b2057a9-ee51-4070-8732-9759d30fd521	38
2026-10-05 16:53:15.823	2026-10-05 18:53:15.823	POST	200	/rest/v1/rpc/annonces_en_rangement		app-android	6b2057a9-ee51-4070-8732-9759d30fd521	39
2026-10-05 16:53:15.830	2026-10-05 18:53:15.830	GET	200	/rest/v1/cross_post_jobs	?select=id,platform,listing_url,platform_listing_id,created_at&user_id=eq.6b2057a9-ee51-4070-8732-9759d30fd521&action=eq.delete&platform=in.(leboncoin,beebs,ebay,opla)&status=in.(pending,processing,needs_user,deleted)&created_at=gte.2026-08-06T16:53:15.889Z&order=id.asc&limit=500	app-android	6b2057a9-ee51-4070-8732-9759d30fd521	43
2026-10-05 16:53:15.840	2026-10-05 18:53:15.840	GET	200	/rest/v1/cross_post_jobs	?select=id,platform,listing_url,platform_listing_id,created_at&user_id=eq.6b2057a9-ee51-4070-8732-9759d30fd521&action=eq.delete&platform=in.(leboncoin,beebs,ebay,opla)&status=in.(pending,processing,needs_user,deleted)&created_at=gte.2026-08-06T16:53:15.890Z&order=id.asc&limit=500	app-android	6b2057a9-ee51-4070-8732-9759d30fd521	39
2026-10-05 16:53:15.884	2026-10-05 18:53:15.884	GET	200	/rest/v1/annonces_plateforme	?select=id,platform,listing_id,vu_le,inventaire_id,ignoree_le,disparu_le&user_id=eq.6b2057a9-ee51-4070-8732-9759d30fd521&disparu_le=is.null&order=id.asc&limit=500&id=gt.f3f1c690-5fa5-4428-b927-5792a6b568d7	app-android	6b2057a9-ee51-4070-8732-9759d30fd521	41
2026-10-05 16:53:16.241	2026-10-05 18:53:16.241	GET	200	/rest/v1/vinted_sync_runs	?select=id,status,page_suivante,total_pages,total_entries,items_vus,items_crees,items_maj,erreur,started_at,finished_at,vinted_login,vinted_user_id&user_id=eq.6b2057a9-ee51-4070-8732-9759d30fd521&kind=eq.dressing&order=started_at.desc&limit=1	app-android	6b2057a9-ee51-4070-8732-9759d30fd521	43
2026-10-05 16:53:17.569	2026-10-05 18:53:17.569	GET	200	/rest/v1/profiles	?select=extension_sessions&id=eq.6b2057a9-ee51-4070-8732-9759d30fd521	app-android	6b2057a9-ee51-4070-8732-9759d30fd521	52
2026-10-05 16:53:17.571	2026-10-05 18:53:17.571	POST	200	/rest/v1/rpc/quotas_etat		app-android	6b2057a9-ee51-4070-8732-9759d30fd521	66
2026-10-05 16:53:17.581	2026-10-05 18:53:17.581	OPTIONS	200	/rest/v1/cross_post_jobs	?select=platform,created_at&user_id=eq.6b2057a9-ee51-4070-8732-9759d30fd521&status=eq.published&created_at=gte.2026-10-02T16:53:17.707Z&order=created_at.desc&limit=50	app-android		0
2026-10-05 16:53:17.614	2026-10-05 18:53:17.614	POST	200	/rest/v1/rpc/plateformes_verite		app-android	6b2057a9-ee51-4070-8732-9759d30fd521	42
2026-10-05 16:53:17.617	2026-10-05 18:53:17.617	GET	200	/rest/v1/coin_wallets	?select=next_grant_at&user_id=eq.6b2057a9-ee51-4070-8732-9759d30fd521	app-android	6b2057a9-ee51-4070-8732-9759d30fd521	37
2026-10-05 16:53:17.620	2026-10-05 18:53:17.620	GET	200	/rest/v1/cross_post_jobs	?select=platform,created_at&user_id=eq.6b2057a9-ee51-4070-8732-9759d30fd521&status=eq.published&created_at=gte.2026-10-02T16:53:17.707Z&order=created_at.desc&limit=50	app-android	6b2057a9-ee51-4070-8732-9759d30fd521	42
2026-10-05 16:53:17.622	2026-10-05 18:53:17.622	POST	200	/rest/v1/rpc/republish_planifiee_etat_multi		app-android	6b2057a9-ee51-4070-8732-9759d30fd521	46
2026-10-05 16:53:17.626	2026-10-05 18:53:17.626	GET	200	/rest/v1/coin_config	?select=value&key=eq.republish_planifiee_actif	app-android	6b2057a9-ee51-4070-8732-9759d30fd521	34
2026-10-05 16:53:18.239	2026-10-05 18:53:18.239	GET	200	/rest/v1/vinted_sync_runs	?select=id,status,page_suivante,total_pages,total_entries,items_vus,items_crees,items_maj,erreur,started_at,finished_at,vinted_login,vinted_user_id&user_id=eq.6b2057a9-ee51-4070-8732-9759d30fd521&kind=eq.dressing&order=started_at.desc&limit=1	app-android	6b2057a9-ee51-4070-8732-9759d30fd521	36
2026-10-05 16:53:20.269	2026-10-05 18:53:20.269	GET	200	/rest/v1/vinted_sync_runs	?select=id,status,page_suivante,total_pages,total_entries,items_vus,items_crees,items_maj,erreur,started_at,finished_at,vinted_login,vinted_user_id&user_id=eq.6b2057a9-ee51-4070-8732-9759d30fd521&kind=eq.dressing&order=started_at.desc&limit=1	app-android	6b2057a9-ee51-4070-8732-9759d30fd521	38
2026-10-05 16:53:22.238	2026-10-05 18:53:22.238	GET	200	/rest/v1/vinted_sync_runs	?select=id,status,page_suivante,total_pages,total_entries,items_vus,items_crees,items_maj,erreur,started_at,finished_at,vinted_login,vinted_user_id&user_id=eq.6b2057a9-ee51-4070-8732-9759d30fd521&kind=eq.dressing&order=started_at.desc&limit=1	app-android	6b2057a9-ee51-4070-8732-9759d30fd521	41
2026-10-05 16:53:24.237	2026-10-05 18:53:24.237	GET	200	/rest/v1/vinted_sync_runs	?select=id,status,page_suivante,total_pages,total_entries,items_vus,items_crees,items_maj,erreur,started_at,finished_at,vinted_login,vinted_user_id&user_id=eq.6b2057a9-ee51-4070-8732-9759d30fd521&kind=eq.dressing&order=started_at.desc&limit=1	app-android	6b2057a9-ee51-4070-8732-9759d30fd521	53
2026-10-05 16:53:24.574	2026-10-05 18:53:24.574	OPTIONS	200	/rest/v1/cross_post_jobs	?select=id,inventaire_id,platform,status,error,created_at,published_at,platform_fields,action,listing_url,title,bulk_batch_id,voie&user_id=eq.6b2057a9-ee51-4070-8732-9759d30fd521&or=(status.in.(pending,processing,needs_user),created_at.gte."2026-10-05T16:53:02.488845+00:00",id.in.(c08572f6-2a16-44cf-85bb-dc816759da95))&order=created_at.desc,id.desc&limit=1000	app-android		0
2026-10-05 16:53:24.612	2026-10-05 18:53:24.612	GET	200	/rest/v1/cross_post_jobs	?select=id,inventaire_id,platform,status,error,created_at,published_at,platform_fields,action,listing_url,title,bulk_batch_id,voie&user_id=eq.6b2057a9-ee51-4070-8732-9759d30fd521&or=(status.in.(pending,processing,needs_user),created_at.gte."2026-10-05T16:53:02.488845+00:00",id.in.(c08572f6-2a16-44cf-85bb-dc816759da95))&order=created_at.desc,id.desc&limit=1000	app-android	6b2057a9-ee51-4070-8732-9759d30fd521	36
2026-10-05 16:53:26.219	2026-10-05 18:53:26.219	GET	200	/rest/v1/vinted_sync_runs	?select=id,status,page_suivante,total_pages,total_entries,items_vus,items_crees,items_maj,erreur,started_at,finished_at,vinted_login,vinted_user_id&user_id=eq.6b2057a9-ee51-4070-8732-9759d30fd521&kind=eq.dressing&order=started_at.desc&limit=1	app-android	6b2057a9-ee51-4070-8732-9759d30fd521	36
2026-10-05 16:53:28.289	2026-10-05 18:53:28.289	GET	200	/rest/v1/vinted_sync_runs	?select=id,status,page_suivante,total_pages,total_entries,items_vus,items_crees,items_maj,erreur,started_at,finished_at,vinted_login,vinted_user_id&user_id=eq.6b2057a9-ee51-4070-8732-9759d30fd521&kind=eq.dressing&order=started_at.desc&limit=1	app-android	6b2057a9-ee51-4070-8732-9759d30fd521	42
2026-10-05 16:53:30.250	2026-10-05 18:53:30.250	GET	200	/rest/v1/vinted_sync_runs	?select=id,status,page_suivante,total_pages,total_entries,items_vus,items_crees,items_maj,erreur,started_at,finished_at,vinted_login,vinted_user_id&user_id=eq.6b2057a9-ee51-4070-8732-9759d30fd521&kind=eq.dressing&order=started_at.desc&limit=1	app-android	6b2057a9-ee51-4070-8732-9759d30fd521	46
2026-10-05 16:53:30.980	2026-10-05 18:53:30.980	GET	200	/rest/v1/vinted_sync_runs	?select=id,platform,status,declencheur,items_vus,items_crees,items_maj,total_entries,erreur,queued_at,started_at,finished_at&user_id=eq.6b2057a9-ee51-4070-8732-9759d30fd521&kind=eq.annonces&order=queued_at.desc.nullslast,started_at.desc.nullslast&limit=60	app-android	6b2057a9-ee51-4070-8732-9759d30fd521	39
2026-10-05 16:53:30.984	2026-10-05 18:53:30.984	OPTIONS	200	/rest/v1/cross_post_jobs	?select=id,platform,listing_url,platform_listing_id,created_at&user_id=eq.6b2057a9-ee51-4070-8732-9759d30fd521&action=eq.delete&platform=in.(leboncoin,beebs,ebay,opla)&status=in.(pending,processing,needs_user,deleted)&created_at=gte.2026-08-06T16:53:31.143Z&order=id.asc&limit=500	app-android		0
2026-10-05 16:53:30.989	2026-10-05 18:53:30.989	GET	200	/rest/v1/annonces_plateforme	?select=id,platform,listing_id,vu_le,inventaire_id,ignoree_le,disparu_le&user_id=eq.6b2057a9-ee51-4070-8732-9759d30fd521&disparu_le=is.null&order=id.asc&limit=500	app-android	6b2057a9-ee51-4070-8732-9759d30fd521	36
2026-10-05 16:53:30.992	2026-10-05 18:53:30.992	OPTIONS	200	/rest/v1/cross_post_jobs	?select=id,platform,listing_url,platform_listing_id,created_at&user_id=eq.6b2057a9-ee51-4070-8732-9759d30fd521&action=eq.delete&platform=in.(leboncoin,beebs,ebay,opla)&status=in.(pending,processing,needs_user,deleted)&created_at=gte.2026-08-06T16:53:31.143Z&order=id.asc&limit=500	app-android		0
2026-10-05 16:53:31.029	2026-10-05 18:53:31.029	GET	200	/rest/v1/cross_post_jobs	?select=id,platform,listing_url,platform_listing_id,created_at&user_id=eq.6b2057a9-ee51-4070-8732-9759d30fd521&action=eq.delete&platform=in.(leboncoin,beebs,ebay,opla)&status=in.(pending,processing,needs_user,deleted)&created_at=gte.2026-08-06T16:53:31.143Z&order=id.asc&limit=500	app-android	6b2057a9-ee51-4070-8732-9759d30fd521	47
2026-10-05 16:53:31.059	2026-10-05 18:53:31.059	POST	200	/rest/v1/rpc/releves_vides_signales		app-android	6b2057a9-ee51-4070-8732-9759d30fd521	42
2026-10-05 16:53:31.064	2026-10-05 18:53:31.064	GET	200	/rest/v1/annonces_plateforme	?select=id,platform,listing_id,url,titre,prix,photo_url,statut_plateforme,proposition,vu_le&user_id=eq.6b2057a9-ee51-4070-8732-9759d30fd521&inventaire_id=is.null&ignoree_le=is.null&disparu_le=is.null&order=vu_le.desc&limit=300	app-android	6b2057a9-ee51-4070-8732-9759d30fd521	39
2026-10-05 16:53:31.066	2026-10-05 18:53:31.066	GET	200	/rest/v1/vinted_sync_runs	?select=id,platform,status,items_vus,erreur,queued_at,started_at,finished_at&user_id=eq.6b2057a9-ee51-4070-8732-9759d30fd521&kind=eq.dressing&status=eq.done&order=finished_at.desc.nullslast&limit=1	app-android	6b2057a9-ee51-4070-8732-9759d30fd521	42
2026-10-05 16:53:31.072	2026-10-05 18:53:31.072	GET	200	/rest/v1/inventaire_doublons	?select=id,garde,absorbe,niveau,motif,preuves,created_at&user_id=eq.6b2057a9-ee51-4070-8732-9759d30fd521&statut=eq.proposee&order=created_at.desc&limit=200	app-android	6b2057a9-ee51-4070-8732-9759d30fd521	46
2026-10-05 16:53:31.076	2026-10-05 18:53:31.076	POST	200	/rest/v1/rpc/annonces_en_rangement		app-android	6b2057a9-ee51-4070-8732-9759d30fd521	41
2026-10-05 16:53:31.080	2026-10-05 18:53:31.080	GET	200	/rest/v1/annonces_plateforme	?select=id,platform,listing_id,vu_le,inventaire_id,ignoree_le,disparu_le&user_id=eq.6b2057a9-ee51-4070-8732-9759d30fd521&disparu_le=is.null&order=id.asc&limit=500&id=gt.f3f1c690-5fa5-4428-b927-5792a6b568d7	app-android	6b2057a9-ee51-4070-8732-9759d30fd521	40
2026-10-05 16:53:31.108	2026-10-05 18:53:31.108	GET	200	/rest/v1/cross_post_jobs	?select=id,platform,listing_url,platform_listing_id,created_at&user_id=eq.6b2057a9-ee51-4070-8732-9759d30fd521&action=eq.delete&platform=in.(leboncoin,beebs,ebay,opla)&status=in.(pending,processing,needs_user,deleted)&created_at=gte.2026-08-06T16:53:31.143Z&order=id.asc&limit=500	app-android	6b2057a9-ee51-4070-8732-9759d30fd521	44
2026-10-05 16:53:32.267	2026-10-05 18:53:32.267	GET	200	/rest/v1/vinted_sync_runs	?select=id,status,page_suivante,total_pages,total_entries,items_vus,items_crees,items_maj,erreur,started_at,finished_at,vinted_login,vinted_user_id&user_id=eq.6b2057a9-ee51-4070-8732-9759d30fd521&kind=eq.dressing&order=started_at.desc&limit=1	app-android	6b2057a9-ee51-4070-8732-9759d30fd521	41
2026-10-05 16:53:33.854	2026-10-05 18:53:33.854	GET	200	/rest/v1/annonces_plateforme	?user_id=eq.6b2057a9-ee51-4070-8732-9759d30fd521&platform=eq.beebs&listing_id=eq.34056351&select=capture	extension-pc	6b2057a9-ee51-4070-8732-9759d30fd521	49
2026-10-05 16:53:34.276	2026-10-05 18:53:34.276	GET	200	/rest/v1/vinted_sync_runs	?select=id,status,page_suivante,total_pages,total_entries,items_vus,items_crees,items_maj,erreur,started_at,finished_at,vinted_login,vinted_user_id&user_id=eq.6b2057a9-ee51-4070-8732-9759d30fd521&kind=eq.dressing&order=started_at.desc&limit=1	app-android	6b2057a9-ee51-4070-8732-9759d30fd521	43
2026-10-05 16:53:36.142	2026-10-05 18:53:36.142	POST	200	/rest/v1/rpc/platform_settings_fusionner		app-android	6b2057a9-ee51-4070-8732-9759d30fd521	48
2026-10-05 16:53:36.224	2026-10-05 18:53:36.224	GET	200	/rest/v1/vinted_sync_runs	?select=id,status,page_suivante,total_pages,total_entries,items_vus,items_crees,items_maj,erreur,started_at,finished_at,vinted_login,vinted_user_id&user_id=eq.6b2057a9-ee51-4070-8732-9759d30fd521&kind=eq.dressing&order=started_at.desc&limit=1	app-android	6b2057a9-ee51-4070-8732-9759d30fd521	43
2026-10-05 16:53:38.301	2026-10-05 18:53:38.301	GET	200	/rest/v1/vinted_sync_runs	?select=id,status,page_suivante,total_pages,total_entries,items_vus,items_crees,items_maj,erreur,started_at,finished_at,vinted_login,vinted_user_id&user_id=eq.6b2057a9-ee51-4070-8732-9759d30fd521&kind=eq.dressing&order=started_at.desc&limit=1	app-android	6b2057a9-ee51-4070-8732-9759d30fd521	39
2026-10-05 16:53:40.324	2026-10-05 18:53:40.324	GET	200	/rest/v1/vinted_sync_runs	?select=id,status,page_suivante,total_pages,total_entries,items_vus,items_crees,items_maj,erreur,started_at,finished_at,vinted_login,vinted_user_id&user_id=eq.6b2057a9-ee51-4070-8732-9759d30fd521&kind=eq.dressing&order=started_at.desc&limit=1	app-android	6b2057a9-ee51-4070-8732-9759d30fd521	37
2026-10-05 16:53:41.730	2026-10-05 18:53:41.730	POST	200	/rest/v1/rpc/platform_settings_fusionner		app-android	6b2057a9-ee51-4070-8732-9759d30fd521	48
2026-10-05 16:53:42.354	2026-10-05 18:53:42.354	PATCH	200	/rest/v1/annonces_plateforme	?user_id=eq.6b2057a9-ee51-4070-8732-9759d30fd521&platform=eq.beebs&listing_id=eq.34056351&select=inventaire_id	extension-pc	6b2057a9-ee51-4070-8732-9759d30fd521	42
2026-10-05 16:53:42.393	2026-10-05 18:53:42.393	GET	200	/rest/v1/vinted_sync_runs	?select=id,status,page_suivante,total_pages,total_entries,items_vus,items_crees,items_maj,erreur,started_at,finished_at,vinted_login,vinted_user_id&user_id=eq.6b2057a9-ee51-4070-8732-9759d30fd521&kind=eq.dressing&order=started_at.desc&limit=1	app-android	6b2057a9-ee51-4070-8732-9759d30fd521	40
2026-10-05 16:53:43.635	2026-10-05 18:53:43.635	GET	200	/rest/v1/platform_health	?select=platform,message_fr,message_en&paused=eq.true	app-android	6b2057a9-ee51-4070-8732-9759d30fd521	37
2026-10-05 16:53:43.959	2026-10-05 18:53:43.959	GET	200	/rest/v1/annonces_plateforme	?select=id,platform,inventaire_id,vues,favoris,vu_le&user_id=eq.6b2057a9-ee51-4070-8732-9759d30fd521&inventaire_id=not.is.null&disparu_le=is.null&order=id.asc&limit=500	app-android	6b2057a9-ee51-4070-8732-9759d30fd521	36
2026-10-05 16:53:44.060	2026-10-05 18:53:44.060	GET	200	/rest/v1/annonces_plateforme	?select=id,platform,inventaire_id,vues,favoris,vu_le&user_id=eq.6b2057a9-ee51-4070-8732-9759d30fd521&inventaire_id=not.is.null&disparu_le=is.null&order=id.asc&limit=500&id=gt.f3f1c690-5fa5-4428-b927-5792a6b568d7	app-android	6b2057a9-ee51-4070-8732-9759d30fd521	36
2026-10-05 16:53:44.267	2026-10-05 18:53:44.267	GET	200	/rest/v1/vinted_sync_runs	?select=id,status,page_suivante,total_pages,total_entries,items_vus,items_crees,items_maj,erreur,started_at,finished_at,vinted_login,vinted_user_id&user_id=eq.6b2057a9-ee51-4070-8732-9759d30fd521&kind=eq.dressing&order=started_at.desc&limit=1	app-android	6b2057a9-ee51-4070-8732-9759d30fd521	43
2026-10-05 16:53:44.517	2026-10-05 18:53:44.517	GET	200	/auth/v1/user		serveur-fonction-edge	6b2057a9-ee51-4070-8732-9759d30fd521	51
2026-10-05 16:53:44.596	2026-10-05 18:53:44.596	GET	200	/rest/v1/coin_config	?select=value&key=eq.opla_sortie_le	serveur-fonction-edge	6b2057a9-ee51-4070-8732-9759d30fd521	41
2026-10-05 16:53:44.658	2026-10-05 18:53:44.658	GET	200	/rest/v1/cross_post_jobs	?select=id,inventaire_id&status=eq.needs_user&action=neq.delete	serveur-fonction-edge	6b2057a9-ee51-4070-8732-9759d30fd521	47
2026-10-05 16:53:44.732	2026-10-05 18:53:44.732	POST	200	/rest/v1/rpc/republish_planifiee_fenetres_courantes		serveur-fonction-edge	6b2057a9-ee51-4070-8732-9759d30fd521	37
2026-10-05 16:53:44.754	2026-10-05 18:53:44.754	GET	200	/rest/v1/cross_post_jobs	?select=id,inventaire_id,platform,status,error,created_at,published_at,platform_fields,action,listing_url,title,bulk_batch_id,voie&user_id=eq.6b2057a9-ee51-4070-8732-9759d30fd521&or=(status.in.(pending,processing,needs_user),created_at.gte."2026-10-05T16:53:02.488845+00:00",id.in.(c08572f6-2a16-44cf-85bb-dc816759da95))&order=created_at.desc,id.desc&limit=1000	app-android	6b2057a9-ee51-4070-8732-9759d30fd521	41
2026-10-05 16:53:44.787	2026-10-05 18:53:44.787	GET	200	/rest/v1/coin_config	?select=key,value&key=in.(republish_plafond_jour,republish_plafond_jour_premium,republish_plafond_jour_pro,republish_plafond_jour_business,republish_pause_apres,republish_pause_duree_min)	serveur-fonction-edge	6b2057a9-ee51-4070-8732-9759d30fd521	36
2026-10-05 16:53:44.838	2026-10-05 18:53:44.838	GET	200	/rest/v1/profiles	?select=is_business,is_pro,is_premium,is_comped&id=eq.6b2057a9-ee51-4070-8732-9759d30fd521	serveur-fonction-edge	6b2057a9-ee51-4070-8732-9759d30fd521	37
2026-10-05 16:53:44.891	2026-10-05 18:53:44.891	GET	200	/rest/v1/cross_post_jobs	?select=published_at&action=eq.republish&status=eq.published&published_at=gte.2026-10-01T16:53:44.881Z&order=published_at.desc&limit=1000	serveur-fonction-edge	6b2057a9-ee51-4070-8732-9759d30fd521	74
2026-10-05 16:53:46.214	2026-10-05 18:53:46.214	OPTIONS	200	/rest/v1/cross_post_jobs	?select=id,platform,listing_url,platform_listing_id,created_at&user_id=eq.6b2057a9-ee51-4070-8732-9759d30fd521&action=eq.delete&platform=in.(leboncoin,beebs,ebay,opla)&status=in.(pending,processing,needs_user,deleted)&created_at=gte.2026-08-06T16:53:46.373Z&order=id.asc&limit=500	app-android		0
2026-10-05 16:53:46.220	2026-10-05 18:53:46.220	GET	200	/rest/v1/inventaire_doublons	?select=id,garde,absorbe,niveau,motif,preuves,created_at&user_id=eq.6b2057a9-ee51-4070-8732-9759d30fd521&statut=eq.proposee&order=created_at.desc&limit=200	app-android	6b2057a9-ee51-4070-8732-9759d30fd521	62
2026-10-05 16:53:46.221	2026-10-05 18:53:46.221	GET	200	/rest/v1/vinted_sync_runs	?select=id,platform,status,declencheur,items_vus,items_crees,items_maj,total_entries,erreur,queued_at,started_at,finished_at&user_id=eq.6b2057a9-ee51-4070-8732-9759d30fd521&kind=eq.annonces&order=queued_at.desc.nullslast,started_at.desc.nullslast&limit=60	app-android	6b2057a9-ee51-4070-8732-9759d30fd521	42
2026-10-05 16:53:46.223	2026-10-05 18:53:46.223	GET	200	/rest/v1/annonces_plateforme	?select=id,platform,listing_id,vu_le,inventaire_id,ignoree_le,disparu_le&user_id=eq.6b2057a9-ee51-4070-8732-9759d30fd521&disparu_le=is.null&order=id.asc&limit=500	app-android	6b2057a9-ee51-4070-8732-9759d30fd521	41
2026-10-05 16:53:46.223	2026-10-05 18:53:46.223	POST	200	/rest/v1/rpc/annonces_en_rangement		app-android	6b2057a9-ee51-4070-8732-9759d30fd521	54
2026-10-05 16:53:46.227	2026-10-05 18:53:46.227	OPTIONS	200	/rest/v1/cross_post_jobs	?select=id,platform,listing_url,platform_listing_id,created_at&user_id=eq.6b2057a9-ee51-4070-8732-9759d30fd521&action=eq.delete&platform=in.(leboncoin,beebs,ebay,opla)&status=in.(pending,processing,needs_user,deleted)&created_at=gte.2026-08-06T16:53:46.374Z&order=id.asc&limit=500	app-android		0
2026-10-05 16:53:46.230	2026-10-05 18:53:46.230	GET	200	/rest/v1/annonces_plateforme	?select=id,platform,listing_id,url,titre,prix,photo_url,statut_plateforme,proposition,vu_le&user_id=eq.6b2057a9-ee51-4070-8732-9759d30fd521&inventaire_id=is.null&ignoree_le=is.null&disparu_le=is.null&order=vu_le.desc&limit=300	app-android	6b2057a9-ee51-4070-8732-9759d30fd521	41
2026-10-05 16:53:46.233	2026-10-05 18:53:46.233	GET	200	/rest/v1/vinted_sync_runs	?select=id,platform,status,items_vus,erreur,queued_at,started_at,finished_at&user_id=eq.6b2057a9-ee51-4070-8732-9759d30fd521&kind=eq.dressing&status=eq.done&order=finished_at.desc.nullslast&limit=1	app-android	6b2057a9-ee51-4070-8732-9759d30fd521	42
2026-10-05 16:53:46.236	2026-10-05 18:53:46.236	GET	200	/rest/v1/vinted_sync_runs	?select=id,status,page_suivante,total_pages,total_entries,items_vus,items_crees,items_maj,erreur,started_at,finished_at,vinted_login,vinted_user_id&user_id=eq.6b2057a9-ee51-4070-8732-9759d30fd521&kind=eq.dressing&order=started_at.desc&limit=1	app-android	6b2057a9-ee51-4070-8732-9759d30fd521	39
2026-10-05 16:53:46.242	2026-10-05 18:53:46.242	POST	200	/rest/v1/rpc/releves_vides_signales		app-android	6b2057a9-ee51-4070-8732-9759d30fd521	37
2026-10-05 16:53:46.245	2026-10-05 18:53:46.245	GET	200	/rest/v1/cross_post_jobs	?select=id,platform,listing_url,platform_listing_id,created_at&user_id=eq.6b2057a9-ee51-4070-8732-9759d30fd521&action=eq.delete&platform=in.(leboncoin,beebs,ebay,opla)&status=in.(pending,processing,needs_user,deleted)&created_at=gte.2026-08-06T16:53:46.373Z&order=id.asc&limit=500	app-android	6b2057a9-ee51-4070-8732-9759d30fd521	41
2026-10-05 16:53:46.261	2026-10-05 18:53:46.261	GET	200	/rest/v1/cross_post_jobs	?select=id,platform,listing_url,platform_listing_id,created_at&user_id=eq.6b2057a9-ee51-4070-8732-9759d30fd521&action=eq.delete&platform=in.(leboncoin,beebs,ebay,opla)&status=in.(pending,processing,needs_user,deleted)&created_at=gte.2026-08-06T16:53:46.374Z&order=id.asc&limit=500	app-android	6b2057a9-ee51-4070-8732-9759d30fd521	41
2026-10-05 16:53:46.302	2026-10-05 18:53:46.302	GET	200	/rest/v1/annonces_plateforme	?select=id,platform,listing_id,vu_le,inventaire_id,ignoree_le,disparu_le&user_id=eq.6b2057a9-ee51-4070-8732-9759d30fd521&disparu_le=is.null&order=id.asc&limit=500&id=gt.f3f1c690-5fa5-4428-b927-5792a6b568d7	app-android	6b2057a9-ee51-4070-8732-9759d30fd521	44
2026-10-05 16:53:48.235	2026-10-05 18:53:48.235	GET	200	/rest/v1/vinted_sync_runs	?select=id,status,page_suivante,total_pages,total_entries,items_vus,items_crees,items_maj,erreur,started_at,finished_at,vinted_login,vinted_user_id&user_id=eq.6b2057a9-ee51-4070-8732-9759d30fd521&kind=eq.dressing&order=started_at.desc&limit=1	app-android	6b2057a9-ee51-4070-8732-9759d30fd521	45
2026-10-05 16:53:50.256	2026-10-05 18:53:50.256	GET	200	/rest/v1/vinted_sync_runs	?select=id,status,page_suivante,total_pages,total_entries,items_vus,items_crees,items_maj,erreur,started_at,finished_at,vinted_login,vinted_user_id&user_id=eq.6b2057a9-ee51-4070-8732-9759d30fd521&kind=eq.dressing&order=started_at.desc&limit=1	app-android	6b2057a9-ee51-4070-8732-9759d30fd521	38
2026-10-05 16:53:52.309	2026-10-05 18:53:52.309	GET	200	/rest/v1/vinted_sync_runs	?select=id,status,page_suivante,total_pages,total_entries,items_vus,items_crees,items_maj,erreur,started_at,finished_at,vinted_login,vinted_user_id&user_id=eq.6b2057a9-ee51-4070-8732-9759d30fd521&kind=eq.dressing&order=started_at.desc&limit=1	app-android	6b2057a9-ee51-4070-8732-9759d30fd521	44
2026-10-05 16:53:54.322	2026-10-05 18:53:54.322	GET	200	/rest/v1/vinted_sync_runs	?select=id,status,page_suivante,total_pages,total_entries,items_vus,items_crees,items_maj,erreur,started_at,finished_at,vinted_login,vinted_user_id&user_id=eq.6b2057a9-ee51-4070-8732-9759d30fd521&kind=eq.dressing&order=started_at.desc&limit=1	app-android	6b2057a9-ee51-4070-8732-9759d30fd521	48
2026-10-05 16:53:56.065	2026-10-05 18:53:56.065	GET	200	/rest/v1/cross_post_jobs	?select=id,status,last_checked_at,sale_signal:platform_fields->>sale_signal,unavailable_since:platform_fields->>unavailable_since,pending_removal:platform_fields->>pending_removal,check_unresolved_since:platform_fields->>check_unresolved_since&user_id=eq.6b2057a9-ee51-4070-8732-9759d30fd521&order=created_at.desc&limit=80	app-android	6b2057a9-ee51-4070-8732-9759d30fd521	38
2026-10-05 16:53:56.278	2026-10-05 18:53:56.278	GET	200	/rest/v1/vinted_sync_runs	?select=id,status,page_suivante,total_pages,total_entries,items_vus,items_crees,items_maj,erreur,started_at,finished_at,vinted_login,vinted_user_id&user_id=eq.6b2057a9-ee51-4070-8732-9759d30fd521&kind=eq.dressing&order=started_at.desc&limit=1	app-android	6b2057a9-ee51-4070-8732-9759d30fd521	46
2026-10-05 16:53:58.323	2026-10-05 18:53:58.323	GET	200	/rest/v1/vinted_sync_runs	?select=id,status,page_suivante,total_pages,total_entries,items_vus,items_crees,items_maj,erreur,started_at,finished_at,vinted_login,vinted_user_id&user_id=eq.6b2057a9-ee51-4070-8732-9759d30fd521&kind=eq.dressing&order=started_at.desc&limit=1	app-android	6b2057a9-ee51-4070-8732-9759d30fd521	40
2026-10-05 16:54:00.353	2026-10-05 18:54:00.353	GET	200	/rest/v1/vinted_sync_runs	?select=id,status,page_suivante,total_pages,total_entries,items_vus,items_crees,items_maj,erreur,started_at,finished_at,vinted_login,vinted_user_id&user_id=eq.6b2057a9-ee51-4070-8732-9759d30fd521&kind=eq.dressing&order=started_at.desc&limit=1	app-android	6b2057a9-ee51-4070-8732-9759d30fd521	43
2026-10-05 16:54:01.408	2026-10-05 18:54:01.408	GET	200	/rest/v1/vinted_sync_runs	?select=id,platform,status,declencheur,items_vus,items_crees,items_maj,total_entries,erreur,queued_at,started_at,finished_at&user_id=eq.6b2057a9-ee51-4070-8732-9759d30fd521&kind=eq.annonces&order=queued_at.desc.nullslast,started_at.desc.nullslast&limit=60	app-android	6b2057a9-ee51-4070-8732-9759d30fd521	79
2026-10-05 16:54:01.411	2026-10-05 18:54:01.411	GET	200	/rest/v1/annonces_plateforme	?select=id,platform,listing_id,vu_le,inventaire_id,ignoree_le,disparu_le&user_id=eq.6b2057a9-ee51-4070-8732-9759d30fd521&disparu_le=is.null&order=id.asc&limit=500	app-android	6b2057a9-ee51-4070-8732-9759d30fd521	87
2026-10-05 16:54:01.418	2026-10-05 18:54:01.418	OPTIONS	200	/rest/v1/cross_post_jobs	?select=id,platform,listing_url,platform_listing_id,created_at&user_id=eq.6b2057a9-ee51-4070-8732-9759d30fd521&action=eq.delete&platform=in.(leboncoin,beebs,ebay,opla)&status=in.(pending,processing,needs_user,deleted)&created_at=gte.2026-08-06T16:54:01.566Z&order=id.asc&limit=500	app-android		17
2026-10-05 16:54:01.431	2026-10-05 18:54:01.431	OPTIONS	200	/rest/v1/cross_post_jobs	?select=id,platform,listing_url,platform_listing_id,created_at&user_id=eq.6b2057a9-ee51-4070-8732-9759d30fd521&action=eq.delete&platform=in.(leboncoin,beebs,ebay,opla)&status=in.(pending,processing,needs_user,deleted)&created_at=gte.2026-08-06T16:54:01.566Z&order=id.asc&limit=500	app-android		20
2026-10-05 16:54:01.445	2026-10-05 18:54:01.445	GET	200	/rest/v1/annonces_plateforme	?select=id,platform,listing_id,url,titre,prix,photo_url,statut_plateforme,proposition,vu_le&user_id=eq.6b2057a9-ee51-4070-8732-9759d30fd521&inventaire_id=is.null&ignoree_le=is.null&disparu_le=is.null&order=vu_le.desc&limit=300	app-android	6b2057a9-ee51-4070-8732-9759d30fd521	56
2026-10-05 16:54:01.447	2026-10-05 18:54:01.447	POST	200	/rest/v1/rpc/releves_vides_signales		app-android	6b2057a9-ee51-4070-8732-9759d30fd521	61
2026-10-05 16:54:01.448	2026-10-05 18:54:01.448	POST	200	/rest/v1/rpc/annonces_en_rangement		app-android	6b2057a9-ee51-4070-8732-9759d30fd521	58
2026-10-05 16:54:01.449	2026-10-05 18:54:01.449	GET	200	/rest/v1/vinted_sync_runs	?select=id,platform,status,items_vus,erreur,queued_at,started_at,finished_at&user_id=eq.6b2057a9-ee51-4070-8732-9759d30fd521&kind=eq.dressing&status=eq.done&order=finished_at.desc.nullslast&limit=1	app-android	6b2057a9-ee51-4070-8732-9759d30fd521	62
2026-10-05 16:54:01.452	2026-10-05 18:54:01.452	GET	200	/rest/v1/inventaire_doublons	?select=id,garde,absorbe,niveau,motif,preuves,created_at&user_id=eq.6b2057a9-ee51-4070-8732-9759d30fd521&statut=eq.proposee&order=created_at.desc&limit=200	app-android	6b2057a9-ee51-4070-8732-9759d30fd521	40
2026-10-05 16:54:01.486	2026-10-05 18:54:01.486	GET	200	/rest/v1/cross_post_jobs	?select=id,platform,listing_url,platform_listing_id,created_at&user_id=eq.6b2057a9-ee51-4070-8732-9759d30fd521&action=eq.delete&platform=in.(leboncoin,beebs,ebay,opla)&status=in.(pending,processing,needs_user,deleted)&created_at=gte.2026-08-06T16:54:01.566Z&order=id.asc&limit=500	app-android	6b2057a9-ee51-4070-8732-9759d30fd521	122
2026-10-05 16:54:01.560	2026-10-05 18:54:01.560	GET	200	/rest/v1/annonces_plateforme	?select=id,platform,listing_id,vu_le,inventaire_id,ignoree_le,disparu_le&user_id=eq.6b2057a9-ee51-4070-8732-9759d30fd521&disparu_le=is.null&order=id.asc&limit=500&id=gt.f3f1c690-5fa5-4428-b927-5792a6b568d7	app-android	6b2057a9-ee51-4070-8732-9759d30fd521	42
2026-10-05 16:54:01.690	2026-10-05 18:54:01.690	GET	200	/rest/v1/cross_post_jobs	?select=id,platform,listing_url,platform_listing_id,created_at&user_id=eq.6b2057a9-ee51-4070-8732-9759d30fd521&action=eq.delete&platform=in.(leboncoin,beebs,ebay,opla)&status=in.(pending,processing,needs_user,deleted)&created_at=gte.2026-08-06T16:54:01.566Z&order=id.asc&limit=500	app-android	6b2057a9-ee51-4070-8732-9759d30fd521	40
2026-10-05 16:54:02.287	2026-10-05 18:54:02.287	GET	200	/rest/v1/vinted_sync_runs	?select=id,status,page_suivante,total_pages,total_entries,items_vus,items_crees,items_maj,erreur,started_at,finished_at,vinted_login,vinted_user_id&user_id=eq.6b2057a9-ee51-4070-8732-9759d30fd521&kind=eq.dressing&order=started_at.desc&limit=1	app-android	6b2057a9-ee51-4070-8732-9759d30fd521	40
2026-10-05 16:54:03.615	2026-10-05 18:54:03.615	GET	200	/rest/v1/cross_post_jobs	?select=id,user_id,error,platform_fields&platform=eq.ebay&action=eq.publish&voie=eq.extension&status=eq.pending&user_id=in.(8b78a7ce-3816-49ee-8bb3-511d4f860491,f6a86c0d-d617-4a4a-8a8d-c30a07ac3233,c7dc5abb-18f5-4d5e-8b35-52c1cccc4816,53efea05-dc2d-4467-a8cd-c6fa52a47a61,1661c65c-83ab-43c6-8595-c68f207d1477,52ac8bfb-ed9b-4a55-a632-d71308a0f8da,f8b8bbad-01e4-4800-89b7-f4cf77f1c8df,3d9caa6d-bf05-4ba…	serveur-fonction-edge		13
2026-10-05 16:54:04.927	2026-10-05 18:54:04.927	GET	200	/rest/v1/cross_post_jobs	?select=id,inventaire_id,platform,status,error,created_at,published_at,platform_fields,action,listing_url,title,bulk_batch_id,voie&user_id=eq.6b2057a9-ee51-4070-8732-9759d30fd521&or=(status.in.(pending,processing,needs_user),created_at.gte."2026-10-05T16:53:02.488845+00:00",id.in.(c08572f6-2a16-44cf-85bb-dc816759da95))&order=created_at.desc,id.desc&limit=1000	app-android	6b2057a9-ee51-4070-8732-9759d30fd521	43
2026-10-05 16:54:08.488	2026-10-05 18:54:08.488	GET	200	/rest/v1/vinted_sync_runs	?select=finished_at&user_id=eq.6b2057a9-ee51-4070-8732-9759d30fd521&platform=eq.opla&erreur=ilike.%accès+Opla+non+accordé%&finished_at=not.is.null&order=finished_at.desc&limit=1	app-android	6b2057a9-ee51-4070-8732-9759d30fd521	72
2026-10-05 16:54:08.491	2026-10-05 18:54:08.491	GET	200	/rest/v1/vinted_sync_runs	?select=finished_at&user_id=eq.6b2057a9-ee51-4070-8732-9759d30fd521&platform=eq.opla&status=eq.done&kind=neq.connexion&finished_at=not.is.null&order=finished_at.desc&limit=1	app-android	6b2057a9-ee51-4070-8732-9759d30fd521	74
2026-10-05 16:54:08.493	2026-10-05 18:54:08.493	GET	200	/rest/v1/vinted_sync_runs	?select=finished_at&user_id=eq.6b2057a9-ee51-4070-8732-9759d30fd521&platform=eq.opla&erreur=ilike.%session+Opla+refus%HTTP+401%&finished_at=not.is.null&order=finished_at.desc&limit=1	app-android	6b2057a9-ee51-4070-8732-9759d30fd521	76
2026-10-05 16:54:08.493	2026-10-05 18:54:08.493	GET	200	/rest/v1/cross_post_jobs	?select=platform_fields&user_id=eq.6b2057a9-ee51-4070-8732-9759d30fd521&platform=eq.opla&platform_fields->>opla_acces_accorde_le=not.is.null&platform_fields->>opla_acces_accorde_par=is.null&order=created_at.desc&limit=20	app-android	6b2057a9-ee51-4070-8732-9759d30fd521	72
2026-10-05 16:54:08.495	2026-10-05 18:54:08.495	GET	200	/rest/v1/profiles	?select=extension_postes,extension_sessions&id=eq.6b2057a9-ee51-4070-8732-9759d30fd521	app-android	6b2057a9-ee51-4070-8732-9759d30fd521	76
2026-10-05 16:54:08.499	2026-10-05 18:54:08.499	GET	200	/rest/v1/cross_post_jobs	?select=created_at,platform_fields&user_id=eq.6b2057a9-ee51-4070-8732-9759d30fd521&platform=eq.opla&status=eq.needs_user&platform_fields->>needs_user_source=eq.opla_acces&limit=50	app-android	6b2057a9-ee51-4070-8732-9759d30fd521	74
2026-10-05 16:54:08.501	2026-10-05 18:54:08.501	GET	200	/rest/v1/cross_post_jobs	?select=published_at&user_id=eq.6b2057a9-ee51-4070-8732-9759d30fd521&platform=eq.opla&status=eq.published&published_at=not.is.null&or=(handler_build.is.null,handler_build.neq.releve-annonces)&order=published_at.desc&limit=1	app-android	6b2057a9-ee51-4070-8732-9759d30fd521	76
2026-10-05 16:54:10.992	2026-10-05 18:54:10.992	GET	200	/rest/v1/cross_post_jobs	?select=id,status,last_checked_at,sale_signal:platform_fields->>sale_signal,unavailable_since:platform_fields->>unavailable_since,pending_removal:platform_fields->>pending_removal,check_unresolved_since:platform_fields->>check_unresolved_since&user_id=eq.6b2057a9-ee51-4070-8732-9759d30fd521&order=created_at.desc&limit=80	web-pc-chrome154	6b2057a9-ee51-4070-8732-9759d30fd521	53
2026-10-05 16:54:15.642	2026-10-05 18:54:15.642	GET	200	/rest/v1/ventes	?select=*&user_id=eq.6b2057a9-ee51-4070-8732-9759d30fd521&order=created_at.desc,id.desc&limit=3000	web-pc-chrome154	6b2057a9-ee51-4070-8732-9759d30fd521	40
2026-10-05 16:54:15.644	2026-10-05 18:54:15.644	GET	200	/rest/v1/profiles	?select=is_premium,is_pro,is_business,is_comped,is_founder,apple_original_transaction_id,google_purchase_token,subscription_cancel_at_period_end,subscription_period_end,currency,username,platform_settings,extension_last_seen_at,extension_build,onboarded_at,ebay_voie_api&id=eq.6b2057a9-ee51-4070-8732-9759d30fd521	web-pc-chrome154	6b2057a9-ee51-4070-8732-9759d30fd521	42
2026-10-05 16:54:15.646	2026-10-05 18:54:15.646	GET	200	/rest/v1/inventaire	?select=*&user_id=eq.6b2057a9-ee51-4070-8732-9759d30fd521&fusionne_dans=is.null&order=created_at.desc,id.desc&limit=3000	web-pc-chrome154	6b2057a9-ee51-4070-8732-9759d30fd521	41
2026-10-05 16:54:16.881	2026-10-05 18:54:16.881	GET	200	/rest/v1/vinted_sync_runs	?select=id,platform,status,declencheur,items_vus,items_crees,items_maj,total_entries,erreur,queued_at,started_at,finished_at&user_id=eq.6b2057a9-ee51-4070-8732-9759d30fd521&kind=eq.annonces&order=queued_at.desc.nullslast,started_at.desc.nullslast&limit=60	app-android	6b2057a9-ee51-4070-8732-9759d30fd521	63
2026-10-05 16:54:16.886	2026-10-05 18:54:16.886	GET	200	/rest/v1/annonces_plateforme	?select=id,platform,listing_id,url,titre,prix,photo_url,statut_plateforme,proposition,vu_le&user_id=eq.6b2057a9-ee51-4070-8732-9759d30fd521&inventaire_id=is.null&ignoree_le=is.null&disparu_le=is.null&order=vu_le.desc&limit=300	app-android	6b2057a9-ee51-4070-8732-9759d30fd521	72
2026-10-05 16:54:16.887	2026-10-05 18:54:16.887	OPTIONS	200	/rest/v1/cross_post_jobs	?select=id,platform,listing_url,platform_listing_id,created_at&user_id=eq.6b2057a9-ee51-4070-8732-9759d30fd521&action=eq.delete&platform=in.(leboncoin,beebs,ebay,opla)&status=in.(pending,processing,needs_user,deleted)&created_at=gte.2026-08-06T16:54:16.983Z&order=id.asc&limit=500	app-android		11
2026-10-05 16:54:16.889	2026-10-05 18:54:16.889	POST	200	/rest/v1/rpc/releves_vides_signales		app-android	6b2057a9-ee51-4070-8732-9759d30fd521	71
2026-10-05 16:54:16.890	2026-10-05 18:54:16.890	GET	200	/rest/v1/annonces_plateforme	?select=id,platform,listing_id,vu_le,inventaire_id,ignoree_le,disparu_le&user_id=eq.6b2057a9-ee51-4070-8732-9759d30fd521&disparu_le=is.null&order=id.asc&limit=500	app-android	6b2057a9-ee51-4070-8732-9759d30fd521	73
2026-10-05 16:54:16.892	2026-10-05 18:54:16.892	GET	200	/rest/v1/vinted_sync_runs	?select=id,platform,status,items_vus,erreur,queued_at,started_at,finished_at&user_id=eq.6b2057a9-ee51-4070-8732-9759d30fd521&kind=eq.dressing&status=eq.done&order=finished_at.desc.nullslast&limit=1	app-android	6b2057a9-ee51-4070-8732-9759d30fd521	68
2026-10-05 16:54:16.894	2026-10-05 18:54:16.894	OPTIONS	200	/rest/v1/cross_post_jobs	?select=id,platform,listing_url,platform_listing_id,created_at&user_id=eq.6b2057a9-ee51-4070-8732-9759d30fd521&action=eq.delete&platform=in.(leboncoin,beebs,ebay,opla)&status=in.(pending,processing,needs_user,deleted)&created_at=gte.2026-08-06T16:54:16.984Z&order=id.asc&limit=500	app-android		9
2026-10-05 16:54:16.895	2026-10-05 18:54:16.895	POST	200	/rest/v1/rpc/annonces_en_rangement		app-android	6b2057a9-ee51-4070-8732-9759d30fd521	66
2026-10-05 16:54:16.896	2026-10-05 18:54:16.896	GET	200	/rest/v1/inventaire_doublons	?select=id,garde,absorbe,niveau,motif,preuves,created_at&user_id=eq.6b2057a9-ee51-4070-8732-9759d30fd521&statut=eq.proposee&order=created_at.desc&limit=200	app-android	6b2057a9-ee51-4070-8732-9759d30fd521	71
2026-10-05 16:54:16.937	2026-10-05 18:54:16.937	GET	200	/rest/v1/cross_post_jobs	?select=id,platform,listing_url,platform_listing_id,created_at&user_id=eq.6b2057a9-ee51-4070-8732-9759d30fd521&action=eq.delete&platform=in.(leboncoin,beebs,ebay,opla)&status=in.(pending,processing,needs_user,deleted)&created_at=gte.2026-08-06T16:54:16.983Z&order=id.asc&limit=500	app-android	6b2057a9-ee51-4070-8732-9759d30fd521	45
2026-10-05 16:54:16.961	2026-10-05 18:54:16.961	GET	200	/rest/v1/cross_post_jobs	?select=id,platform,listing_url,platform_listing_id,created_at&user_id=eq.6b2057a9-ee51-4070-8732-9759d30fd521&action=eq.delete&platform=in.(leboncoin,beebs,ebay,opla)&status=in.(pending,processing,needs_user,deleted)&created_at=gte.2026-08-06T16:54:16.984Z&order=id.asc&limit=500	app-android	6b2057a9-ee51-4070-8732-9759d30fd521	37
2026-10-05 16:54:17.039	2026-10-05 18:54:17.039	GET	200	/rest/v1/annonces_plateforme	?select=id,platform,listing_id,vu_le,inventaire_id,ignoree_le,disparu_le&user_id=eq.6b2057a9-ee51-4070-8732-9759d30fd521&disparu_le=is.null&order=id.asc&limit=500&id=gt.f3f1c690-5fa5-4428-b927-5792a6b568d7	app-android	6b2057a9-ee51-4070-8732-9759d30fd521	37
2026-10-05 16:54:25.191	2026-10-05 18:54:25.191	GET	200	/rest/v1/cross_post_jobs	?select=id,inventaire_id,platform,status,error,created_at,published_at,platform_fields,action,listing_url,title,bulk_batch_id,voie&user_id=eq.6b2057a9-ee51-4070-8732-9759d30fd521&or=(status.in.(pending,processing,needs_user),created_at.gte."2026-10-05T16:53:02.488845+00:00",id.in.(c08572f6-2a16-44cf-85bb-dc816759da95))&order=created_at.desc,id.desc&limit=1000	app-android	6b2057a9-ee51-4070-8732-9759d30fd521	50
2026-10-05 16:54:32.071	2026-10-05 18:54:32.071	GET	200	/rest/v1/cross_post_jobs	?select=inventaire_id&user_id=eq.6b2057a9-ee51-4070-8732-9759d30fd521&status=eq.needs_user&inventaire_id=not.is.null&limit=1000	web-pc-chrome154	6b2057a9-ee51-4070-8732-9759d30fd521	55
2026-10-05 16:54:32.072	2026-10-05 18:54:32.072	GET	200	/rest/v1/profiles	?select=plateformes_visibles&id=eq.6b2057a9-ee51-4070-8732-9759d30fd521	web-pc-chrome154	6b2057a9-ee51-4070-8732-9759d30fd521	51
2026-10-05 16:54:32.073	2026-10-05 18:54:32.073	GET	200	/rest/v1/profiles	?select=extension_version&id=eq.6b2057a9-ee51-4070-8732-9759d30fd521	web-pc-chrome154	6b2057a9-ee51-4070-8732-9759d30fd521	52
2026-10-05 16:54:32.074	2026-10-05 18:54:32.074	GET	200	/rest/v1/coin_config	?select=key,value&key=in.(opla_ouvert,opla_extension_min)	web-pc-chrome154	6b2057a9-ee51-4070-8732-9759d30fd521	52
2026-10-05 16:54:32.075	2026-10-05 18:54:32.075	GET	200	/rest/v1/fiches_annonce	?select=inventaire_id&user_id=eq.6b2057a9-ee51-4070-8732-9759d30fd521&brouillon=eq.true&limit=200	web-pc-chrome154	6b2057a9-ee51-4070-8732-9759d30fd521	58
2026-10-05 16:54:32.076	2026-10-05 18:54:32.076	GET	200	/rest/v1/cross_post_jobs	?select=id,platform,title,inventaire_id,listing_url,platform_listing_id,platform_fields&user_id=eq.6b2057a9-ee51-4070-8732-9759d30fd521&status=eq.cancelled&action=in.(publish,republish)&platform_fields=cs.{"pending_removal":true}&platform_fields->>pending_removal_reporte_le=is.null	web-pc-chrome154	6b2057a9-ee51-4070-8732-9759d30fd521	54
2026-10-05 16:54:32.076	2026-10-05 18:54:32.076	GET	200	/rest/v1/inventaire_fusions	?select=id,garde,absorbe,created_at,deplacements,champs_repris&user_id=eq.6b2057a9-ee51-4070-8732-9759d30fd521&defait_le=is.null&order=created_at.desc&limit=500	web-pc-chrome154	6b2057a9-ee51-4070-8732-9759d30fd521	55
2026-10-05 16:54:40.387	2026-10-05 18:54:40.387	GET	200	/rest/v1/cross_post_jobs	?select=id,platform,title,price,inventaire_id,listing_url,platform_fields&user_id=eq.6b2057a9-ee51-4070-8732-9759d30fd521&status=eq.published&action=in.(publish,republish)&platform_fields->>unavailable_since=not.is.null	web-pc-chrome154	6b2057a9-ee51-4070-8732-9759d30fd521	56
2026-10-05 16:54:41.079	2026-10-05 18:54:41.079	GET	200	/rest/v1/cross_post_jobs	?select=id,status,last_checked_at,sale_signal:platform_fields->>sale_signal,unavailable_since:platform_fields->>unavailable_since,pending_removal:platform_fields->>pending_removal,check_unresolved_since:platform_fields->>check_unresolved_since&user_id=eq.6b2057a9-ee51-4070-8732-9759d30fd521&order=created_at.desc&limit=80	app-android	6b2057a9-ee51-4070-8732-9759d30fd521	51
2026-10-05 16:54:50.306	2026-10-05 18:54:50.306	GET	200	/rest/v1/cross_post_jobs	?select=id,status,last_checked_at,sale_signal:platform_fields->>sale_signal,unavailable_since:platform_fields->>unavailable_since,pending_removal:platform_fields->>pending_removal,check_unresolved_since:platform_fields->>check_unresolved_since&user_id=eq.6b2057a9-ee51-4070-8732-9759d30fd521&order=created_at.desc&limit=80	web-pc-chrome154	6b2057a9-ee51-4070-8732-9759d30fd521	41
2026-10-05 16:54:52.541	2026-10-05 18:54:52.541	GET	200	/rest/v1/annonces_plateforme	?select=id,platform,listing_id,url,titre,prix,proposition&user_id=eq.6b2057a9-ee51-4070-8732-9759d30fd521&inventaire_id=is.null&ignoree_le=is.null&disparu_le=is.null&proposition=not.is.null&limit=200	web-pc-chrome154	6b2057a9-ee51-4070-8732-9759d30fd521	39
2026-10-05 16:54:52.543	2026-10-05 18:54:52.543	GET	200	/rest/v1/cross_post_jobs	?select=inventaire_id&user_id=eq.6b2057a9-ee51-4070-8732-9759d30fd521&action=eq.republish&status=in.(pending,processing,needs_user)&inventaire_id=not.is.null	web-pc-chrome154	6b2057a9-ee51-4070-8732-9759d30fd521	35
2026-10-05 16:55:02.754	2026-10-05 18:55:02.754	GET	200	/rest/v1/ventes	?select=*&user_id=eq.6b2057a9-ee51-4070-8732-9759d30fd521&order=created_at.desc,id.desc&limit=3000	app-android	6b2057a9-ee51-4070-8732-9759d30fd521	96
2026-10-05 16:55:02.755	2026-10-05 18:55:02.755	GET	200	/rest/v1/inventaire	?select=*&user_id=eq.6b2057a9-ee51-4070-8732-9759d30fd521&fusionne_dans=is.null&order=created_at.desc,id.desc&limit=3000	app-android	6b2057a9-ee51-4070-8732-9759d30fd521	75
2026-10-05 16:55:02.757	2026-10-05 18:55:02.757	GET	200	/rest/v1/profiles	?select=is_premium,is_pro,is_business,is_comped,is_founder,apple_original_transaction_id,google_purchase_token,subscription_cancel_at_period_end,subscription_period_end,currency,username,platform_settings,extension_last_seen_at,extension_build,onboarded_at,ebay_voie_api&id=eq.6b2057a9-ee51-4070-8732-9759d30fd521	app-android	6b2057a9-ee51-4070-8732-9759d30fd521	71
2026-10-05 16:55:02.760	2026-10-05 18:55:02.760	PATCH	403	/rest/v1/profiles	?id=eq.6b2057a9-ee51-4070-8732-9759d30fd521	app-android	6b2057a9-ee51-4070-8732-9759d30fd521	64
2026-10-05 16:55:02.820	2026-10-05 18:55:02.820	GET	200	/rest/v1/lens_scans	?select=scan_id,statut,resultat,motif,photos,created_at&statut=in.(preparation,en_cours,termine)&created_at=gte.2026-10-05T14:55:02.854Z&order=created_at.desc&limit=1	app-android	6b2057a9-ee51-4070-8732-9759d30fd521	37
2026-10-05 16:55:02.877	2026-10-05 18:55:02.877	GET	200	/rest/v1/profiles	?select=is_premium,is_pro,is_business,is_comped,is_founder,apple_original_transaction_id,google_purchase_token,subscription_cancel_at_period_end,subscription_period_end,currency,username,platform_settings,extension_last_seen_at,extension_build,onboarded_at,ebay_voie_api&id=eq.6b2057a9-ee51-4070-8732-9759d30fd521	app-android	6b2057a9-ee51-4070-8732-9759d30fd521	56
2026-10-05 16:55:02.886	2026-10-05 18:55:02.886	GET	200	/rest/v1/inventaire	?select=*&user_id=eq.6b2057a9-ee51-4070-8732-9759d30fd521&fusionne_dans=is.null&order=created_at.desc,id.desc&limit=3000	app-android	6b2057a9-ee51-4070-8732-9759d30fd521	53
2026-10-05 16:55:02.892	2026-10-05 18:55:02.892	GET	200	/rest/v1/ventes	?select=*&user_id=eq.6b2057a9-ee51-4070-8732-9759d30fd521&order=created_at.desc,id.desc&limit=3000	app-android	6b2057a9-ee51-4070-8732-9759d30fd521	49
2026-10-05 16:55:02.912	2026-10-05 18:55:02.912	GET	200	/rest/v1/cross_post_jobs	?select=inventaire_id&user_id=eq.6b2057a9-ee51-4070-8732-9759d30fd521&status=eq.needs_user&inventaire_id=not.is.null&limit=1000	app-android	6b2057a9-ee51-4070-8732-9759d30fd521	47
2026-10-05 16:55:02.915	2026-10-05 18:55:02.915	GET	200	/rest/v1/profiles	?select=plateformes_visibles&id=eq.6b2057a9-ee51-4070-8732-9759d30fd521	app-android	6b2057a9-ee51-4070-8732-9759d30fd521	39
2026-10-05 16:55:02.918	2026-10-05 18:55:02.918	GET	200	/rest/v1/profiles	?select=extension_version&id=eq.6b2057a9-ee51-4070-8732-9759d30fd521	app-android	6b2057a9-ee51-4070-8732-9759d30fd521	43
2026-10-05 16:55:02.921	2026-10-05 18:55:02.921	GET	200	/rest/v1/coin_config	?select=key,value&key=in.(opla_ouvert,opla_extension_min)	app-android	6b2057a9-ee51-4070-8732-9759d30fd521	35
2026-10-05 16:55:02.924	2026-10-05 18:55:02.924	GET	200	/rest/v1/fiches_annonce	?select=inventaire_id&user_id=eq.6b2057a9-ee51-4070-8732-9759d30fd521&brouillon=eq.true&limit=200	app-android	6b2057a9-ee51-4070-8732-9759d30fd521	41
2026-10-05 16:55:02.930	2026-10-05 18:55:02.930	GET	200	/rest/v1/cross_post_jobs	?select=id,platform,title,inventaire_id,listing_url,platform_listing_id,platform_fields&user_id=eq.6b2057a9-ee51-4070-8732-9759d30fd521&status=eq.cancelled&action=in.(publish,republish)&platform_fields=cs.{"pending_removal":true}&platform_fields->>pending_removal_reporte_le=is.null	app-android	6b2057a9-ee51-4070-8732-9759d30fd521	37
2026-10-05 16:55:02.937	2026-10-05 18:55:02.937	GET	200	/rest/v1/inventaire_fusions	?select=id,garde,absorbe,created_at,deplacements,champs_repris&user_id=eq.6b2057a9-ee51-4070-8732-9759d30fd521&defait_le=is.null&order=created_at.desc&limit=500	app-android	6b2057a9-ee51-4070-8732-9759d30fd521	37
2026-10-05 16:55:02.995	2026-10-05 18:55:02.995	GET	200	/rest/v1/cross_post_jobs	?select=inventaire_id&user_id=eq.6b2057a9-ee51-4070-8732-9759d30fd521&status=eq.needs_user&inventaire_id=not.is.null&limit=1000	app-android	6b2057a9-ee51-4070-8732-9759d30fd521	47
2026-10-05 16:55:03.004	2026-10-05 18:55:03.004	GET	200	/rest/v1/profiles	?select=plateformes_visibles&id=eq.6b2057a9-ee51-4070-8732-9759d30fd521	app-android	6b2057a9-ee51-4070-8732-9759d30fd521	38
2026-10-05 16:55:03.008	2026-10-05 18:55:03.008	GET	200	/rest/v1/coin_config	?select=key,value&key=in.(opla_ouvert,opla_extension_min)	app-android	6b2057a9-ee51-4070-8732-9759d30fd521	37
2026-10-05 16:55:03.011	2026-10-05 18:55:03.011	GET	200	/rest/v1/profiles	?select=extension_version&id=eq.6b2057a9-ee51-4070-8732-9759d30fd521	app-android	6b2057a9-ee51-4070-8732-9759d30fd521	43
2026-10-05 16:55:03.014	2026-10-05 18:55:03.014	GET	200	/rest/v1/inventaire_fusions	?select=id,garde,absorbe,created_at,deplacements,champs_repris&user_id=eq.6b2057a9-ee51-4070-8732-9759d30fd521&defait_le=is.null&order=created_at.desc&limit=500	app-android	6b2057a9-ee51-4070-8732-9759d30fd521	43
2026-10-05 16:55:03.018	2026-10-05 18:55:03.018	GET	200	/rest/v1/cross_post_jobs	?select=id,platform,title,inventaire_id,listing_url,platform_listing_id,platform_fields&user_id=eq.6b2057a9-ee51-4070-8732-9759d30fd521&status=eq.cancelled&action=in.(publish,republish)&platform_fields=cs.{"pending_removal":true}&platform_fields->>pending_removal_reporte_le=is.null	app-android	6b2057a9-ee51-4070-8732-9759d30fd521	40
2026-10-05 16:55:03.021	2026-10-05 18:55:03.021	GET	200	/rest/v1/cross_post_jobs	?select=id,platform,title,price,inventaire_id,listing_url,platform_fields&user_id=eq.6b2057a9-ee51-4070-8732-9759d30fd521&status=eq.published&action=in.(publish,republish)&platform_fields->>unavailable_since=not.is.null	app-android	6b2057a9-ee51-4070-8732-9759d30fd521	39
2026-10-05 16:55:03.025	2026-10-05 18:55:03.025	GET	200	/rest/v1/fiches_annonce	?select=inventaire_id&user_id=eq.6b2057a9-ee51-4070-8732-9759d30fd521&brouillon=eq.true&limit=200	app-android	6b2057a9-ee51-4070-8732-9759d30fd521	41
2026-10-05 16:55:03.057	2026-10-05 18:55:03.057	GET	200	/auth/v1/user		serveur-fonction-edge	6b2057a9-ee51-4070-8732-9759d30fd521	63
2026-10-05 16:55:03.088	2026-10-05 18:55:03.088	GET	200	/rest/v1/profiles	?select=voice_count_today,voice_count_date&id=eq.6b2057a9-ee51-4070-8732-9759d30fd521	web-pc-chrome154	6b2057a9-ee51-4070-8732-9759d30fd521	38
2026-10-05 16:55:03.102	2026-10-05 18:55:03.102	GET	200	/rest/v1/cross_post_jobs	?select=id,platform,title,price,inventaire_id,listing_url,platform_fields&user_id=eq.6b2057a9-ee51-4070-8732-9759d30fd521&status=eq.published&action=in.(publish,republish)&platform_fields->>unavailable_since=not.is.null	app-android	6b2057a9-ee51-4070-8732-9759d30fd521	42
2026-10-05 16:55:03.106	2026-10-05 18:55:03.106	GET	200	/rest/v1/cross_post_jobs	?select=inventaire_id&user_id=eq.6b2057a9-ee51-4070-8732-9759d30fd521&action=eq.republish&status=in.(pending,processing,needs_user)&inventaire_id=not.is.null	app-android	6b2057a9-ee51-4070-8732-9759d30fd521	43
2026-10-05 16:55:03.109	2026-10-05 18:55:03.109	GET	200	/rest/v1/annonces_plateforme	?select=id,platform,listing_id,url,titre,prix,proposition&user_id=eq.6b2057a9-ee51-4070-8732-9759d30fd521&inventaire_id=is.null&ignoree_le=is.null&disparu_le=is.null&proposition=not.is.null&limit=200	app-android	6b2057a9-ee51-4070-8732-9759d30fd521	38
2026-10-05 16:55:03.151	2026-10-05 18:55:03.151	GET	200	/rest/v1/ebay_accounts	?select=*&user_id=eq.6b2057a9-ee51-4070-8732-9759d30fd521	serveur-fonction-edge		46
2026-10-05 16:55:03.184	2026-10-05 18:55:03.184	GET	200	/rest/v1/annonces_plateforme	?select=id,platform,listing_id,url,titre,prix,proposition&user_id=eq.6b2057a9-ee51-4070-8732-9759d30fd521&inventaire_id=is.null&ignoree_le=is.null&disparu_le=is.null&proposition=not.is.null&limit=200	app-android	6b2057a9-ee51-4070-8732-9759d30fd521	46
2026-10-05 16:55:03.192	2026-10-05 18:55:03.192	GET	200	/rest/v1/cross_post_jobs	?select=inventaire_id&user_id=eq.6b2057a9-ee51-4070-8732-9759d30fd521&action=eq.republish&status=in.(pending,processing,needs_user)&inventaire_id=not.is.null	app-android	6b2057a9-ee51-4070-8732-9759d30fd521	37
2026-10-05 16:55:03.224	2026-10-05 18:55:03.224	GET	200	/rest/v1/profiles	?select=voice_count_today,voice_count_date&id=eq.6b2057a9-ee51-4070-8732-9759d30fd521	app-android	6b2057a9-ee51-4070-8732-9759d30fd521	40
2026-10-05 16:55:03.288	2026-10-05 18:55:03.288	GET	200	/rest/v1/profiles	?select=voice_count_today,voice_count_date&id=eq.6b2057a9-ee51-4070-8732-9759d30fd521	app-android	6b2057a9-ee51-4070-8732-9759d30fd521	41
2026-10-05 16:55:03.297	2026-10-05 18:55:03.297	POST	200	/rest/v1/rpc/quotas_etat		app-android	6b2057a9-ee51-4070-8732-9759d30fd521	36
2026-10-05 16:55:03.369	2026-10-05 18:55:03.369	POST	200	/rest/v1/rpc/quotas_etat		app-android	6b2057a9-ee51-4070-8732-9759d30fd521	38
2026-10-05 16:55:05.230	2026-10-05 18:55:05.230	GET	200	/rest/v1/coin_config	?select=key,value	app-android	6b2057a9-ee51-4070-8732-9759d30fd521	41
2026-10-05 16:55:05.233	2026-10-05 18:55:05.233	POST	201	/rest/v1/usage_logs		app-android	6b2057a9-ee51-4070-8732-9759d30fd521	40
2026-10-05 16:55:05.236	2026-10-05 18:55:05.236	POST	201	/rest/v1/usage_logs		app-android	6b2057a9-ee51-4070-8732-9759d30fd521	39
2026-10-05 16:55:05.238	2026-10-05 18:55:05.238	POST	200	/rest/v1/rpc/quotas_etat		app-android	6b2057a9-ee51-4070-8732-9759d30fd521	42
2026-10-05 16:55:07.492	2026-10-05 18:55:07.492	GET	200	/rest/v1/coin_config	?select=value&key=eq.opla_sortie_le	app-android	6b2057a9-ee51-4070-8732-9759d30fd521	39
2026-10-05 16:55:07.520	2026-10-05 18:55:07.520	GET	200	/rest/v1/ventes	?select=*&user_id=eq.6b2057a9-ee51-4070-8732-9759d30fd521&order=created_at.desc,id.desc&limit=3000	app-android	6b2057a9-ee51-4070-8732-9759d30fd521	48
2026-10-05 16:55:07.526	2026-10-05 18:55:07.526	GET	200	/rest/v1/profiles	?select=vinted_sync_pin&id=eq.6b2057a9-ee51-4070-8732-9759d30fd521	app-android	6b2057a9-ee51-4070-8732-9759d30fd521	38
2026-10-05 16:55:07.530	2026-10-05 18:55:07.530	GET	200	/rest/v1/profiles	?select=is_premium,is_pro,is_business,is_comped,is_founder,apple_original_transaction_id,google_purchase_token,subscription_cancel_at_period_end,subscription_period_end,currency,username,platform_settings,extension_last_seen_at,extension_build,onboarded_at,ebay_voie_api&id=eq.6b2057a9-ee51-4070-8732-9759d30fd521	app-android	6b2057a9-ee51-4070-8732-9759d30fd521	43
2026-10-05 16:55:07.535	2026-10-05 18:55:07.535	GET	200	/rest/v1/inventaire	?select=*&user_id=eq.6b2057a9-ee51-4070-8732-9759d30fd521&fusionne_dans=is.null&order=created_at.desc,id.desc&limit=3000	app-android	6b2057a9-ee51-4070-8732-9759d30fd521	37
2026-10-05 16:55:07.538	2026-10-05 18:55:07.538	GET	200	/rest/v1/profiles	?select=platform_settings&id=eq.6b2057a9-ee51-4070-8732-9759d30fd521	app-android	6b2057a9-ee51-4070-8732-9759d30fd521	40
2026-10-05 16:55:07.542	2026-10-05 18:55:07.542	GET	200	/rest/v1/vinted_sync_runs	?select=id&user_id=eq.6b2057a9-ee51-4070-8732-9759d30fd521&platform=eq.opla&kind=eq.annonces&status=eq.done&limit=1	app-android	6b2057a9-ee51-4070-8732-9759d30fd521	36
2026-10-05 16:55:07.544	2026-10-05 18:55:07.544	GET	200	/rest/v1/cross_post_jobs	?select=id,status,last_checked_at,sale_signal:platform_fields->>sale_signal,unavailable_since:platform_fields->>unavailable_since,pending_removal:platform_fields->>pending_removal,check_unresolved_since:platform_fields->>check_unresolved_since&user_id=eq.6b2057a9-ee51-4070-8732-9759d30fd521&order=created_at.desc&limit=80	app-android	6b2057a9-ee51-4070-8732-9759d30fd521	40
2026-10-05 16:55:07.550	2026-10-05 18:55:07.550	GET	200	/rest/v1/usage_logs	?select=id&user_id=eq.6b2057a9-ee51-4070-8732-9759d30fd521&feature=eq.opla_bandeau&limit=1	app-android	6b2057a9-ee51-4070-8732-9759d30fd521	41
2026-10-05 16:55:07.552	2026-10-05 18:55:07.552	GET	200	/rest/v1/cross_post_jobs	?select=id&user_id=eq.6b2057a9-ee51-4070-8732-9759d30fd521&platform=eq.opla&status=in.(published,sold)&limit=1	app-android	6b2057a9-ee51-4070-8732-9759d30fd521	40
2026-10-05 16:55:07.554	2026-10-05 18:55:07.554	GET	200	/rest/v1/fiches_annonce	?select=inventaire_id&user_id=eq.6b2057a9-ee51-4070-8732-9759d30fd521&brouillon=eq.true&limit=200	app-android	6b2057a9-ee51-4070-8732-9759d30fd521	43
2026-10-05 16:55:07.556	2026-10-05 18:55:07.556	PATCH	403	/rest/v1/profiles	?id=eq.6b2057a9-ee51-4070-8732-9759d30fd521	app-android	6b2057a9-ee51-4070-8732-9759d30fd521	45
2026-10-05 16:55:07.586	2026-10-05 18:55:07.586	GET	200	/rest/v1/lens_scans	?select=scan_id,statut,resultat,motif,photos,created_at&statut=in.(preparation,en_cours,termine)&created_at=gte.2026-10-05T14:55:07.668Z&order=created_at.desc&limit=1	app-android	6b2057a9-ee51-4070-8732-9759d30fd521	66
2026-10-05 16:55:07.605	2026-10-05 18:55:07.605	GET	200	/rest/v1/inventaire	?select=*&user_id=eq.6b2057a9-ee51-4070-8732-9759d30fd521&fusionne_dans=is.null&order=created_at.desc,id.desc&limit=3000	app-android	6b2057a9-ee51-4070-8732-9759d30fd521	56
2026-10-05 16:55:07.610	2026-10-05 18:55:07.610	GET	200	/rest/v1/ventes	?select=*&user_id=eq.6b2057a9-ee51-4070-8732-9759d30fd521&order=created_at.desc,id.desc&limit=3000	app-android	6b2057a9-ee51-4070-8732-9759d30fd521	52
2026-10-05 16:55:07.615	2026-10-05 18:55:07.615	GET	200	/rest/v1/profiles	?select=is_premium,is_pro,is_business,is_comped,is_founder,apple_original_transaction_id,google_purchase_token,subscription_cancel_at_period_end,subscription_period_end,currency,username,platform_settings,extension_last_seen_at,extension_build,onboarded_at,ebay_voie_api&id=eq.6b2057a9-ee51-4070-8732-9759d30fd521	app-android	6b2057a9-ee51-4070-8732-9759d30fd521	48
2026-10-05 16:55:07.621	2026-10-05 18:55:07.621	GET	200	/rest/v1/cross_post_jobs	?select=inventaire_id&user_id=eq.6b2057a9-ee51-4070-8732-9759d30fd521&status=eq.needs_user&inventaire_id=not.is.null&limit=1000	app-android	6b2057a9-ee51-4070-8732-9759d30fd521	46
2026-10-05 16:55:07.623	2026-10-05 18:55:07.623	GET	200	/rest/v1/coin_config	?select=key,value&key=in.(opla_ouvert,opla_extension_min)	app-android	6b2057a9-ee51-4070-8732-9759d30fd521	46
2026-10-05 16:55:07.629	2026-10-05 18:55:07.629	GET	200	/rest/v1/profiles	?select=extension_version&id=eq.6b2057a9-ee51-4070-8732-9759d30fd521	app-android	6b2057a9-ee51-4070-8732-9759d30fd521	42
2026-10-05 16:55:07.650	2026-10-05 18:55:07.650	GET	200	/rest/v1/profiles	?select=plateformes_visibles&id=eq.6b2057a9-ee51-4070-8732-9759d30fd521	app-android	6b2057a9-ee51-4070-8732-9759d30fd521	39
2026-10-05 16:55:07.655	2026-10-05 18:55:07.655	GET	200	/rest/v1/fiches_annonce	?select=inventaire_id&user_id=eq.6b2057a9-ee51-4070-8732-9759d30fd521&brouillon=eq.true&limit=200	app-android	6b2057a9-ee51-4070-8732-9759d30fd521	34
2026-10-05 16:55:07.658	2026-10-05 18:55:07.658	GET	200	/rest/v1/inventaire_fusions	?select=id,garde,absorbe,created_at,deplacements,champs_repris&user_id=eq.6b2057a9-ee51-4070-8732-9759d30fd521&defait_le=is.null&order=created_at.desc&limit=500	app-android	6b2057a9-ee51-4070-8732-9759d30fd521	35
2026-10-05 16:55:07.660	2026-10-05 18:55:07.660	POST	204	/rest/v1/rpc/set_app_build		app-android	6b2057a9-ee51-4070-8732-9759d30fd521	38
2026-10-05 16:55:07.662	2026-10-05 18:55:07.662	GET	200	/rest/v1/cross_post_jobs	?select=id,platform,title,inventaire_id,listing_url,platform_listing_id,platform_fields&user_id=eq.6b2057a9-ee51-4070-8732-9759d30fd521&status=eq.cancelled&action=in.(publish,republish)&platform_fields=cs.{"pending_removal":true}&platform_fields->>pending_removal_reporte_le=is.null	app-android	6b2057a9-ee51-4070-8732-9759d30fd521	41
2026-10-05 16:55:07.736	2026-10-05 18:55:07.736	GET	200	/rest/v1/cross_post_jobs	?select=inventaire_id&user_id=eq.6b2057a9-ee51-4070-8732-9759d30fd521&status=eq.needs_user&inventaire_id=not.is.null&limit=1000	app-android	6b2057a9-ee51-4070-8732-9759d30fd521	39
2026-10-05 16:55:07.738	2026-10-05 18:55:07.738	GET	200	/rest/v1/profiles	?select=extension_version&id=eq.6b2057a9-ee51-4070-8732-9759d30fd521	app-android	6b2057a9-ee51-4070-8732-9759d30fd521	41
2026-10-05 16:55:07.742	2026-10-05 18:55:07.742	GET	200	/rest/v1/inventaire_fusions	?select=id,garde,absorbe,created_at,deplacements,champs_repris&user_id=eq.6b2057a9-ee51-4070-8732-9759d30fd521&defait_le=is.null&order=created_at.desc&limit=500	app-android	6b2057a9-ee51-4070-8732-9759d30fd521	36
2026-10-05 16:55:07.745	2026-10-05 18:55:07.745	GET	200	/rest/v1/profiles	?select=plateformes_visibles&id=eq.6b2057a9-ee51-4070-8732-9759d30fd521	app-android	6b2057a9-ee51-4070-8732-9759d30fd521	38
2026-10-05 16:55:07.747	2026-10-05 18:55:07.747	GET	200	/rest/v1/fiches_annonce	?select=inventaire_id&user_id=eq.6b2057a9-ee51-4070-8732-9759d30fd521&brouillon=eq.true&limit=200	app-android	6b2057a9-ee51-4070-8732-9759d30fd521	42
2026-10-05 16:55:07.757	2026-10-05 18:55:07.757	GET	200	/rest/v1/coin_config	?select=key,value&key=in.(opla_ouvert,opla_extension_min)	app-android	6b2057a9-ee51-4070-8732-9759d30fd521	35
2026-10-05 16:55:07.759	2026-10-05 18:55:07.759	GET	200	/rest/v1/cross_post_jobs	?select=id,platform,title,inventaire_id,listing_url,platform_listing_id,platform_fields&user_id=eq.6b2057a9-ee51-4070-8732-9759d30fd521&status=eq.cancelled&action=in.(publish,republish)&platform_fields=cs.{"pending_removal":true}&platform_fields->>pending_removal_reporte_le=is.null	app-android	6b2057a9-ee51-4070-8732-9759d30fd521	40
2026-10-05 16:55:07.762	2026-10-05 18:55:07.762	GET	200	/rest/v1/cross_post_jobs	?select=id,platform,title,price,inventaire_id,listing_url,platform_fields&user_id=eq.6b2057a9-ee51-4070-8732-9759d30fd521&status=eq.published&action=in.(publish,republish)&platform_fields->>unavailable_since=not.is.null	app-android	6b2057a9-ee51-4070-8732-9759d30fd521	40
2026-10-05 16:55:07.818	2026-10-05 18:55:07.818	GET	200	/auth/v1/user		serveur-fonction-edge	6b2057a9-ee51-4070-8732-9759d30fd521	64
2026-10-05 16:55:07.845	2026-10-05 18:55:07.845	GET	200	/rest/v1/cross_post_jobs	?select=id,platform,title,price,inventaire_id,listing_url,platform_fields&user_id=eq.6b2057a9-ee51-4070-8732-9759d30fd521&status=eq.published&action=in.(publish,republish)&platform_fields->>unavailable_since=not.is.null	app-android	6b2057a9-ee51-4070-8732-9759d30fd521	46
2026-10-05 16:55:07.869	2026-10-05 18:55:07.869	GET	200	/rest/v1/annonces_plateforme	?select=id,platform,listing_id,url,titre,prix,proposition&user_id=eq.6b2057a9-ee51-4070-8732-9759d30fd521&inventaire_id=is.null&ignoree_le=is.null&disparu_le=is.null&proposition=not.is.null&limit=200	app-android	6b2057a9-ee51-4070-8732-9759d30fd521	35
2026-10-05 16:55:07.873	2026-10-05 18:55:07.873	GET	200	/rest/v1/cross_post_jobs	?select=inventaire_id&user_id=eq.6b2057a9-ee51-4070-8732-9759d30fd521&action=eq.republish&status=in.(pending,processing,needs_user)&inventaire_id=not.is.null	app-android	6b2057a9-ee51-4070-8732-9759d30fd521	38
2026-10-05 16:55:07.910	2026-10-05 18:55:07.910	GET	200	/rest/v1/ebay_accounts	?select=*&user_id=eq.6b2057a9-ee51-4070-8732-9759d30fd521	serveur-fonction-edge		44
2026-10-05 16:55:07.936	2026-10-05 18:55:07.936	GET	200	/rest/v1/annonces_plateforme	?select=id,platform,listing_id,url,titre,prix,proposition&user_id=eq.6b2057a9-ee51-4070-8732-9759d30fd521&inventaire_id=is.null&ignoree_le=is.null&disparu_le=is.null&proposition=not.is.null&limit=200	app-android	6b2057a9-ee51-4070-8732-9759d30fd521	38
2026-10-05 16:55:07.941	2026-10-05 18:55:07.941	GET	200	/rest/v1/cross_post_jobs	?select=inventaire_id&user_id=eq.6b2057a9-ee51-4070-8732-9759d30fd521&action=eq.republish&status=in.(pending,processing,needs_user)&inventaire_id=not.is.null	app-android	6b2057a9-ee51-4070-8732-9759d30fd521	36
2026-10-05 16:55:08.047	2026-10-05 18:55:08.047	GET	200	/rest/v1/profiles	?select=voice_count_today,voice_count_date&id=eq.6b2057a9-ee51-4070-8732-9759d30fd521	app-android	6b2057a9-ee51-4070-8732-9759d30fd521	43
2026-10-05 16:55:08.163	2026-10-05 18:55:08.163	GET	200	/rest/v1/profiles	?select=voice_count_today,voice_count_date&id=eq.6b2057a9-ee51-4070-8732-9759d30fd521	app-android	6b2057a9-ee51-4070-8732-9759d30fd521	36
2026-10-05 16:55:08.176	2026-10-05 18:55:08.176	POST	200	/rest/v1/rpc/quotas_etat		app-android	6b2057a9-ee51-4070-8732-9759d30fd521	41
2026-10-05 16:55:08.233	2026-10-05 18:55:08.233	POST	200	/rest/v1/rpc/quotas_etat		app-android	6b2057a9-ee51-4070-8732-9759d30fd521	43
2026-10-05 16:55:13.471	2026-10-05 18:55:13.471	GET	200	/rest/v1/coin_config	?select=value&key=eq.republication_multi_ouverte	app-android	6b2057a9-ee51-4070-8732-9759d30fd521	68
2026-10-05 16:55:13.473	2026-10-05 18:55:13.473	GET	200	/rest/v1/coin_config	?select=value&key=eq.republish_maintenance	app-android	6b2057a9-ee51-4070-8732-9759d30fd521	69
2026-10-05 16:55:13.479	2026-10-05 18:55:13.479	GET	200	/rest/v1/profiles	?select=extension_last_seen_at,extension_version&id=eq.6b2057a9-ee51-4070-8732-9759d30fd521	app-android	6b2057a9-ee51-4070-8732-9759d30fd521	68
2026-10-05 16:55:13.488	2026-10-05 18:55:13.488	GET	200	/rest/v1/vinted_sync_runs	?select=id,status,page_suivante,total_pages,total_entries,items_vus,items_crees,items_maj,erreur,started_at,finished_at,vinted_login,vinted_user_id&user_id=eq.6b2057a9-ee51-4070-8732-9759d30fd521&kind=eq.dressing&order=started_at.desc&limit=1	app-android	6b2057a9-ee51-4070-8732-9759d30fd521	72
2026-10-05 16:55:13.507	2026-10-05 18:55:13.507	GET	200	/rest/v1/vinted_sync_runs	?select=id,finished_at,declencheur,vinted_login,items_vus&user_id=eq.6b2057a9-ee51-4070-8732-9759d30fd521&kind=eq.dressing&status=eq.done&order=finished_at.desc&limit=1	app-android	6b2057a9-ee51-4070-8732-9759d30fd521	58
2026-10-05 16:55:13.511	2026-10-05 18:55:13.511	GET	200	/rest/v1/profiles	?select=platform_settings&id=eq.6b2057a9-ee51-4070-8732-9759d30fd521	app-android	6b2057a9-ee51-4070-8732-9759d30fd521	53
2026-10-05 16:55:13.514	2026-10-05 18:55:13.514	POST	200	/rest/v1/rpc/republish_planifiee_etat_multi		app-android	6b2057a9-ee51-4070-8732-9759d30fd521	54
2026-10-05 16:55:13.517	2026-10-05 18:55:13.517	GET	200	/rest/v1/vinted_sync_runs	?select=finished_at&user_id=eq.6b2057a9-ee51-4070-8732-9759d30fd521&platform=eq.opla&erreur=ilike.%accès+Opla+non+accordé%&finished_at=not.is.null&order=finished_at.desc&limit=1	app-android	6b2057a9-ee51-4070-8732-9759d30fd521	58
2026-10-05 16:55:13.517	2026-10-05 18:55:13.517	GET	200	/rest/v1/profiles	?select=beta_flags&id=eq.6b2057a9-ee51-4070-8732-9759d30fd521	app-android	6b2057a9-ee51-4070-8732-9759d30fd521	53
2026-10-05 16:55:13.519	2026-10-05 18:55:13.519	GET	200	/rest/v1/inventaire_doublons	?select=id,garde,absorbe,niveau,motif,preuves,created_at&user_id=eq.6b2057a9-ee51-4070-8732-9759d30fd521&statut=eq.proposee&order=created_at.desc&limit=200	app-android	6b2057a9-ee51-4070-8732-9759d30fd521	50
2026-10-05 16:55:13.521	2026-10-05 18:55:13.521	GET	200	/rest/v1/cross_post_jobs	?select=created_at,platform_fields&user_id=eq.6b2057a9-ee51-4070-8732-9759d30fd521&platform=eq.opla&status=eq.needs_user&platform_fields->>needs_user_source=eq.opla_acces&limit=50	app-android	6b2057a9-ee51-4070-8732-9759d30fd521	48
2026-10-05 16:55:13.524	2026-10-05 18:55:13.524	GET	200	/rest/v1/fiches_annonce	?select=inventaire_id,fiche,updated_at&user_id=eq.6b2057a9-ee51-4070-8732-9759d30fd521&brouillon=eq.true&order=updated_at.desc&limit=200	app-android	6b2057a9-ee51-4070-8732-9759d30fd521	49
2026-10-05 16:55:13.526	2026-10-05 18:55:13.526	GET	200	/rest/v1/coin_config	?select=value&key=eq.sync_multi_ouverte	app-android	6b2057a9-ee51-4070-8732-9759d30fd521	44
2026-10-05 16:55:13.533	2026-10-05 18:55:13.533	GET	200	/rest/v1/profiles	?select=extension_session_rejetee_at&id=eq.6b2057a9-ee51-4070-8732-9759d30fd521	app-android	6b2057a9-ee51-4070-8732-9759d30fd521	43
2026-10-05 16:55:13.536	2026-10-05 18:55:13.536	GET	200	/rest/v1/platform_health	?select=platform,message_fr,message_en&paused=eq.true	app-android	6b2057a9-ee51-4070-8732-9759d30fd521	40
2026-10-05 16:55:13.539	2026-10-05 18:55:13.539	GET	200	/rest/v1/profiles	?select=extension_postes,extension_sessions&id=eq.6b2057a9-ee51-4070-8732-9759d30fd521	app-android	6b2057a9-ee51-4070-8732-9759d30fd521	44
2026-10-05 16:55:13.541	2026-10-05 18:55:13.541	GET	200	/rest/v1/coin_config	?select=value&key=eq.republish_planifiee_actif	app-android	6b2057a9-ee51-4070-8732-9759d30fd521	45
2026-10-05 16:55:13.545	2026-10-05 18:55:13.545	GET	200	/rest/v1/vinted_sync_runs	?select=finished_at&user_id=eq.6b2057a9-ee51-4070-8732-9759d30fd521&platform=eq.opla&erreur=ilike.%session+Opla+refus%HTTP+401%&finished_at=not.is.null&order=finished_at.desc&limit=1	app-android	6b2057a9-ee51-4070-8732-9759d30fd521	39
2026-10-05 16:55:13.552	2026-10-05 18:55:13.552	GET	200	/rest/v1/cross_post_jobs	?select=published_at&user_id=eq.6b2057a9-ee51-4070-8732-9759d30fd521&platform=eq.opla&status=eq.published&published_at=not.is.null&or=(handler_build.is.null,handler_build.neq.releve-annonces)&order=published_at.desc&limit=1	app-android	6b2057a9-ee51-4070-8732-9759d30fd521	42
2026-10-05 16:55:13.560	2026-10-05 18:55:13.560	GET	200	/rest/v1/cross_post_jobs	?select=id,inventaire_id,platform,status,error,created_at,published_at,platform_fields,action,listing_url,title,bulk_batch_id,voie&user_id=eq.6b2057a9-ee51-4070-8732-9759d30fd521&status=in.(pending,processing,published,failed,needs_user,deleted,cancelled,dry_run_completed)&order=created_at.desc,id.desc&offset=0&limit=1000	app-android	6b2057a9-ee51-4070-8732-9759d30fd521	38
2026-10-05 16:55:13.613	2026-10-05 18:55:13.613	GET	200	/rest/v1/vinted_sync_runs	?select=finished_at&user_id=eq.6b2057a9-ee51-4070-8732-9759d30fd521&platform=eq.opla&status=eq.done&kind=neq.connexion&finished_at=not.is.null&order=finished_at.desc&limit=1	app-android	6b2057a9-ee51-4070-8732-9759d30fd521	92
2026-10-05 16:55:13.627	2026-10-05 18:55:13.627	GET	200	/rest/v1/cross_post_jobs	?select=platform_fields&user_id=eq.6b2057a9-ee51-4070-8732-9759d30fd521&platform=eq.opla&platform_fields->>opla_acces_accorde_le=not.is.null&platform_fields->>opla_acces_accorde_par=is.null&order=created_at.desc&limit=20	app-android	6b2057a9-ee51-4070-8732-9759d30fd521	46
2026-10-05 16:55:13.633	2026-10-05 18:55:13.633	GET	200	/rest/v1/profiles	?select=extension_last_seen_at,extension_version&id=eq.6b2057a9-ee51-4070-8732-9759d30fd521	app-android	6b2057a9-ee51-4070-8732-9759d30fd521	86
2026-10-05 16:55:13.647	2026-10-05 18:55:13.647	OPTIONS	200	/rest/v1/inventaire	?select=id&user_id=eq.6b2057a9-ee51-4070-8732-9759d30fd521&statut=eq.stock&vinted_item_id=not.is.null&disparu_le=is.null&photos->0=not.is.null&or=(vinted_status.is.null,vinted_status.not.in.(hidden,draft))&listed_at_guess=lt.2026-09-05T16:55:13.794Z	app-android		0
2026-10-05 16:55:13.651	2026-10-05 18:55:13.651	HEAD	200	/rest/v1/cross_post_jobs	?select=id&user_id=eq.6b2057a9-ee51-4070-8732-9759d30fd521&action=eq.republish&status=eq.published&platform_fields->>republish_source=eq.auto&published_at=gte.2026-09-30T22:00:00.000Z	app-android	6b2057a9-ee51-4070-8732-9759d30fd521	43
2026-10-05 16:55:13.653	2026-10-05 18:55:13.653	GET	200	/rest/v1/coin_config	?select=value&key=eq.nouveau_stepper_ouvert	app-android	6b2057a9-ee51-4070-8732-9759d30fd521	42
2026-10-05 16:55:13.681	2026-10-05 18:55:13.681	HEAD	200	/rest/v1/inventaire	?select=id&user_id=eq.6b2057a9-ee51-4070-8732-9759d30fd521&statut=eq.stock&vinted_item_id=not.is.null&disparu_le=is.null&photos->0=not.is.null&or=(vinted_status.is.null,vinted_status.not.in.(hidden,draft))&listed_at_guess=lt.2026-09-05T16:55:13.794Z	app-android	6b2057a9-ee51-4070-8732-9759d30fd521	39
2026-10-05 16:55:13.717	2026-10-05 18:55:13.717	GET	200	/rest/v1/vinted_sync_runs	?select=id,status,page_suivante,total_pages,total_entries,items_vus,items_crees,items_maj,erreur,started_at,finished_at,vinted_login,vinted_user_id&user_id=eq.6b2057a9-ee51-4070-8732-9759d30fd521&kind=eq.dressing&order=started_at.desc&limit=1	app-android	6b2057a9-ee51-4070-8732-9759d30fd521	47
2026-10-05 16:55:13.736	2026-10-05 18:55:13.736	GET	200	/rest/v1/vinted_sync_runs	?select=id,finished_at,declencheur,vinted_login,items_vus&user_id=eq.6b2057a9-ee51-4070-8732-9759d30fd521&kind=eq.dressing&status=eq.done&order=finished_at.desc&limit=1	app-android	6b2057a9-ee51-4070-8732-9759d30fd521	44
2026-10-05 16:55:13.738	2026-10-05 18:55:13.738	GET	200	/rest/v1/annonces_plateforme	?select=id,platform,inventaire_id,vues,favoris,vu_le&user_id=eq.6b2057a9-ee51-4070-8732-9759d30fd521&inventaire_id=not.is.null&disparu_le=is.null&order=id.asc&limit=500	app-android	6b2057a9-ee51-4070-8732-9759d30fd521	38
2026-10-05 16:55:13.743	2026-10-05 18:55:13.743	GET	200	/rest/v1/vinted_sync_runs	?select=id,platform,status,declencheur,items_vus,items_crees,items_maj,total_entries,erreur,queued_at,started_at,finished_at&user_id=eq.6b2057a9-ee51-4070-8732-9759d30fd521&kind=eq.annonces&order=queued_at.desc.nullslast,started_at.desc.nullslast&limit=60	app-android	6b2057a9-ee51-4070-8732-9759d30fd521	42
2026-10-05 16:55:13.743	2026-10-05 18:55:13.743	GET	200	/rest/v1/annonces_plateforme	?select=id,platform,listing_id,vu_le,inventaire_id,ignoree_le,disparu_le&user_id=eq.6b2057a9-ee51-4070-8732-9759d30fd521&disparu_le=is.null&order=id.asc&limit=500	app-android	6b2057a9-ee51-4070-8732-9759d30fd521	42
2026-10-05 16:55:13.750	2026-10-05 18:55:13.750	OPTIONS	200	/rest/v1/cross_post_jobs	?select=id,platform,listing_url,platform_listing_id,created_at&user_id=eq.6b2057a9-ee51-4070-8732-9759d30fd521&action=eq.delete&platform=in.(leboncoin,beebs,ebay,opla)&status=in.(pending,processing,needs_user,deleted)&created_at=gte.2026-08-06T16:55:13.840Z&order=id.asc&limit=500	app-android		0
2026-10-05 16:55:13.755	2026-10-05 18:55:13.755	GET	200	/rest/v1/inventaire_doublons	?select=id,garde,absorbe,niveau,motif,preuves,created_at&user_id=eq.6b2057a9-ee51-4070-8732-9759d30fd521&statut=eq.proposee&order=created_at.desc&limit=200	app-android	6b2057a9-ee51-4070-8732-9759d30fd521	39
2026-10-05 16:55:13.755	2026-10-05 18:55:13.755	GET	200	/rest/v1/vinted_sync_runs	?select=id,platform,status,items_vus,erreur,queued_at,started_at,finished_at&user_id=eq.6b2057a9-ee51-4070-8732-9759d30fd521&kind=eq.dressing&status=eq.done&order=finished_at.desc.nullslast&limit=1	app-android	6b2057a9-ee51-4070-8732-9759d30fd521	35
2026-10-05 16:55:13.760	2026-10-05 18:55:13.760	GET	200	/rest/v1/profiles	?select=extension_last_seen_at,extension_version&id=eq.6b2057a9-ee51-4070-8732-9759d30fd521	app-android	6b2057a9-ee51-4070-8732-9759d30fd521	46
2026-10-05 16:55:13.764	2026-10-05 18:55:13.764	POST	200	/rest/v1/rpc/annonces_en_rangement		app-android	6b2057a9-ee51-4070-8732-9759d30fd521	40
2026-10-05 16:55:13.779	2026-10-05 18:55:13.779	GET	200	/rest/v1/coin_config	?select=value&key=eq.price_republish	app-android	6b2057a9-ee51-4070-8732-9759d30fd521	40
2026-10-05 16:55:13.785	2026-10-05 18:55:13.785	GET	200	/rest/v1/cross_post_jobs	?select=id,platform,listing_url,platform_listing_id,created_at&user_id=eq.6b2057a9-ee51-4070-8732-9759d30fd521&action=eq.delete&platform=in.(leboncoin,beebs,ebay,opla)&status=in.(pending,processing,needs_user,deleted)&created_at=gte.2026-08-06T16:55:13.840Z&order=id.asc&limit=500	app-android	6b2057a9-ee51-4070-8732-9759d30fd521	39
2026-10-05 16:55:13.811	2026-10-05 18:55:13.811	GET	200	/rest/v1/annonces_plateforme	?select=id,platform,inventaire_id,vues,favoris,vu_le&user_id=eq.6b2057a9-ee51-4070-8732-9759d30fd521&inventaire_id=not.is.null&disparu_le=is.null&order=id.asc&limit=500&id=gt.f3f1c690-5fa5-4428-b927-5792a6b568d7	app-android	6b2057a9-ee51-4070-8732-9759d30fd521	37
2026-10-05 16:55:13.819	2026-10-05 18:55:13.819	GET	200	/rest/v1/annonces_plateforme	?select=id,platform,listing_id,vu_le,inventaire_id,ignoree_le,disparu_le&user_id=eq.6b2057a9-ee51-4070-8732-9759d30fd521&disparu_le=is.null&order=id.asc&limit=500&id=gt.f3f1c690-5fa5-4428-b927-5792a6b568d7	app-android	6b2057a9-ee51-4070-8732-9759d30fd521	37
2026-10-05 16:55:13.861	2026-10-05 18:55:13.861	OPTIONS	200	/rest/v1/cross_post_jobs	?select=id,platform,listing_url,platform_listing_id,created_at&user_id=eq.6b2057a9-ee51-4070-8732-9759d30fd521&action=eq.delete&platform=in.(leboncoin,beebs,ebay,opla)&status=in.(pending,processing,needs_user,deleted)&created_at=gte.2026-08-06T16:55:13.840Z&order=id.asc&limit=500	app-android		21
2026-10-05 16:55:13.866	2026-10-05 18:55:13.866	POST	200	/rest/v1/rpc/releves_vides_signales		app-android	6b2057a9-ee51-4070-8732-9759d30fd521	72
2026-10-05 16:55:13.869	2026-10-05 18:55:13.869	GET	200	/rest/v1/annonces_plateforme	?select=id,platform,listing_id,url,titre,prix,photo_url,statut_plateforme,proposition,vu_le&user_id=eq.6b2057a9-ee51-4070-8732-9759d30fd521&inventaire_id=is.null&ignoree_le=is.null&disparu_le=is.null&order=vu_le.desc&limit=300	app-android	6b2057a9-ee51-4070-8732-9759d30fd521	62
2026-10-05 16:55:13.918	2026-10-05 18:55:13.918	GET	200	/rest/v1/cross_post_jobs	?select=id,platform,listing_url,platform_listing_id,created_at&user_id=eq.6b2057a9-ee51-4070-8732-9759d30fd521&action=eq.delete&platform=in.(leboncoin,beebs,ebay,opla)&status=in.(pending,processing,needs_user,deleted)&created_at=gte.2026-08-06T16:55:13.840Z&order=id.asc&limit=500	app-android	6b2057a9-ee51-4070-8732-9759d30fd521	37
2026-10-05 16:55:13.922	2026-10-05 18:55:13.922	GET	200	/rest/v1/annonces_plateforme	?user_id=eq.6b2057a9-ee51-4070-8732-9759d30fd521&platform=eq.beebs&listing_id=eq.34056492&select=capture	extension-pc	6b2057a9-ee51-4070-8732-9759d30fd521	57
2026-10-05 16:55:14.408	2026-10-05 18:55:14.408	GET	200	/rest/v1/coin_config	?select=value&key=eq.opla_sortie_le	serveur-fonction-edge	6b2057a9-ee51-4070-8732-9759d30fd521	33
2026-10-05 16:55:14.457	2026-10-05 18:55:14.457	GET	200	/rest/v1/cross_post_jobs	?select=id,inventaire_id&status=eq.needs_user&action=neq.delete	serveur-fonction-edge	6b2057a9-ee51-4070-8732-9759d30fd521	39
2026-10-05 16:55:14.520	2026-10-05 18:55:14.520	POST	200	/rest/v1/rpc/republish_planifiee_fenetres_courantes		serveur-fonction-edge	6b2057a9-ee51-4070-8732-9759d30fd521	40
2026-10-05 16:55:14.583	2026-10-05 18:55:14.583	GET	200	/rest/v1/coin_config	?select=key,value&key=in.(republish_plafond_jour,republish_plafond_jour_premium,republish_plafond_jour_pro,republish_plafond_jour_business,republish_pause_apres,republish_pause_duree_min)	serveur-fonction-edge	6b2057a9-ee51-4070-8732-9759d30fd521	52
2026-10-05 16:55:14.656	2026-10-05 18:55:14.656	GET	200	/rest/v1/profiles	?select=is_business,is_pro,is_premium,is_comped&id=eq.6b2057a9-ee51-4070-8732-9759d30fd521	serveur-fonction-edge	6b2057a9-ee51-4070-8732-9759d30fd521	38
2026-10-05 16:55:14.706	2026-10-05 18:55:14.706	GET	200	/rest/v1/cross_post_jobs	?select=published_at&action=eq.republish&status=eq.published&published_at=gte.2026-10-01T16:55:14.699Z&order=published_at.desc&limit=1000	serveur-fonction-edge	6b2057a9-ee51-4070-8732-9759d30fd521	37
2026-10-05 16:55:23.370	2026-10-05 18:55:23.370	POST	200	/rest/v1/rpc/quotas_etat		web-pc-chrome154	6b2057a9-ee51-4070-8732-9759d30fd521	40
2026-10-05 16:55:29.076	2026-10-05 18:55:29.076	OPTIONS	200	/rest/v1/cross_post_jobs	?select=id,platform,listing_url,platform_listing_id,created_at&user_id=eq.6b2057a9-ee51-4070-8732-9759d30fd521&action=eq.delete&platform=in.(leboncoin,beebs,ebay,opla)&status=in.(pending,processing,needs_user,deleted)&created_at=gte.2026-08-06T16:55:29.176Z&order=id.asc&limit=500	app-android		0
2026-10-05 16:55:29.076	2026-10-05 18:55:29.076	GET	200	/rest/v1/vinted_sync_runs	?select=id,platform,status,declencheur,items_vus,items_crees,items_maj,total_entries,erreur,queued_at,started_at,finished_at&user_id=eq.6b2057a9-ee51-4070-8732-9759d30fd521&kind=eq.annonces&order=queued_at.desc.nullslast,started_at.desc.nullslast&limit=60	app-android	6b2057a9-ee51-4070-8732-9759d30fd521	74
2026-10-05 16:55:29.077	2026-10-05 18:55:29.077	GET	200	/rest/v1/annonces_plateforme	?select=id,platform,listing_id,vu_le,inventaire_id,ignoree_le,disparu_le&user_id=eq.6b2057a9-ee51-4070-8732-9759d30fd521&disparu_le=is.null&order=id.asc&limit=500	app-android	6b2057a9-ee51-4070-8732-9759d30fd521	56
2026-10-05 16:55:29.079	2026-10-05 18:55:29.079	GET	200	/rest/v1/annonces_plateforme	?select=id,platform,listing_id,url,titre,prix,photo_url,statut_plateforme,proposition,vu_le&user_id=eq.6b2057a9-ee51-4070-8732-9759d30fd521&inventaire_id=is.null&ignoree_le=is.null&disparu_le=is.null&order=vu_le.desc&limit=300	app-android	6b2057a9-ee51-4070-8732-9759d30fd521	52
2026-10-05 16:55:29.081	2026-10-05 18:55:29.081	POST	200	/rest/v1/rpc/annonces_en_rangement		app-android	6b2057a9-ee51-4070-8732-9759d30fd521	65
2026-10-05 16:55:29.082	2026-10-05 18:55:29.082	POST	200	/rest/v1/rpc/releves_vides_signales		app-android	6b2057a9-ee51-4070-8732-9759d30fd521	71
2026-10-05 16:55:29.083	2026-10-05 18:55:29.083	GET	200	/rest/v1/inventaire_doublons	?select=id,garde,absorbe,niveau,motif,preuves,created_at&user_id=eq.6b2057a9-ee51-4070-8732-9759d30fd521&statut=eq.proposee&order=created_at.desc&limit=200	app-android	6b2057a9-ee51-4070-8732-9759d30fd521	63
2026-10-05 16:55:29.083	2026-10-05 18:55:29.083	OPTIONS	200	/rest/v1/cross_post_jobs	?select=id,platform,listing_url,platform_listing_id,created_at&user_id=eq.6b2057a9-ee51-4070-8732-9759d30fd521&action=eq.delete&platform=in.(leboncoin,beebs,ebay,opla)&status=in.(pending,processing,needs_user,deleted)&created_at=gte.2026-08-06T16:55:29.175Z&order=id.asc&limit=500	app-android		4
2026-10-05 16:55:29.085	2026-10-05 18:55:29.085	GET	200	/rest/v1/vinted_sync_runs	?select=id,platform,status,items_vus,erreur,queued_at,started_at,finished_at&user_id=eq.6b2057a9-ee51-4070-8732-9759d30fd521&kind=eq.dressing&status=eq.done&order=finished_at.desc.nullslast&limit=1	app-android	6b2057a9-ee51-4070-8732-9759d30fd521	62
2026-10-05 16:55:29.145	2026-10-05 18:55:29.145	GET	200	/rest/v1/cross_post_jobs	?select=id,platform,listing_url,platform_listing_id,created_at&user_id=eq.6b2057a9-ee51-4070-8732-9759d30fd521&action=eq.delete&platform=in.(leboncoin,beebs,ebay,opla)&status=in.(pending,processing,needs_user,deleted)&created_at=gte.2026-08-06T16:55:29.175Z&order=id.asc&limit=500	app-android	6b2057a9-ee51-4070-8732-9759d30fd521	39
2026-10-05 16:55:29.149	2026-10-05 18:55:29.149	GET	200	/rest/v1/cross_post_jobs	?select=id,platform,listing_url,platform_listing_id,created_at&user_id=eq.6b2057a9-ee51-4070-8732-9759d30fd521&action=eq.delete&platform=in.(leboncoin,beebs,ebay,opla)&status=in.(pending,processing,needs_user,deleted)&created_at=gte.2026-08-06T16:55:29.176Z&order=id.asc&limit=500	app-android	6b2057a9-ee51-4070-8732-9759d30fd521	46
2026-10-05 16:55:29.200	2026-10-05 18:55:29.200	GET	200	/rest/v1/annonces_plateforme	?select=id,platform,listing_id,vu_le,inventaire_id,ignoree_le,disparu_le&user_id=eq.6b2057a9-ee51-4070-8732-9759d30fd521&disparu_le=is.null&order=id.asc&limit=500&id=gt.f3f1c690-5fa5-4428-b927-5792a6b568d7	app-android	6b2057a9-ee51-4070-8732-9759d30fd521	38
2026-10-05 16:55:33.680	2026-10-05 18:55:33.680	GET	200	/rest/v1/cross_post_jobs	?select=id,inventaire_id,platform,status,error,created_at,published_at,platform_fields,action,listing_url,title,bulk_batch_id,voie&user_id=eq.6b2057a9-ee51-4070-8732-9759d30fd521&or=(status.in.(pending,processing,needs_user),created_at.gte."2026-10-05T16:53:02.488845+00:00",id.in.(c08572f6-2a16-44cf-85bb-dc816759da95))&order=created_at.desc,id.desc&limit=1000	app-android	6b2057a9-ee51-4070-8732-9759d30fd521	50
2026-10-05 16:55:35.612	2026-10-05 18:55:35.612	GET	200	/rest/v1/cross_post_jobs	?select=id,status,last_checked_at,sale_signal:platform_fields->>sale_signal,unavailable_since:platform_fields->>unavailable_since,pending_removal:platform_fields->>pending_removal,check_unresolved_since:platform_fields->>check_unresolved_since&user_id=eq.6b2057a9-ee51-4070-8732-9759d30fd521&order=created_at.desc&limit=80	web-pc-chrome154	6b2057a9-ee51-4070-8732-9759d30fd521	42
2026-10-05 16:55:43.172	2026-10-05 18:55:43.172	GET	200	/rest/v1/vinted_sync_runs	?select=finished_at&user_id=eq.6b2057a9-ee51-4070-8732-9759d30fd521&platform=eq.opla&status=eq.done&kind=neq.connexion&finished_at=not.is.null&order=finished_at.desc&limit=1	app-android	6b2057a9-ee51-4070-8732-9759d30fd521	46
2026-10-05 16:55:43.173	2026-10-05 18:55:43.173	GET	200	/rest/v1/profiles	?select=extension_postes,extension_sessions&id=eq.6b2057a9-ee51-4070-8732-9759d30fd521	app-android	6b2057a9-ee51-4070-8732-9759d30fd521	93
2026-10-05 16:55:43.175	2026-10-05 18:55:43.175	GET	200	/rest/v1/vinted_sync_runs	?select=finished_at&user_id=eq.6b2057a9-ee51-4070-8732-9759d30fd521&platform=eq.opla&erreur=ilike.%accès+Opla+non+accordé%&finished_at=not.is.null&order=finished_at.desc&limit=1	app-android	6b2057a9-ee51-4070-8732-9759d30fd521	66
2026-10-05 16:55:43.181	2026-10-05 18:55:43.181	GET	200	/rest/v1/cross_post_jobs	?select=published_at&user_id=eq.6b2057a9-ee51-4070-8732-9759d30fd521&platform=eq.opla&status=eq.published&published_at=not.is.null&or=(handler_build.is.null,handler_build.neq.releve-annonces)&order=published_at.desc&limit=1	app-android	6b2057a9-ee51-4070-8732-9759d30fd521	49
2026-10-05 16:55:43.181	2026-10-05 18:55:43.181	GET	200	/rest/v1/vinted_sync_runs	?select=finished_at&user_id=eq.6b2057a9-ee51-4070-8732-9759d30fd521&platform=eq.opla&erreur=ilike.%session+Opla+refus%HTTP+401%&finished_at=not.is.null&order=finished_at.desc&limit=1	app-android	6b2057a9-ee51-4070-8732-9759d30fd521	88
2026-10-05 16:55:43.182	2026-10-05 18:55:43.182	GET	200	/rest/v1/cross_post_jobs	?select=created_at,platform_fields&user_id=eq.6b2057a9-ee51-4070-8732-9759d30fd521&platform=eq.opla&status=eq.needs_user&platform_fields->>needs_user_source=eq.opla_acces&limit=50	app-android	6b2057a9-ee51-4070-8732-9759d30fd521	52
2026-10-05 16:55:43.184	2026-10-05 18:55:43.184	GET	200	/rest/v1/cross_post_jobs	?select=platform_fields&user_id=eq.6b2057a9-ee51-4070-8732-9759d30fd521&platform=eq.opla&platform_fields->>opla_acces_accorde_le=not.is.null&platform_fields->>opla_acces_accorde_par=is.null&order=created_at.desc&limit=20	app-android	6b2057a9-ee51-4070-8732-9759d30fd521	49
2026-10-05 16:55:44.295	2026-10-05 18:55:44.295	GET	200	/rest/v1/vinted_sync_runs	?select=id,platform,status,declencheur,items_vus,items_crees,items_maj,total_entries,erreur,queued_at,started_at,finished_at&user_id=eq.6b2057a9-ee51-4070-8732-9759d30fd521&kind=eq.annonces&order=queued_at.desc.nullslast,started_at.desc.nullslast&limit=60	app-android	6b2057a9-ee51-4070-8732-9759d30fd521	42
2026-10-05 16:55:44.305	2026-10-05 18:55:44.305	GET	200	/rest/v1/annonces_plateforme	?select=id,platform,listing_id,vu_le,inventaire_id,ignoree_le,disparu_le&user_id=eq.6b2057a9-ee51-4070-8732-9759d30fd521&disparu_le=is.null&order=id.asc&limit=500	app-android	6b2057a9-ee51-4070-8732-9759d30fd521	37
2026-10-05 16:55:44.309	2026-10-05 18:55:44.309	OPTIONS	200	/rest/v1/cross_post_jobs	?select=id,platform,listing_url,platform_listing_id,created_at&user_id=eq.6b2057a9-ee51-4070-8732-9759d30fd521&action=eq.delete&platform=in.(leboncoin,beebs,ebay,opla)&status=in.(pending,processing,needs_user,deleted)&created_at=gte.2026-08-06T16:55:44.461Z&order=id.asc&limit=500	app-android		0
2026-10-05 16:55:44.312	2026-10-05 18:55:44.312	GET	200	/rest/v1/annonces_plateforme	?select=id,platform,listing_id,url,titre,prix,photo_url,statut_plateforme,proposition,vu_le&user_id=eq.6b2057a9-ee51-4070-8732-9759d30fd521&inventaire_id=is.null&ignoree_le=is.null&disparu_le=is.null&order=vu_le.desc&limit=300	app-android	6b2057a9-ee51-4070-8732-9759d30fd521	43
2026-10-05 16:55:44.315	2026-10-05 18:55:44.315	GET	200	/rest/v1/vinted_sync_runs	?select=id,platform,status,items_vus,erreur,queued_at,started_at,finished_at&user_id=eq.6b2057a9-ee51-4070-8732-9759d30fd521&kind=eq.dressing&status=eq.done&order=finished_at.desc.nullslast&limit=1	app-android	6b2057a9-ee51-4070-8732-9759d30fd521	42
2026-10-05 16:55:44.318	2026-10-05 18:55:44.318	OPTIONS	200	/rest/v1/cross_post_jobs	?select=id,platform,listing_url,platform_listing_id,created_at&user_id=eq.6b2057a9-ee51-4070-8732-9759d30fd521&action=eq.delete&platform=in.(leboncoin,beebs,ebay,opla)&status=in.(pending,processing,needs_user,deleted)&created_at=gte.2026-08-06T16:55:44.461Z&order=id.asc&limit=500	app-android		0
2026-10-05 16:55:44.321	2026-10-05 18:55:44.321	GET	200	/rest/v1/inventaire_doublons	?select=id,garde,absorbe,niveau,motif,preuves,created_at&user_id=eq.6b2057a9-ee51-4070-8732-9759d30fd521&statut=eq.proposee&order=created_at.desc&limit=200	app-android	6b2057a9-ee51-4070-8732-9759d30fd521	42
2026-10-05 16:55:44.326	2026-10-05 18:55:44.326	POST	200	/rest/v1/rpc/annonces_en_rangement		app-android	6b2057a9-ee51-4070-8732-9759d30fd521	42
2026-10-05 16:55:44.329	2026-10-05 18:55:44.329	POST	200	/rest/v1/rpc/releves_vides_signales		app-android	6b2057a9-ee51-4070-8732-9759d30fd521	41
2026-10-05 16:55:44.338	2026-10-05 18:55:44.338	GET	200	/rest/v1/cross_post_jobs	?select=id,platform,listing_url,platform_listing_id,created_at&user_id=eq.6b2057a9-ee51-4070-8732-9759d30fd521&action=eq.delete&platform=in.(leboncoin,beebs,ebay,opla)&status=in.(pending,processing,needs_user,deleted)&created_at=gte.2026-08-06T16:55:44.461Z&order=id.asc&limit=500	app-android	6b2057a9-ee51-4070-8732-9759d30fd521	40
2026-10-05 16:55:44.378	2026-10-05 18:55:44.378	GET	200	/rest/v1/annonces_plateforme	?select=id,platform,listing_id,vu_le,inventaire_id,ignoree_le,disparu_le&user_id=eq.6b2057a9-ee51-4070-8732-9759d30fd521&disparu_le=is.null&order=id.asc&limit=500&id=gt.f3f1c690-5fa5-4428-b927-5792a6b568d7	app-android	6b2057a9-ee51-4070-8732-9759d30fd521	37
2026-10-05 16:55:44.411	2026-10-05 18:55:44.411	GET	200	/rest/v1/cross_post_jobs	?select=id,platform,listing_url,platform_listing_id,created_at&user_id=eq.6b2057a9-ee51-4070-8732-9759d30fd521&action=eq.delete&platform=in.(leboncoin,beebs,ebay,opla)&status=in.(pending,processing,needs_user,deleted)&created_at=gte.2026-08-06T16:55:44.461Z&order=id.asc&limit=500	app-android	6b2057a9-ee51-4070-8732-9759d30fd521	39
2026-10-05 16:55:52.578	2026-10-05 18:55:52.578	GET	200	/rest/v1/cross_post_jobs	?select=id,status,last_checked_at,sale_signal:platform_fields->>sale_signal,unavailable_since:platform_fields->>unavailable_since,pending_removal:platform_fields->>pending_removal,check_unresolved_since:platform_fields->>check_unresolved_since&user_id=eq.6b2057a9-ee51-4070-8732-9759d30fd521&order=created_at.desc&limit=80	app-android	6b2057a9-ee51-4070-8732-9759d30fd521	45
2026-10-05 16:55:53.938	2026-10-05 18:55:53.938	GET	200	/rest/v1/cross_post_jobs	?select=id,inventaire_id,platform,status,error,created_at,published_at,platform_fields,action,listing_url,title,bulk_batch_id,voie&user_id=eq.6b2057a9-ee51-4070-8732-9759d30fd521&or=(status.in.(pending,processing,needs_user),created_at.gte."2026-10-05T16:53:02.488845+00:00",id.in.(c08572f6-2a16-44cf-85bb-dc816759da95))&order=created_at.desc,id.desc&limit=1000	app-android	6b2057a9-ee51-4070-8732-9759d30fd521	43
2026-10-05 16:55:59.614	2026-10-05 18:55:59.614	GET	200	/rest/v1/vinted_sync_runs	?select=id,platform,status,declencheur,items_vus,items_crees,items_maj,total_entries,erreur,queued_at,started_at,finished_at&user_id=eq.6b2057a9-ee51-4070-8732-9759d30fd521&kind=eq.annonces&order=queued_at.desc.nullslast,started_at.desc.nullslast&limit=60	app-android	6b2057a9-ee51-4070-8732-9759d30fd521	62
2026-10-05 16:55:59.614	2026-10-05 18:55:59.614	OPTIONS	200	/rest/v1/cross_post_jobs	?select=id,platform,listing_url,platform_listing_id,created_at&user_id=eq.6b2057a9-ee51-4070-8732-9759d30fd521&action=eq.delete&platform=in.(leboncoin,beebs,ebay,opla)&status=in.(pending,processing,needs_user,deleted)&created_at=gte.2026-08-06T16:55:59.695Z&order=id.asc&limit=500	app-android		12
2026-10-05 16:55:59.616	2026-10-05 18:55:59.616	GET	200	/rest/v1/annonces_plateforme	?select=id,platform,listing_id,vu_le,inventaire_id,ignoree_le,disparu_le&user_id=eq.6b2057a9-ee51-4070-8732-9759d30fd521&disparu_le=is.null&order=id.asc&limit=500	app-android	6b2057a9-ee51-4070-8732-9759d30fd521	67
2026-10-05 16:55:59.617	2026-10-05 18:55:59.617	GET	200	/rest/v1/annonces_plateforme	?select=id,platform,listing_id,url,titre,prix,photo_url,statut_plateforme,proposition,vu_le&user_id=eq.6b2057a9-ee51-4070-8732-9759d30fd521&inventaire_id=is.null&ignoree_le=is.null&disparu_le=is.null&order=vu_le.desc&limit=300	app-android	6b2057a9-ee51-4070-8732-9759d30fd521	57
2026-10-05 16:55:59.618	2026-10-05 18:55:59.618	OPTIONS	200	/rest/v1/cross_post_jobs	?select=id,platform,listing_url,platform_listing_id,created_at&user_id=eq.6b2057a9-ee51-4070-8732-9759d30fd521&action=eq.delete&platform=in.(leboncoin,beebs,ebay,opla)&status=in.(pending,processing,needs_user,deleted)&created_at=gte.2026-08-06T16:55:59.696Z&order=id.asc&limit=500	app-android		18
2026-10-05 16:55:59.619	2026-10-05 18:55:59.619	GET	200	/rest/v1/inventaire_doublons	?select=id,garde,absorbe,niveau,motif,preuves,created_at&user_id=eq.6b2057a9-ee51-4070-8732-9759d30fd521&statut=eq.proposee&order=created_at.desc&limit=200	app-android	6b2057a9-ee51-4070-8732-9759d30fd521	57
2026-10-05 16:55:59.619	2026-10-05 18:55:59.619	GET	200	/rest/v1/vinted_sync_runs	?select=id,platform,status,items_vus,erreur,queued_at,started_at,finished_at&user_id=eq.6b2057a9-ee51-4070-8732-9759d30fd521&kind=eq.dressing&status=eq.done&order=finished_at.desc.nullslast&limit=1	app-android	6b2057a9-ee51-4070-8732-9759d30fd521	66
2026-10-05 16:55:59.621	2026-10-05 18:55:59.621	POST	200	/rest/v1/rpc/annonces_en_rangement		app-android	6b2057a9-ee51-4070-8732-9759d30fd521	68
2026-10-05 16:55:59.624	2026-10-05 18:55:59.624	POST	200	/rest/v1/rpc/releves_vides_signales		app-android	6b2057a9-ee51-4070-8732-9759d30fd521	55
2026-10-05 16:55:59.705	2026-10-05 18:55:59.705	GET	200	/rest/v1/cross_post_jobs	?select=id,platform,listing_url,platform_listing_id,created_at&user_id=eq.6b2057a9-ee51-4070-8732-9759d30fd521&action=eq.delete&platform=in.(leboncoin,beebs,ebay,opla)&status=in.(pending,processing,needs_user,deleted)&created_at=gte.2026-08-06T16:55:59.695Z&order=id.asc&limit=500	app-android	6b2057a9-ee51-4070-8732-9759d30fd521	41
2026-10-05 16:55:59.706	2026-10-05 18:55:59.706	GET	200	/rest/v1/cross_post_jobs	?select=id,platform,listing_url,platform_listing_id,created_at&user_id=eq.6b2057a9-ee51-4070-8732-9759d30fd521&action=eq.delete&platform=in.(leboncoin,beebs,ebay,opla)&status=in.(pending,processing,needs_user,deleted)&created_at=gte.2026-08-06T16:55:59.696Z&order=id.asc&limit=500	app-android	6b2057a9-ee51-4070-8732-9759d30fd521	40
2026-10-05 16:55:59.750	2026-10-05 18:55:59.750	GET	200	/rest/v1/annonces_plateforme	?select=id,platform,listing_id,vu_le,inventaire_id,ignoree_le,disparu_le&user_id=eq.6b2057a9-ee51-4070-8732-9759d30fd521&disparu_le=is.null&order=id.asc&limit=500&id=gt.f3f1c690-5fa5-4428-b927-5792a6b568d7	app-android	6b2057a9-ee51-4070-8732-9759d30fd521	44
2026-10-05 16:55:59.828	2026-10-05 18:55:59.828	GET	200	/rest/v1/annonces_plateforme	?user_id=eq.6b2057a9-ee51-4070-8732-9759d30fd521&platform=eq.beebs&listing_id=eq.34056492&select=capture	extension-pc	6b2057a9-ee51-4070-8732-9759d30fd521	39
2026-10-05 16:56:00.628	2026-10-05 18:56:00.628	GET	200	/rest/v1/profiles	?select=extension_last_seen_at,extension_version&id=eq.6b2057a9-ee51-4070-8732-9759d30fd521	app-android	6b2057a9-ee51-4070-8732-9759d30fd521	41
2026-10-05 16:56:00.770	2026-10-05 18:56:00.770	OPTIONS	200	/rest/v1/vinted_sync_runs	?select=id,status,queued_at&user_id=eq.6b2057a9-ee51-4070-8732-9759d30fd521&kind=eq.connexion&platform=eq.opla&status=eq.queued&queued_at=gte.2026-10-05T16:46:00.936Z&order=queued_at.desc&limit=1	app-android		0
2026-10-05 16:56:00.826	2026-10-05 18:56:00.826	GET	200	/rest/v1/vinted_sync_runs	?select=id,status,queued_at&user_id=eq.6b2057a9-ee51-4070-8732-9759d30fd521&kind=eq.connexion&platform=eq.opla&status=eq.queued&queued_at=gte.2026-10-05T16:46:00.936Z&order=queued_at.desc&limit=1	app-android	6b2057a9-ee51-4070-8732-9759d30fd521	44
2026-10-05 16:56:05.258	2026-10-05 18:56:05.258	GET	200	/rest/v1/coin_config	?select=value&key=eq.price_republish	web-pc-chrome154	6b2057a9-ee51-4070-8732-9759d30fd521	71
2026-10-05 16:56:05.259	2026-10-05 18:56:05.259	GET	200	/rest/v1/coin_config	?select=value&key=eq.republication_multi_ouverte	web-pc-chrome154	6b2057a9-ee51-4070-8732-9759d30fd521	64
2026-10-05 16:56:05.261	2026-10-05 18:56:05.261	GET	200	/rest/v1/cross_post_jobs	?select=id,status,last_checked_at,sale_signal:platform_fields->>sale_signal,unavailable_since:platform_fields->>unavailable_since,pending_removal:platform_fields->>pending_removal,check_unresolved_since:platform_fields->>check_unresolved_since&user_id=eq.6b2057a9-ee51-4070-8732-9759d30fd521&order=created_at.desc&limit=80	web-pc-chrome154	6b2057a9-ee51-4070-8732-9759d30fd521	65
2026-10-05 16:56:05.262	2026-10-05 18:56:05.262	GET	200	/rest/v1/coin_config	?select=value&key=eq.republish_maintenance	web-pc-chrome154	6b2057a9-ee51-4070-8732-9759d30fd521	81
2026-10-05 16:56:05.262	2026-10-05 18:56:05.262	GET	200	/rest/v1/profiles	?select=extension_last_seen_at,extension_version&id=eq.6b2057a9-ee51-4070-8732-9759d30fd521	web-pc-chrome154	6b2057a9-ee51-4070-8732-9759d30fd521	61
2026-10-05 16:56:05.263	2026-10-05 18:56:05.263	GET	200	/rest/v1/vinted_sync_runs	?select=id,finished_at,declencheur,vinted_login,items_vus&user_id=eq.6b2057a9-ee51-4070-8732-9759d30fd521&kind=eq.dressing&status=eq.done&order=finished_at.desc&limit=1	web-pc-chrome154	6b2057a9-ee51-4070-8732-9759d30fd521	73
2026-10-05 16:56:05.264	2026-10-05 18:56:05.264	GET	200	/rest/v1/vinted_sync_runs	?select=id,status,page_suivante,total_pages,total_entries,items_vus,items_crees,items_maj,erreur,started_at,finished_at,vinted_login,vinted_user_id&user_id=eq.6b2057a9-ee51-4070-8732-9759d30fd521&kind=eq.dressing&order=started_at.desc&limit=1	web-pc-chrome154	6b2057a9-ee51-4070-8732-9759d30fd521	73
2026-10-05 16:56:05.265	2026-10-05 18:56:05.265	GET	200	/rest/v1/fiches_annonce	?select=inventaire_id,fiche,updated_at&user_id=eq.6b2057a9-ee51-4070-8732-9759d30fd521&brouillon=eq.true&order=updated_at.desc&limit=200	web-pc-chrome154	6b2057a9-ee51-4070-8732-9759d30fd521	77
2026-10-05 16:56:05.266	2026-10-05 18:56:05.266	GET	200	/rest/v1/inventaire_doublons	?select=id,garde,absorbe,niveau,motif,preuves,created_at&user_id=eq.6b2057a9-ee51-4070-8732-9759d30fd521&statut=eq.proposee&order=created_at.desc&limit=200	web-pc-chrome154	6b2057a9-ee51-4070-8732-9759d30fd521	61
2026-10-05 16:56:05.266	2026-10-05 18:56:05.266	GET	200	/rest/v1/profiles	?select=beta_flags&id=eq.6b2057a9-ee51-4070-8732-9759d30fd521	web-pc-chrome154	6b2057a9-ee51-4070-8732-9759d30fd521	73
2026-10-05 16:56:05.267	2026-10-05 18:56:05.267	GET	200	/rest/v1/coin_config	?select=value&key=eq.sync_multi_ouverte	web-pc-chrome154	6b2057a9-ee51-4070-8732-9759d30fd521	74
2026-10-05 16:56:05.268	2026-10-05 18:56:05.268	GET	200	/rest/v1/platform_health	?select=platform,message_fr,message_en&paused=eq.true	web-pc-chrome154	6b2057a9-ee51-4070-8732-9759d30fd521	70
2026-10-05 16:56:13.466	2026-10-05 18:56:13.466	GET	200	/rest/v1/platform_health	?select=platform,message_fr,message_en&paused=eq.true	app-android	6b2057a9-ee51-4070-8732-9759d30fd521	51
2026-10-05 16:56:14.039	2026-10-05 18:56:14.039	PATCH	200	/rest/v1/annonces_plateforme	?user_id=eq.6b2057a9-ee51-4070-8732-9759d30fd521&platform=eq.beebs&listing_id=eq.34056492&select=inventaire_id	extension-pc	6b2057a9-ee51-4070-8732-9759d30fd521	61
2026-10-05 16:56:14.052	2026-10-05 18:56:14.052	GET	200	/rest/v1/cross_post_jobs	?select=id,inventaire_id,platform,status,error,created_at,published_at,platform_fields,action,listing_url,title,bulk_batch_id,voie&user_id=eq.6b2057a9-ee51-4070-8732-9759d30fd521&or=(status.in.(pending,processing,needs_user),created_at.gte."2026-10-05T16:53:02.488845+00:00",id.in.(c08572f6-2a16-44cf-85bb-dc816759da95))&order=created_at.desc,id.desc&limit=1000	app-android	6b2057a9-ee51-4070-8732-9759d30fd521	40
2026-10-05 16:56:14.856	2026-10-05 18:56:14.856	GET	200	/rest/v1/annonces_plateforme	?select=id,platform,listing_id,vu_le,inventaire_id,ignoree_le,disparu_le&user_id=eq.6b2057a9-ee51-4070-8732-9759d30fd521&disparu_le=is.null&order=id.asc&limit=500	app-android	6b2057a9-ee51-4070-8732-9759d30fd521	45
2026-10-05 16:56:14.862	2026-10-05 18:56:14.862	OPTIONS	200	/rest/v1/cross_post_jobs	?select=id,platform,listing_url,platform_listing_id,created_at&user_id=eq.6b2057a9-ee51-4070-8732-9759d30fd521&action=eq.delete&platform=in.(leboncoin,beebs,ebay,opla)&status=in.(pending,processing,needs_user,deleted)&created_at=gte.2026-08-06T16:56:15.012Z&order=id.asc&limit=500	app-android		0
2026-10-05 16:56:14.870	2026-10-05 18:56:14.870	GET	200	/rest/v1/vinted_sync_runs	?select=id,platform,status,declencheur,items_vus,items_crees,items_maj,total_entries,erreur,queued_at,started_at,finished_at&user_id=eq.6b2057a9-ee51-4070-8732-9759d30fd521&kind=eq.annonces&order=queued_at.desc.nullslast,started_at.desc.nullslast&limit=60	app-android	6b2057a9-ee51-4070-8732-9759d30fd521	38
2026-10-05 16:56:14.874	2026-10-05 18:56:14.874	OPTIONS	200	/rest/v1/cross_post_jobs	?select=id,platform,listing_url,platform_listing_id,created_at&user_id=eq.6b2057a9-ee51-4070-8732-9759d30fd521&action=eq.delete&platform=in.(leboncoin,beebs,ebay,opla)&status=in.(pending,processing,needs_user,deleted)&created_at=gte.2026-08-06T16:56:15.013Z&order=id.asc&limit=500	app-android		0
2026-10-05 16:56:14.879	2026-10-05 18:56:14.879	GET	200	/rest/v1/annonces_plateforme	?select=id,platform,listing_id,url,titre,prix,photo_url,statut_plateforme,proposition,vu_le&user_id=eq.6b2057a9-ee51-4070-8732-9759d30fd521&inventaire_id=is.null&ignoree_le=is.null&disparu_le=is.null&order=vu_le.desc&limit=300	app-android	6b2057a9-ee51-4070-8732-9759d30fd521	36
2026-10-05 16:56:14.882	2026-10-05 18:56:14.882	POST	200	/rest/v1/rpc/releves_vides_signales		app-android	6b2057a9-ee51-4070-8732-9759d30fd521	37
2026-10-05 16:56:14.885	2026-10-05 18:56:14.885	GET	200	/rest/v1/vinted_sync_runs	?select=id,platform,status,items_vus,erreur,queued_at,started_at,finished_at&user_id=eq.6b2057a9-ee51-4070-8732-9759d30fd521&kind=eq.dressing&status=eq.done&order=finished_at.desc.nullslast&limit=1	app-android	6b2057a9-ee51-4070-8732-9759d30fd521	37
2026-10-05 16:56:14.888	2026-10-05 18:56:14.888	GET	200	/rest/v1/inventaire_doublons	?select=id,garde,absorbe,niveau,motif,preuves,created_at&user_id=eq.6b2057a9-ee51-4070-8732-9759d30fd521&statut=eq.proposee&order=created_at.desc&limit=200	app-android	6b2057a9-ee51-4070-8732-9759d30fd521	36
2026-10-05 16:56:14.892	2026-10-05 18:56:14.892	POST	200	/rest/v1/rpc/annonces_en_rangement		app-android	6b2057a9-ee51-4070-8732-9759d30fd521	38
2026-10-05 16:56:14.900	2026-10-05 18:56:14.900	GET	200	/rest/v1/cross_post_jobs	?select=id,platform,listing_url,platform_listing_id,created_at&user_id=eq.6b2057a9-ee51-4070-8732-9759d30fd521&action=eq.delete&platform=in.(leboncoin,beebs,ebay,opla)&status=in.(pending,processing,needs_user,deleted)&created_at=gte.2026-08-06T16:56:15.012Z&order=id.asc&limit=500	app-android	6b2057a9-ee51-4070-8732-9759d30fd521	36
2026-10-05 16:56:14.907	2026-10-05 18:56:14.907	GET	200	/rest/v1/cross_post_jobs	?select=id,platform,listing_url,platform_listing_id,created_at&user_id=eq.6b2057a9-ee51-4070-8732-9759d30fd521&action=eq.delete&platform=in.(leboncoin,beebs,ebay,opla)&status=in.(pending,processing,needs_user,deleted)&created_at=gte.2026-08-06T16:56:15.013Z&order=id.asc&limit=500	app-android	6b2057a9-ee51-4070-8732-9759d30fd521	42
2026-10-05 16:56:14.947	2026-10-05 18:56:14.947	GET	200	/rest/v1/annonces_plateforme	?select=id,platform,listing_id,vu_le,inventaire_id,ignoree_le,disparu_le&user_id=eq.6b2057a9-ee51-4070-8732-9759d30fd521&disparu_le=is.null&order=id.asc&limit=500&id=gt.f3f1c690-5fa5-4428-b927-5792a6b568d7	app-android	6b2057a9-ee51-4070-8732-9759d30fd521	40
2026-10-05 16:56:28.369	2026-10-05 18:56:28.369	POST	200	/rest/v1/rpc/rapprocher_releve		extension-pc	6b2057a9-ee51-4070-8732-9759d30fd521	99
2026-10-05 16:56:29.239	2026-10-05 18:56:29.239	GET	200	/rest/v1/profiles	?select=extension_postes,extension_sessions&id=eq.6b2057a9-ee51-4070-8732-9759d30fd521	web-pc-chrome154	6b2057a9-ee51-4070-8732-9759d30fd521	60
2026-10-05 16:56:29.240	2026-10-05 18:56:29.240	GET	200	/rest/v1/coin_config	?select=value&key=eq.republish_planifiee_actif	web-pc-chrome154	6b2057a9-ee51-4070-8732-9759d30fd521	46
2026-10-05 16:56:29.240	2026-10-05 18:56:29.240	GET	200	/rest/v1/profiles	?select=extension_session_rejetee_at&id=eq.6b2057a9-ee51-4070-8732-9759d30fd521	web-pc-chrome154	6b2057a9-ee51-4070-8732-9759d30fd521	71
2026-10-05 16:56:29.241	2026-10-05 18:56:29.241	GET	200	/rest/v1/vinted_sync_runs	?select=finished_at&user_id=eq.6b2057a9-ee51-4070-8732-9759d30fd521&platform=eq.opla&erreur=ilike.%accès+Opla+non+accordé%&finished_at=not.is.null&order=finished_at.desc&limit=1	web-pc-chrome154	6b2057a9-ee51-4070-8732-9759d30fd521	126
2026-10-05 16:56:29.242	2026-10-05 18:56:29.242	GET	200	/rest/v1/vinted_sync_runs	?select=finished_at&user_id=eq.6b2057a9-ee51-4070-8732-9759d30fd521&platform=eq.opla&erreur=ilike.%session+Opla+refus%HTTP+401%&finished_at=not.is.null&order=finished_at.desc&limit=1	web-pc-chrome154	6b2057a9-ee51-4070-8732-9759d30fd521	54
2026-10-05 16:56:29.243	2026-10-05 18:56:29.243	GET	200	/rest/v1/cross_post_jobs	?select=created_at,platform_fields&user_id=eq.6b2057a9-ee51-4070-8732-9759d30fd521&platform=eq.opla&status=eq.needs_user&platform_fields->>needs_user_source=eq.opla_acces&limit=50	web-pc-chrome154	6b2057a9-ee51-4070-8732-9759d30fd521	69
2026-10-05 16:56:29.243	2026-10-05 18:56:29.243	GET	200	/rest/v1/vinted_sync_runs	?select=finished_at&user_id=eq.6b2057a9-ee51-4070-8732-9759d30fd521&platform=eq.opla&status=eq.done&kind=neq.connexion&finished_at=not.is.null&order=finished_at.desc&limit=1	web-pc-chrome154	6b2057a9-ee51-4070-8732-9759d30fd521	53
2026-10-05 16:56:29.245	2026-10-05 18:56:29.245	GET	200	/rest/v1/cross_post_jobs	?select=id,inventaire_id,platform,status,error,created_at,published_at,platform_fields,action,listing_url,title,bulk_batch_id,voie&user_id=eq.6b2057a9-ee51-4070-8732-9759d30fd521&status=in.(pending,processing,published,failed,needs_user,deleted,cancelled,dry_run_completed)&order=created_at.desc,id.desc&offset=0&limit=1000	web-pc-chrome154	6b2057a9-ee51-4070-8732-9759d30fd521	49
2026-10-05 16:56:29.248	2026-10-05 18:56:29.248	POST	200	/rest/v1/rpc/quotas_etat		web-pc-chrome154	6b2057a9-ee51-4070-8732-9759d30fd521	45
2026-10-05 16:56:29.249	2026-10-05 18:56:29.249	GET	200	/rest/v1/cross_post_jobs	?select=platform_fields&user_id=eq.6b2057a9-ee51-4070-8732-9759d30fd521&platform=eq.opla&platform_fields->>opla_acces_accorde_le=not.is.null&platform_fields->>opla_acces_accorde_par=is.null&order=created_at.desc&limit=20	web-pc-chrome154	6b2057a9-ee51-4070-8732-9759d30fd521	53
2026-10-05 16:56:29.250	2026-10-05 18:56:29.250	GET	200	/rest/v1/profiles	?select=extension_sessions&id=eq.6b2057a9-ee51-4070-8732-9759d30fd521	web-pc-chrome154	6b2057a9-ee51-4070-8732-9759d30fd521	41
2026-10-05 16:56:29.250	2026-10-05 18:56:29.250	POST	200	/rest/v1/rpc/plateformes_verite		web-pc-chrome154	6b2057a9-ee51-4070-8732-9759d30fd521	57
2026-10-05 16:56:29.251	2026-10-05 18:56:29.251	GET	200	/rest/v1/cross_post_jobs	?select=published_at&user_id=eq.6b2057a9-ee51-4070-8732-9759d30fd521&platform=eq.opla&status=eq.published&published_at=not.is.null&or=(handler_build.is.null,handler_build.neq.releve-annonces)&order=published_at.desc&limit=1	web-pc-chrome154	6b2057a9-ee51-4070-8732-9759d30fd521	57
2026-10-05 16:56:29.252	2026-10-05 18:56:29.252	GET	200	/rest/v1/profiles	?select=extension_last_seen_at,extension_version&id=eq.6b2057a9-ee51-4070-8732-9759d30fd521	web-pc-chrome154	6b2057a9-ee51-4070-8732-9759d30fd521	43
2026-10-05 16:56:29.252	2026-10-05 18:56:29.252	GET	200	/rest/v1/coin_config	?select=value&key=eq.nouveau_stepper_ouvert	web-pc-chrome154	6b2057a9-ee51-4070-8732-9759d30fd521	44
2026-10-05 16:56:29.256	2026-10-05 18:56:29.256	GET	200	/rest/v1/cross_post_jobs	?select=id,status,last_checked_at,sale_signal:platform_fields->>sale_signal,unavailable_since:platform_fields->>unavailable_since,pending_removal:platform_fields->>pending_removal,check_unresolved_since:platform_fields->>check_unresolved_since&user_id=eq.6b2057a9-ee51-4070-8732-9759d30fd521&order=created_at.desc&limit=80	web-pc-chrome154	6b2057a9-ee51-4070-8732-9759d30fd521	54
2026-10-05 16:56:29.257	2026-10-05 18:56:29.257	GET	200	/rest/v1/coin_wallets	?select=next_grant_at&user_id=eq.6b2057a9-ee51-4070-8732-9759d30fd521	web-pc-chrome154	6b2057a9-ee51-4070-8732-9759d30fd521	53
2026-10-05 16:56:29.258	2026-10-05 18:56:29.258	POST	200	/rest/v1/rpc/republish_planifiee_etat_multi		web-pc-chrome154	6b2057a9-ee51-4070-8732-9759d30fd521	112
2026-10-05 16:56:29.259	2026-10-05 18:56:29.259	OPTIONS	200	/rest/v1/cross_post_jobs	?select=platform,created_at&user_id=eq.6b2057a9-ee51-4070-8732-9759d30fd521&status=eq.published&created_at=gte.2026-10-02T16:56:12.572Z&order=created_at.desc&limit=50	web-pc-chrome154		0
2026-10-05 16:56:29.449	2026-10-05 18:56:29.449	GET	200	/auth/v1/user		serveur-fonction-edge	6b2057a9-ee51-4070-8732-9759d30fd521	42
2026-10-05 16:56:29.519	2026-10-05 18:56:29.519	GET	200	/rest/v1/coin_config	?select=value&key=eq.opla_sortie_le	serveur-fonction-edge	6b2057a9-ee51-4070-8732-9759d30fd521	40
2026-10-05 16:56:29.577	2026-10-05 18:56:29.577	GET	200	/rest/v1/cross_post_jobs	?select=id,inventaire_id&status=eq.needs_user&action=neq.delete	serveur-fonction-edge	6b2057a9-ee51-4070-8732-9759d30fd521	46
2026-10-05 16:56:29.694	2026-10-05 18:56:29.694	GET	200	/rest/v1/coin_config	?select=key,value&key=in.(republish_plafond_jour,republish_plafond_jour_premium,republish_plafond_jour_pro,republish_plafond_jour_business,republish_pause_apres,republish_pause_duree_min)	serveur-fonction-edge	6b2057a9-ee51-4070-8732-9759d30fd521	32
2026-10-05 16:56:29.782	2026-10-05 18:56:29.782	GET	200	/rest/v1/cross_post_jobs	?select=published_at&action=eq.republish&status=eq.published&published_at=gte.2026-10-01T16:56:29.776Z&order=published_at.desc&limit=1000	serveur-fonction-edge	6b2057a9-ee51-4070-8732-9759d30fd521	34
2026-10-05 16:56:29.875	2026-10-05 18:56:29.875	GET	200	/rest/v1/coin_config	?select=value&key=eq.republication_multi_ouverte	web-pc-chrome154	6b2057a9-ee51-4070-8732-9759d30fd521	35
2026-10-05 16:56:29.876	2026-10-05 18:56:29.876	GET	200	/rest/v1/vinted_sync_runs	?select=id,status,page_suivante,total_pages,total_entries,items_vus,items_crees,items_maj,erreur,started_at,finished_at,vinted_login,vinted_user_id&user_id=eq.6b2057a9-ee51-4070-8732-9759d30fd521&kind=eq.dressing&order=started_at.desc&limit=1	web-pc-chrome154	6b2057a9-ee51-4070-8732-9759d30fd521	36
2026-10-05 16:56:29.877	2026-10-05 18:56:29.877	GET	200	/rest/v1/vinted_sync_runs	?select=id,finished_at,declencheur,vinted_login,items_vus&user_id=eq.6b2057a9-ee51-4070-8732-9759d30fd521&kind=eq.dressing&status=eq.done&order=finished_at.desc&limit=1	web-pc-chrome154	6b2057a9-ee51-4070-8732-9759d30fd521	40
2026-10-05 16:56:29.878	2026-10-05 18:56:29.878	GET	200	/rest/v1/coin_config	?select=value&key=eq.price_republish	web-pc-chrome154	6b2057a9-ee51-4070-8732-9759d30fd521	33
2026-10-05 16:56:29.879	2026-10-05 18:56:29.879	GET	200	/rest/v1/profiles	?select=beta_flags&id=eq.6b2057a9-ee51-4070-8732-9759d30fd521	web-pc-chrome154	6b2057a9-ee51-4070-8732-9759d30fd521	37
2026-10-05 16:56:29.880	2026-10-05 18:56:29.880	GET	200	/rest/v1/profiles	?select=extension_last_seen_at,extension_version&id=eq.6b2057a9-ee51-4070-8732-9759d30fd521	web-pc-chrome154	6b2057a9-ee51-4070-8732-9759d30fd521	35
2026-10-05 16:56:29.881	2026-10-05 18:56:29.881	GET	200	/rest/v1/coin_config	?select=value&key=eq.republish_maintenance	web-pc-chrome154	6b2057a9-ee51-4070-8732-9759d30fd521	38
2026-10-05 16:56:30.103	2026-10-05 18:56:30.103	GET	200	/rest/v1/vinted_sync_runs	?select=id,platform,status,declencheur,items_vus,items_crees,items_maj,total_entries,erreur,queued_at,started_at,finished_at&user_id=eq.6b2057a9-ee51-4070-8732-9759d30fd521&kind=eq.annonces&order=queued_at.desc.nullslast,started_at.desc.nullslast&limit=60	app-android	6b2057a9-ee51-4070-8732-9759d30fd521	81
2026-10-05 16:56:30.106	2026-10-05 18:56:30.106	OPTIONS	200	/rest/v1/cross_post_jobs	?select=id,platform,listing_url,platform_listing_id,created_at&user_id=eq.6b2057a9-ee51-4070-8732-9759d30fd521&action=eq.delete&platform=in.(leboncoin,beebs,ebay,opla)&status=in.(pending,processing,needs_user,deleted)&created_at=gte.2026-08-06T16:56:30.205Z&order=id.asc&limit=500	app-android		24
2026-10-05 16:56:30.109	2026-10-05 18:56:30.109	GET	200	/rest/v1/annonces_plateforme	?select=id,platform,listing_id,vu_le,inventaire_id,ignoree_le,disparu_le&user_id=eq.6b2057a9-ee51-4070-8732-9759d30fd521&disparu_le=is.null&order=id.asc&limit=500	app-android	6b2057a9-ee51-4070-8732-9759d30fd521	74
2026-10-05 16:56:30.110	2026-10-05 18:56:30.110	OPTIONS	200	/rest/v1/cross_post_jobs	?select=id,platform,listing_url,platform_listing_id,created_at&user_id=eq.6b2057a9-ee51-4070-8732-9759d30fd521&action=eq.delete&platform=in.(leboncoin,beebs,ebay,opla)&status=in.(pending,processing,needs_user,deleted)&created_at=gte.2026-08-06T16:56:30.206Z&order=id.asc&limit=500	app-android		18
2026-10-05 16:56:30.112	2026-10-05 18:56:30.112	POST	200	/rest/v1/rpc/releves_vides_signales		app-android	6b2057a9-ee51-4070-8732-9759d30fd521	74
2026-10-05 16:56:30.113	2026-10-05 18:56:30.113	POST	200	/rest/v1/rpc/annonces_en_rangement		app-android	6b2057a9-ee51-4070-8732-9759d30fd521	90
2026-10-05 16:56:30.115	2026-10-05 18:56:30.115	GET	200	/rest/v1/inventaire_doublons	?select=id,garde,absorbe,niveau,motif,preuves,created_at&user_id=eq.6b2057a9-ee51-4070-8732-9759d30fd521&statut=eq.proposee&order=created_at.desc&limit=200	app-android	6b2057a9-ee51-4070-8732-9759d30fd521	83
2026-10-05 16:56:30.116	2026-10-05 18:56:30.116	GET	200	/rest/v1/annonces_plateforme	?select=id,platform,listing_id,url,titre,prix,photo_url,statut_plateforme,proposition,vu_le&user_id=eq.6b2057a9-ee51-4070-8732-9759d30fd521&inventaire_id=is.null&ignoree_le=is.null&disparu_le=is.null&order=vu_le.desc&limit=300	app-android	6b2057a9-ee51-4070-8732-9759d30fd521	98
2026-10-05 16:56:30.118	2026-10-05 18:56:30.118	GET	200	/rest/v1/vinted_sync_runs	?select=id,platform,status,items_vus,erreur,queued_at,started_at,finished_at&user_id=eq.6b2057a9-ee51-4070-8732-9759d30fd521&kind=eq.dressing&status=eq.done&order=finished_at.desc.nullslast&limit=1	app-android	6b2057a9-ee51-4070-8732-9759d30fd521	92
2026-10-05 16:56:30.169	2026-10-05 18:56:30.169	GET	200	/rest/v1/cross_post_jobs	?select=id,platform,listing_url,platform_listing_id,created_at&user_id=eq.6b2057a9-ee51-4070-8732-9759d30fd521&action=eq.delete&platform=in.(leboncoin,beebs,ebay,opla)&status=in.(pending,processing,needs_user,deleted)&created_at=gte.2026-08-06T16:56:30.205Z&order=id.asc&limit=500	app-android	6b2057a9-ee51-4070-8732-9759d30fd521	35
2026-10-05 16:56:30.173	2026-10-05 18:56:30.173	GET	200	/rest/v1/cross_post_jobs	?select=id,platform,listing_url,platform_listing_id,created_at&user_id=eq.6b2057a9-ee51-4070-8732-9759d30fd521&action=eq.delete&platform=in.(leboncoin,beebs,ebay,opla)&status=in.(pending,processing,needs_user,deleted)&created_at=gte.2026-08-06T16:56:30.206Z&order=id.asc&limit=500	app-android	6b2057a9-ee51-4070-8732-9759d30fd521	43
2026-10-05 16:56:30.242	2026-10-05 18:56:30.242	GET	200	/rest/v1/annonces_plateforme	?select=id,platform,listing_id,vu_le,inventaire_id,ignoree_le,disparu_le&user_id=eq.6b2057a9-ee51-4070-8732-9759d30fd521&disparu_le=is.null&order=id.asc&limit=500&id=gt.f3f1c690-5fa5-4428-b927-5792a6b568d7	app-android	6b2057a9-ee51-4070-8732-9759d30fd521	39
2026-10-05 16:56:30.952	2026-10-05 18:56:30.952	GET	200	/rest/v1/coin_config	?select=value&key=eq.sync_multi_ouverte	web-pc-chrome154	6b2057a9-ee51-4070-8732-9759d30fd521	41
2026-10-05 16:56:30.954	2026-10-05 18:56:30.954	GET	200	/rest/v1/inventaire_doublons	?select=id,garde,absorbe,niveau,motif,preuves,created_at&user_id=eq.6b2057a9-ee51-4070-8732-9759d30fd521&statut=eq.proposee&order=created_at.desc&limit=200	web-pc-chrome154	6b2057a9-ee51-4070-8732-9759d30fd521	41
2026-10-05 16:56:30.954	2026-10-05 18:56:30.954	POST	200	/rest/v1/rpc/republish_planifiee_etat_multi		web-pc-chrome154	6b2057a9-ee51-4070-8732-9759d30fd521	43
2026-10-05 16:56:30.954	2026-10-05 18:56:30.954	GET	200	/rest/v1/fiches_annonce	?select=inventaire_id,fiche,updated_at&user_id=eq.6b2057a9-ee51-4070-8732-9759d30fd521&brouillon=eq.true&order=updated_at.desc&limit=200	web-pc-chrome154	6b2057a9-ee51-4070-8732-9759d30fd521	34
2026-10-05 16:56:30.956	2026-10-05 18:56:30.956	GET	200	/rest/v1/platform_health	?select=platform,message_fr,message_en&paused=eq.true	web-pc-chrome154	6b2057a9-ee51-4070-8732-9759d30fd521	36
2026-10-05 16:56:31.352	2026-10-05 18:56:31.352	GET	200	/rest/v1/profiles	?select=extension_session_rejetee_at&id=eq.6b2057a9-ee51-4070-8732-9759d30fd521	web-pc-chrome154	6b2057a9-ee51-4070-8732-9759d30fd521	41
2026-10-05 16:56:31.354	2026-10-05 18:56:31.354	GET	200	/rest/v1/profiles	?select=extension_last_seen_at,extension_version&id=eq.6b2057a9-ee51-4070-8732-9759d30fd521	web-pc-chrome154	6b2057a9-ee51-4070-8732-9759d30fd521	36
2026-10-05 16:56:31.461	2026-10-05 18:56:31.461	GET	200	/auth/v1/user		serveur-fonction-edge	6b2057a9-ee51-4070-8732-9759d30fd521	54
2026-10-05 16:56:31.533	2026-10-05 18:56:31.533	GET	200	/rest/v1/profiles	?select=created_at,onboarded_at,is_premium,is_pro,is_business,is_comped&id=eq.6b2057a9-ee51-4070-8732-9759d30fd521	serveur-fonction-edge		66
2026-10-05 16:56:31.536	2026-10-05 18:56:31.536	GET	200	/rest/v1/cross_post_jobs	?select=id,action,status,created_at,handler_build,ps:platform_fields->>processing_since,naa:platform_fields->>next_action_after,os:platform_fields->opla_sortie&user_id=eq.6b2057a9-ee51-4070-8732-9759d30fd521&action=in.(publish,republish,delete)&status=in.(needs_user,failed,processing,pending)&or=(handler_build.is.null,and(handler_build.not.ilike.*releve-annonces*,handler_build.not.ilike.*sync-dres…	serveur-fonction-edge		43
2026-10-05 16:56:31.536	2026-10-05 18:56:31.536	GET	200	/rest/v1/usage_logs	?select=created_at&user_id=eq.6b2057a9-ee51-4070-8732-9759d30fd521&feature=eq.checkout_open&created_at=gte.2026-10-04T16:56:31.525Z&limit=5	serveur-fonction-edge		108
2026-10-05 16:56:31.536	2026-10-05 18:56:31.536	GET	200	/rest/v1/usage_logs	?select=created_at,metadata&user_id=eq.6b2057a9-ee51-4070-8732-9759d30fd521&feature=eq.avis_demande&order=created_at.desc&limit=50	serveur-fonction-edge		40
2026-10-05 16:56:31.538	2026-10-05 18:56:31.538	GET	200	/rest/v1/cross_post_jobs	?select=id,action,status,created_at,published_at,handler_build,pdr:platform_fields->pas_de_rouge,rs:platform_fields->retenue_serveur,rl:platform_fields->retenue_levee,os:platform_fields->opla_sortie&user_id=eq.6b2057a9-ee51-4070-8732-9759d30fd521&action=in.(publish,republish,delete)&or=(handler_build.is.null,and(handler_build.not.ilike.*releve-annonces*,handler_build.not.ilike.*sync-dressing*))&or…	serveur-fonction-edge		53
2026-10-05 16:56:31.538	2026-10-05 18:56:31.538	GET	200	/rest/v1/coin_ledger	?select=kind,created_at&user_id=eq.6b2057a9-ee51-4070-8732-9759d30fd521&kind=in.(grant_upgrade,purchase,grant_monthly)&created_at=gte.2026-10-04T16:56:31.525Z&limit=20	serveur-fonction-edge		47
2026-10-05 16:56:31.625	2026-10-05 18:56:31.625	GET	200	/rest/v1/coin_config	?select=value&key=eq.opla_sortie_le	serveur-fonction-edge	6b2057a9-ee51-4070-8732-9759d30fd521	64
2026-10-05 16:56:31.702	2026-10-05 18:56:31.702	GET	200	/rest/v1/cross_post_jobs	?select=id,inventaire_id&status=eq.needs_user&action=neq.delete	serveur-fonction-edge	6b2057a9-ee51-4070-8732-9759d30fd521	32
2026-10-05 16:56:31.744	2026-10-05 18:56:31.744	POST	200	/rest/v1/rpc/republish_planifiee_fenetres_courantes		serveur-fonction-edge	6b2057a9-ee51-4070-8732-9759d30fd521	35
2026-10-05 16:56:31.789	2026-10-05 18:56:31.789	GET	200	/rest/v1/coin_config	?select=key,value&key=in.(republish_plafond_jour,republish_plafond_jour_premium,republish_plafond_jour_pro,republish_plafond_jour_business,republish_pause_apres,republish_pause_duree_min)	serveur-fonction-edge	6b2057a9-ee51-4070-8732-9759d30fd521	31
2026-10-05 16:56:32.018	2026-10-05 18:56:32.018	GET	200	/rest/v1/coin_config	?select=value&key=eq.republish_planifiee_actif	web-pc-chrome154	6b2057a9-ee51-4070-8732-9759d30fd521	33
2026-10-05 16:56:34.208	2026-10-05 18:56:34.208	GET	200	/rest/v1/cross_post_jobs	?select=id,inventaire_id,platform,status,error,created_at,published_at,platform_fields,action,listing_url,title,bulk_batch_id,voie&user_id=eq.6b2057a9-ee51-4070-8732-9759d30fd521&or=(status.in.(pending,processing,needs_user),created_at.gte."2026-10-05T16:53:02.488845+00:00",id.in.(c08572f6-2a16-44cf-85bb-dc816759da95))&order=created_at.desc,id.desc&limit=1000	app-android	6b2057a9-ee51-4070-8732-9759d30fd521	43
2026-10-05 16:56:37.130	2026-10-05 18:56:37.130	POST	201	/rest/v1/usage_logs		web-pc-chrome154	6b2057a9-ee51-4070-8732-9759d30fd521	45
2026-10-05 16:56:37.134	2026-10-05 18:56:37.134	GET	200	/rest/v1/vinted_sync_runs	?select=id,status,page_suivante,total_pages,total_entries,items_vus,items_crees,items_maj,erreur,started_at,finished_at,vinted_login,vinted_user_id&user_id=eq.6b2057a9-ee51-4070-8732-9759d30fd521&kind=eq.dressing&order=started_at.desc&limit=1	web-pc-chrome154	6b2057a9-ee51-4070-8732-9759d30fd521	43
2026-10-05 16:56:37.511	2026-10-05 18:56:37.511	GET	200	/rest/v1/cross_post_jobs	?select=id,status,last_checked_at,sale_signal:platform_fields->>sale_signal,unavailable_since:platform_fields->>unavailable_since,pending_removal:platform_fields->>pending_removal,check_unresolved_since:platform_fields->>check_unresolved_since&user_id=eq.6b2057a9-ee51-4070-8732-9759d30fd521&order=created_at.desc&limit=80	app-android	6b2057a9-ee51-4070-8732-9759d30fd521	45
2026-10-05 16:56:41.383	2026-10-05 18:56:41.383	GET	200	/rest/v1/vinted_sync_runs	?user_id=eq.6b2057a9-ee51-4070-8732-9759d30fd521&kind=eq.dressing&status=eq.running&select=id,page_suivante,items_vus,items_crees,items_maj,erreur&limit=1	extension-pc	6b2057a9-ee51-4070-8732-9759d30fd521	40
2026-10-05 16:56:42.517	2026-10-05 18:56:42.517	GET	200	/rest/v1/profiles	?select=extension_last_seen_at,extension_version&id=eq.6b2057a9-ee51-4070-8732-9759d30fd521	web-pc-chrome154	6b2057a9-ee51-4070-8732-9759d30fd521	44
2026-10-05 16:56:45.469	2026-10-05 18:56:45.469	OPTIONS	200	/rest/v1/cross_post_jobs	?select=id,platform,listing_url,platform_listing_id,created_at&user_id=eq.6b2057a9-ee51-4070-8732-9759d30fd521&action=eq.delete&platform=in.(leboncoin,beebs,ebay,opla)&status=in.(pending,processing,needs_user,deleted)&created_at=gte.2026-08-06T16:56:45.560Z&order=id.asc&limit=500	app-android		22
2026-10-05 16:56:45.472	2026-10-05 18:56:45.472	GET	200	/rest/v1/vinted_sync_runs	?select=id,platform,status,declencheur,items_vus,items_crees,items_maj,total_entries,erreur,queued_at,started_at,finished_at&user_id=eq.6b2057a9-ee51-4070-8732-9759d30fd521&kind=eq.annonces&order=queued_at.desc.nullslast,started_at.desc.nullslast&limit=60	app-android	6b2057a9-ee51-4070-8732-9759d30fd521	80
2026-10-05 16:56:45.475	2026-10-05 18:56:45.475	GET	200	/rest/v1/annonces_plateforme	?select=id,platform,listing_id,vu_le,inventaire_id,ignoree_le,disparu_le&user_id=eq.6b2057a9-ee51-4070-8732-9759d30fd521&disparu_le=is.null&order=id.asc&limit=500	app-android	6b2057a9-ee51-4070-8732-9759d30fd521	87
2026-10-05 16:56:45.476	2026-10-05 18:56:45.476	OPTIONS	200	/rest/v1/cross_post_jobs	?select=id,platform,listing_url,platform_listing_id,created_at&user_id=eq.6b2057a9-ee51-4070-8732-9759d30fd521&action=eq.delete&platform=in.(leboncoin,beebs,ebay,opla)&status=in.(pending,processing,needs_user,deleted)&created_at=gte.2026-08-06T16:56:45.560Z&order=id.asc&limit=500	app-android		20
2026-10-05 16:56:45.479	2026-10-05 18:56:45.479	GET	200	/rest/v1/vinted_sync_runs	?select=id,platform,status,items_vus,erreur,queued_at,started_at,finished_at&user_id=eq.6b2057a9-ee51-4070-8732-9759d30fd521&kind=eq.dressing&status=eq.done&order=finished_at.desc.nullslast&limit=1	app-android	6b2057a9-ee51-4070-8732-9759d30fd521	74
2026-10-05 16:56:45.481	2026-10-05 18:56:45.481	GET	200	/rest/v1/inventaire_doublons	?select=id,garde,absorbe,niveau,motif,preuves,created_at&user_id=eq.6b2057a9-ee51-4070-8732-9759d30fd521&statut=eq.proposee&order=created_at.desc&limit=200	app-android	6b2057a9-ee51-4070-8732-9759d30fd521	61
2026-10-05 16:56:45.483	2026-10-05 18:56:45.483	POST	200	/rest/v1/rpc/releves_vides_signales		app-android	6b2057a9-ee51-4070-8732-9759d30fd521	82
2026-10-05 16:56:45.485	2026-10-05 18:56:45.485	GET	200	/rest/v1/annonces_plateforme	?select=id,platform,listing_id,url,titre,prix,photo_url,statut_plateforme,proposition,vu_le&user_id=eq.6b2057a9-ee51-4070-8732-9759d30fd521&inventaire_id=is.null&ignoree_le=is.null&disparu_le=is.null&order=vu_le.desc&limit=300	app-android	6b2057a9-ee51-4070-8732-9759d30fd521	66
2026-10-05 16:56:45.493	2026-10-05 18:56:45.493	POST	200	/rest/v1/rpc/annonces_en_rangement		app-android	6b2057a9-ee51-4070-8732-9759d30fd521	69
2026-10-05 16:56:45.536	2026-10-05 18:56:45.536	GET	200	/rest/v1/cross_post_jobs	?select=id,platform,listing_url,platform_listing_id,created_at&user_id=eq.6b2057a9-ee51-4070-8732-9759d30fd521&action=eq.delete&platform=in.(leboncoin,beebs,ebay,opla)&status=in.(pending,processing,needs_user,deleted)&created_at=gte.2026-08-06T16:56:45.560Z&order=id.asc&limit=500	app-android	6b2057a9-ee51-4070-8732-9759d30fd521	43
2026-10-05 16:56:45.622	2026-10-05 18:56:45.622	GET	200	/rest/v1/cross_post_jobs	?select=id,platform,listing_url,platform_listing_id,created_at&user_id=eq.6b2057a9-ee51-4070-8732-9759d30fd521&action=eq.delete&platform=in.(leboncoin,beebs,ebay,opla)&status=in.(pending,processing,needs_user,deleted)&created_at=gte.2026-08-06T16:56:45.560Z&order=id.asc&limit=500	app-android	6b2057a9-ee51-4070-8732-9759d30fd521	45
2026-10-05 16:56:45.635	2026-10-05 18:56:45.635	GET	200	/rest/v1/annonces_plateforme	?select=id,platform,listing_id,vu_le,inventaire_id,ignoree_le,disparu_le&user_id=eq.6b2057a9-ee51-4070-8732-9759d30fd521&disparu_le=is.null&order=id.asc&limit=500&id=gt.f3f1c690-5fa5-4428-b927-5792a6b568d7	app-android	6b2057a9-ee51-4070-8732-9759d30fd521	38
2026-10-05 16:56:52.249	2026-10-05 18:56:52.249	GET	200	/rest/v1/vinted_sync_runs	?user_id=eq.6b2057a9-ee51-4070-8732-9759d30fd521&kind=eq.dressing&status=eq.incomplete&started_at=gte.2026-10-05T14:56:51.857Z&page_suivante=lte.40&order=started_at.desc&limit=1&select=id,page_suivante,items_vus,items_crees,items_maj,erreur	extension-pc	6b2057a9-ee51-4070-8732-9759d30fd521	48
2026-10-05 16:56:52.593	2026-10-05 18:56:52.593	GET	200	/rest/v1/vinted_sync_runs	?select=id,finished_at,declencheur,vinted_login,items_vus&user_id=eq.6b2057a9-ee51-4070-8732-9759d30fd521&kind=eq.dressing&status=eq.done&order=finished_at.desc&limit=1	web-pc-chrome154	6b2057a9-ee51-4070-8732-9759d30fd521	42
2026-10-05 16:56:52.595	2026-10-05 18:56:52.595	GET	200	/rest/v1/annonces_plateforme	?select=id,platform,listing_id,vu_le,inventaire_id,ignoree_le,disparu_le&user_id=eq.6b2057a9-ee51-4070-8732-9759d30fd521&disparu_le=is.null&order=id.asc&limit=500	web-pc-chrome154	6b2057a9-ee51-4070-8732-9759d30fd521	51
2026-10-05 16:56:52.596	2026-10-05 18:56:52.596	GET	200	/rest/v1/vinted_sync_runs	?select=id,platform,status,declencheur,items_vus,items_crees,items_maj,total_entries,erreur,queued_at,started_at,finished_at&user_id=eq.6b2057a9-ee51-4070-8732-9759d30fd521&kind=eq.annonces&order=queued_at.desc.nullslast,started_at.desc.nullslast&limit=60	web-pc-chrome154	6b2057a9-ee51-4070-8732-9759d30fd521	48
2026-10-05 16:56:52.596	2026-10-05 18:56:52.596	OPTIONS	200	/rest/v1/cross_post_jobs	?select=id,platform,listing_url,platform_listing_id,created_at&user_id=eq.6b2057a9-ee51-4070-8732-9759d30fd521&action=eq.delete&platform=in.(leboncoin,beebs,ebay,opla)&status=in.(pending,processing,needs_user,deleted)&created_at=gte.2026-08-06T16:56:42.298Z&order=id.asc&limit=500	web-pc-chrome154		0
2026-10-05 16:56:52.596	2026-10-05 18:56:52.596	OPTIONS	200	/rest/v1/cross_post_jobs	?select=id,platform,listing_url,platform_listing_id,created_at&user_id=eq.6b2057a9-ee51-4070-8732-9759d30fd521&action=eq.delete&platform=in.(leboncoin,beebs,ebay,opla)&status=in.(pending,processing,needs_user,deleted)&created_at=gte.2026-08-06T16:56:42.298Z&order=id.asc&limit=500	web-pc-chrome154		4
2026-10-05 16:56:52.598	2026-10-05 18:56:52.598	GET	200	/rest/v1/annonces_plateforme	?select=id,platform,inventaire_id,vues,favoris,vu_le&user_id=eq.6b2057a9-ee51-4070-8732-9759d30fd521&inventaire_id=not.is.null&disparu_le=is.null&order=id.asc&limit=500	web-pc-chrome154	6b2057a9-ee51-4070-8732-9759d30fd521	53
2026-10-05 16:56:52.599	2026-10-05 18:56:52.599	GET	200	/rest/v1/inventaire_doublons	?select=id,garde,absorbe,niveau,motif,preuves,created_at&user_id=eq.6b2057a9-ee51-4070-8732-9759d30fd521&statut=eq.proposee&order=created_at.desc&limit=200	web-pc-chrome154	6b2057a9-ee51-4070-8732-9759d30fd521	48
2026-10-05 16:56:52.600	2026-10-05 18:56:52.600	GET	200	/rest/v1/vinted_sync_runs	?select=id,platform,status,items_vus,erreur,queued_at,started_at,finished_at&user_id=eq.6b2057a9-ee51-4070-8732-9759d30fd521&kind=eq.dressing&status=eq.done&order=finished_at.desc.nullslast&limit=1	web-pc-chrome154	6b2057a9-ee51-4070-8732-9759d30fd521	47
2026-10-05 16:56:52.601	2026-10-05 18:56:52.601	POST	200	/rest/v1/rpc/releves_vides_signales		web-pc-chrome154	6b2057a9-ee51-4070-8732-9759d30fd521	49
2026-10-05 16:56:52.602	2026-10-05 18:56:52.602	GET	200	/rest/v1/annonces_plateforme	?select=id,platform,listing_id,url,titre,prix,photo_url,statut_plateforme,proposition,vu_le&user_id=eq.6b2057a9-ee51-4070-8732-9759d30fd521&inventaire_id=is.null&ignoree_le=is.null&disparu_le=is.null&order=vu_le.desc&limit=300	web-pc-chrome154	6b2057a9-ee51-4070-8732-9759d30fd521	49
2026-10-05 16:56:52.605	2026-10-05 18:56:52.605	GET	200	/rest/v1/vinted_sync_runs	?select=id,status,page_suivante,total_pages,total_entries,items_vus,items_crees,items_maj,erreur,started_at,finished_at,vinted_login,vinted_user_id&user_id=eq.6b2057a9-ee51-4070-8732-9759d30fd521&kind=eq.dressing&order=started_at.desc&limit=1	web-pc-chrome154	6b2057a9-ee51-4070-8732-9759d30fd521	49
2026-10-05 16:56:52.606	2026-10-05 18:56:52.606	POST	200	/rest/v1/rpc/annonces_en_rangement		web-pc-chrome154	6b2057a9-ee51-4070-8732-9759d30fd521	50
2026-10-05 16:56:54.418	2026-10-05 18:56:54.418	GET	200	/rest/v1/cross_post_jobs	?select=id,inventaire_id,platform,status,error,created_at,published_at,platform_fields,action,listing_url,title,bulk_batch_id,voie&user_id=eq.6b2057a9-ee51-4070-8732-9759d30fd521&or=(status.in.(pending,processing,needs_user),created_at.gte."2026-10-05T16:53:02.488845+00:00",id.in.(c08572f6-2a16-44cf-85bb-dc816759da95))&order=created_at.desc,id.desc&limit=1000	app-android	6b2057a9-ee51-4070-8732-9759d30fd521	47
2026-10-05 16:56:58.083	2026-10-05 18:56:58.083	GET	200	/rest/v1/vinted_sync_runs	?user_id=eq.6b2057a9-ee51-4070-8732-9759d30fd521&kind=eq.dressing&order=started_at.desc.nullslast&limit=1&select=id,status,erreur,vinted_user_id,vinted_login,started_at	extension-pc	6b2057a9-ee51-4070-8732-9759d30fd521	39
2026-10-05 16:56:58.563	2026-10-05 18:56:58.563	GET	200	/rest/v1/cross_post_jobs	?select=id,platform,listing_url,platform_listing_id,created_at&user_id=eq.6b2057a9-ee51-4070-8732-9759d30fd521&action=eq.delete&platform=in.(leboncoin,beebs,ebay,opla)&status=in.(pending,processing,needs_user,deleted)&created_at=gte.2026-08-06T16:56:42.298Z&order=id.asc&limit=500	web-pc-chrome154	6b2057a9-ee51-4070-8732-9759d30fd521	39
2026-10-05 16:57:03.368	2026-10-05 18:57:03.368	POST	201	/rest/v1/vinted_sync_runs		extension-pc	6b2057a9-ee51-4070-8732-9759d30fd521	47
2026-10-05 16:57:05.242	2026-10-05 18:57:05.242	GET	200	/rest/v1/vinted_sync_runs	?select=id,status,page_suivante,total_pages,total_entries,items_vus,items_crees,items_maj,erreur,started_at,finished_at,vinted_login,vinted_user_id&user_id=eq.6b2057a9-ee51-4070-8732-9759d30fd521&kind=eq.dressing&order=started_at.desc&limit=1	web-pc-chrome154	6b2057a9-ee51-4070-8732-9759d30fd521	60
2026-10-05 16:57:05.243	2026-10-05 18:57:05.243	GET	200	/rest/v1/annonces_plateforme	?select=id,platform,listing_id,vu_le,inventaire_id,ignoree_le,disparu_le&user_id=eq.6b2057a9-ee51-4070-8732-9759d30fd521&disparu_le=is.null&order=id.asc&limit=500&id=gt.f3f1c690-5fa5-4428-b927-5792a6b568d7	web-pc-chrome154	6b2057a9-ee51-4070-8732-9759d30fd521	54
2026-10-05 16:57:05.245	2026-10-05 18:57:05.245	GET	200	/rest/v1/vinted_sync_runs	?select=id,status,page_suivante,total_pages,total_entries,items_vus,items_crees,items_maj,erreur,started_at,finished_at,vinted_login,vinted_user_id&user_id=eq.6b2057a9-ee51-4070-8732-9759d30fd521&kind=eq.dressing&order=started_at.desc&limit=1	web-pc-chrome154	6b2057a9-ee51-4070-8732-9759d30fd521	56
2026-10-05 16:57:05.246	2026-10-05 18:57:05.246	GET	200	/rest/v1/annonces_plateforme	?select=id,platform,inventaire_id,vues,favoris,vu_le&user_id=eq.6b2057a9-ee51-4070-8732-9759d30fd521&inventaire_id=not.is.null&disparu_le=is.null&order=id.asc&limit=500&id=gt.f3f1c690-5fa5-4428-b927-5792a6b568d7	web-pc-chrome154	6b2057a9-ee51-4070-8732-9759d30fd521	49
2026-10-05 16:57:05.247	2026-10-05 18:57:05.247	GET	200	/rest/v1/cross_post_jobs	?select=id,platform,listing_url,platform_listing_id,created_at&user_id=eq.6b2057a9-ee51-4070-8732-9759d30fd521&action=eq.delete&platform=in.(leboncoin,beebs,ebay,opla)&status=in.(pending,processing,needs_user,deleted)&created_at=gte.2026-08-06T16:56:42.298Z&order=id.asc&limit=500	web-pc-chrome154	6b2057a9-ee51-4070-8732-9759d30fd521	47
2026-10-05 16:57:05.509	2026-10-05 18:57:05.509	GET	200	/rest/v1/cross_post_jobs	?select=id,status,last_checked_at,sale_signal:platform_fields->>sale_signal,unavailable_since:platform_fields->>unavailable_since,pending_removal:platform_fields->>pending_removal,check_unresolved_since:platform_fields->>check_unresolved_since&user_id=eq.6b2057a9-ee51-4070-8732-9759d30fd521&order=created_at.desc&limit=80	web-pc-chrome154	6b2057a9-ee51-4070-8732-9759d30fd521	34
2026-10-05 16:57:06.183	2026-10-05 18:57:06.183	GET	200	/rest/v1/vinted_sync_runs	?select=id,status,page_suivante,total_pages,total_entries,items_vus,items_crees,items_maj,erreur,started_at,finished_at,vinted_login,vinted_user_id&user_id=eq.6b2057a9-ee51-4070-8732-9759d30fd521&kind=eq.dressing&order=started_at.desc&limit=1	web-pc-chrome154	6b2057a9-ee51-4070-8732-9759d30fd521	35
2026-10-05 16:57:13.547	2026-10-05 18:57:13.547	GET	200	/rest/v1/platform_health	?select=platform,message_fr,message_en&paused=eq.true	app-android	6b2057a9-ee51-4070-8732-9759d30fd521	44
2026-10-05 16:57:13.679	2026-10-05 18:57:13.679	GET	200	/rest/v1/annonces_plateforme	?select=id,platform,inventaire_id,vues,favoris,vu_le&user_id=eq.6b2057a9-ee51-4070-8732-9759d30fd521&inventaire_id=not.is.null&disparu_le=is.null&order=id.asc&limit=500	app-android	6b2057a9-ee51-4070-8732-9759d30fd521	40
2026-10-05 16:57:13.823	2026-10-05 18:57:13.823	GET	200	/rest/v1/annonces_plateforme	?select=id,platform,inventaire_id,vues,favoris,vu_le&user_id=eq.6b2057a9-ee51-4070-8732-9759d30fd521&inventaire_id=not.is.null&disparu_le=is.null&order=id.asc&limit=500&id=gt.f3f1c690-5fa5-4428-b927-5792a6b568d7	app-android	6b2057a9-ee51-4070-8732-9759d30fd521	38
2026-10-05 16:57:14.359	2026-10-05 18:57:14.359	GET	200	/auth/v1/user		serveur-fonction-edge	6b2057a9-ee51-4070-8732-9759d30fd521	48
2026-10-05 16:57:14.428	2026-10-05 18:57:14.428	GET	200	/rest/v1/coin_config	?select=value&key=eq.opla_sortie_le	serveur-fonction-edge	6b2057a9-ee51-4070-8732-9759d30fd521	34
2026-10-05 16:57:14.475	2026-10-05 18:57:14.475	GET	200	/rest/v1/cross_post_jobs	?select=id,inventaire_id&status=eq.needs_user&action=neq.delete	serveur-fonction-edge	6b2057a9-ee51-4070-8732-9759d30fd521	50
2026-10-05 16:57:14.539	2026-10-05 18:57:14.539	POST	200	/rest/v1/rpc/republish_planifiee_fenetres_courantes		serveur-fonction-edge	6b2057a9-ee51-4070-8732-9759d30fd521	33
2026-10-05 16:57:14.570	2026-10-05 18:57:14.570	GET	200	/rest/v1/cross_post_jobs	?select=id,inventaire_id,platform,status,error,created_at,published_at,platform_fields,action,listing_url,title,bulk_batch_id,voie&user_id=eq.6b2057a9-ee51-4070-8732-9759d30fd521&or=(status.in.(pending,processing,needs_user),created_at.gte."2026-10-05T16:53:02.488845+00:00",id.in.(c08572f6-2a16-44cf-85bb-dc816759da95))&order=created_at.desc,id.desc&limit=1000	app-android	6b2057a9-ee51-4070-8732-9759d30fd521	39
2026-10-05 16:57:14.586	2026-10-05 18:57:14.586	GET	200	/rest/v1/coin_config	?select=key,value&key=in.(republish_plafond_jour,republish_plafond_jour_premium,republish_plafond_jour_pro,republish_plafond_jour_business,republish_pause_apres,republish_pause_duree_min)	serveur-fonction-edge	6b2057a9-ee51-4070-8732-9759d30fd521	36
2026-10-05 16:57:14.632	2026-10-05 18:57:14.632	GET	200	/rest/v1/profiles	?select=is_business,is_pro,is_premium,is_comped&id=eq.6b2057a9-ee51-4070-8732-9759d30fd521	serveur-fonction-edge	6b2057a9-ee51-4070-8732-9759d30fd521	36
2026-10-05 16:57:14.684	2026-10-05 18:57:14.684	GET	200	/rest/v1/cross_post_jobs	?select=published_at&action=eq.republish&status=eq.published&published_at=gte.2026-10-01T16:57:14.674Z&order=published_at.desc&limit=1000	serveur-fonction-edge	6b2057a9-ee51-4070-8732-9759d30fd521	41
2026-10-05 16:57:15.971	2026-10-05 18:57:15.971	GET	200	/rest/v1/vinted_sync_runs	?select=id,platform,status,declencheur,items_vus,items_crees,items_maj,total_entries,erreur,queued_at,started_at,finished_at&user_id=eq.6b2057a9-ee51-4070-8732-9759d30fd521&kind=eq.annonces&order=queued_at.desc.nullslast,started_at.desc.nullslast&limit=60	app-android	6b2057a9-ee51-4070-8732-9759d30fd521	40
2026-10-05 16:57:15.976	2026-10-05 18:57:15.976	GET	200	/rest/v1/annonces_plateforme	?select=id,platform,listing_id,vu_le,inventaire_id,ignoree_le,disparu_le&user_id=eq.6b2057a9-ee51-4070-8732-9759d30fd521&disparu_le=is.null&order=id.asc&limit=500	app-android	6b2057a9-ee51-4070-8732-9759d30fd521	39
2026-10-05 16:57:15.979	2026-10-05 18:57:15.979	OPTIONS	200	/rest/v1/cross_post_jobs	?select=id,platform,listing_url,platform_listing_id,created_at&user_id=eq.6b2057a9-ee51-4070-8732-9759d30fd521&action=eq.delete&platform=in.(leboncoin,beebs,ebay,opla)&status=in.(pending,processing,needs_user,deleted)&created_at=gte.2026-08-06T16:57:16.131Z&order=id.asc&limit=500	app-android		0
2026-10-05 16:57:15.996	2026-10-05 18:57:15.996	OPTIONS	200	/rest/v1/cross_post_jobs	?select=id,platform,listing_url,platform_listing_id,created_at&user_id=eq.6b2057a9-ee51-4070-8732-9759d30fd521&action=eq.delete&platform=in.(leboncoin,beebs,ebay,opla)&status=in.(pending,processing,needs_user,deleted)&created_at=gte.2026-08-06T16:57:16.132Z&order=id.asc&limit=500	app-android		0
2026-10-05 16:57:16.001	2026-10-05 18:57:16.001	GET	200	/rest/v1/vinted_sync_runs	?select=id,platform,status,items_vus,erreur,queued_at,started_at,finished_at&user_id=eq.6b2057a9-ee51-4070-8732-9759d30fd521&kind=eq.dressing&status=eq.done&order=finished_at.desc.nullslast&limit=1	app-android	6b2057a9-ee51-4070-8732-9759d30fd521	45
2026-10-05 16:57:16.004	2026-10-05 18:57:16.004	GET	200	/rest/v1/annonces_plateforme	?select=id,platform,listing_id,url,titre,prix,photo_url,statut_plateforme,proposition,vu_le&user_id=eq.6b2057a9-ee51-4070-8732-9759d30fd521&inventaire_id=is.null&ignoree_le=is.null&disparu_le=is.null&order=vu_le.desc&limit=300	app-android	6b2057a9-ee51-4070-8732-9759d30fd521	43
2026-10-05 16:57:16.007	2026-10-05 18:57:16.007	GET	200	/rest/v1/inventaire_doublons	?select=id,garde,absorbe,niveau,motif,preuves,created_at&user_id=eq.6b2057a9-ee51-4070-8732-9759d30fd521&statut=eq.proposee&order=created_at.desc&limit=200	app-android	6b2057a9-ee51-4070-8732-9759d30fd521	46
2026-10-05 16:57:16.010	2026-10-05 18:57:16.010	POST	200	/rest/v1/rpc/releves_vides_signales		app-android	6b2057a9-ee51-4070-8732-9759d30fd521	42
2026-10-05 16:57:16.012	2026-10-05 18:57:16.012	POST	200	/rest/v1/rpc/annonces_en_rangement		app-android	6b2057a9-ee51-4070-8732-9759d30fd521	43
2026-10-05 16:57:16.036	2026-10-05 18:57:16.036	GET	200	/rest/v1/cross_post_jobs	?select=id,platform,listing_url,platform_listing_id,created_at&user_id=eq.6b2057a9-ee51-4070-8732-9759d30fd521&action=eq.delete&platform=in.(leboncoin,beebs,ebay,opla)&status=in.(pending,processing,needs_user,deleted)&created_at=gte.2026-08-06T16:57:16.131Z&order=id.asc&limit=500	app-android	6b2057a9-ee51-4070-8732-9759d30fd521	44
2026-10-05 16:57:16.044	2026-10-05 18:57:16.044	GET	200	/rest/v1/cross_post_jobs	?select=id,platform,listing_url,platform_listing_id,created_at&user_id=eq.6b2057a9-ee51-4070-8732-9759d30fd521&action=eq.delete&platform=in.(leboncoin,beebs,ebay,opla)&status=in.(pending,processing,needs_user,deleted)&created_at=gte.2026-08-06T16:57:16.132Z&order=id.asc&limit=500	app-android	6b2057a9-ee51-4070-8732-9759d30fd521	41
2026-10-05 16:57:16.072	2026-10-05 18:57:16.072	GET	200	/rest/v1/annonces_plateforme	?select=id,platform,listing_id,vu_le,inventaire_id,ignoree_le,disparu_le&user_id=eq.6b2057a9-ee51-4070-8732-9759d30fd521&disparu_le=is.null&order=id.asc&limit=500&id=gt.f3f1c690-5fa5-4428-b927-5792a6b568d7	app-android	6b2057a9-ee51-4070-8732-9759d30fd521	36
2026-10-05 16:57:22.514	2026-10-05 18:57:22.514	GET	200	/rest/v1/cross_post_jobs	?select=id,status,last_checked_at,sale_signal:platform_fields->>sale_signal,unavailable_since:platform_fields->>unavailable_since,pending_removal:platform_fields->>pending_removal,check_unresolved_since:platform_fields->>check_unresolved_since&user_id=eq.6b2057a9-ee51-4070-8732-9759d30fd521&order=created_at.desc&limit=80	app-android	6b2057a9-ee51-4070-8732-9759d30fd521	46
2026-10-05 16:57:27.456	2026-10-05 18:57:27.456	OPTIONS	200	/rest/v1/cross_post_jobs	?select=id,inventaire_id,platform,status,error,created_at,published_at,platform_fields,action,listing_url,title,bulk_batch_id,voie&user_id=eq.6b2057a9-ee51-4070-8732-9759d30fd521&or=(status.in.(pending,processing,needs_user),created_at.gte."2026-10-05T16:53:02.488845+00:00",id.in.(c08572f6-2a16-44cf-85bb-dc816759da95))&order=created_at.desc,id.desc&limit=1000	web-pc-chrome154		0
2026-10-05 16:57:27.456	2026-10-05 18:57:27.456	GET	200	/rest/v1/vinted_sync_runs	?select=id,status,page_suivante,total_pages,total_entries,items_vus,items_crees,items_maj,erreur,started_at,finished_at,vinted_login,vinted_user_id&user_id=eq.6b2057a9-ee51-4070-8732-9759d30fd521&kind=eq.dressing&order=started_at.desc&limit=1	web-pc-chrome154	6b2057a9-ee51-4070-8732-9759d30fd521	38
2026-10-05 16:57:28.961	2026-10-05 18:57:28.961	GET	200	/rest/v1/vinted_sync_runs	?select=id,status,page_suivante,total_pages,total_entries,items_vus,items_crees,items_maj,erreur,started_at,finished_at,vinted_login,vinted_user_id&user_id=eq.6b2057a9-ee51-4070-8732-9759d30fd521&kind=eq.dressing&order=started_at.desc&limit=1	web-pc-chrome154	6b2057a9-ee51-4070-8732-9759d30fd521	43
2026-10-05 16:57:28.964	2026-10-05 18:57:28.964	GET	200	/rest/v1/cross_post_jobs	?select=id,inventaire_id,platform,status,error,created_at,published_at,platform_fields,action,listing_url,title,bulk_batch_id,voie&user_id=eq.6b2057a9-ee51-4070-8732-9759d30fd521&or=(status.in.(pending,processing,needs_user),created_at.gte."2026-10-05T16:53:02.488845+00:00",id.in.(c08572f6-2a16-44cf-85bb-dc816759da95))&order=created_at.desc,id.desc&limit=1000	web-pc-chrome154	6b2057a9-ee51-4070-8732-9759d30fd521	42
2026-10-05 16:57:29.613	2026-10-05 18:57:29.613	GET	200	/rest/v1/platform_health	?select=platform,message_fr,message_en&paused=eq.true	web-pc-chrome154	6b2057a9-ee51-4070-8732-9759d30fd521	46
2026-10-05 16:57:30.319	2026-10-05 18:57:30.319	GET	200	/rest/v1/vinted_sync_runs	?select=id,status,page_suivante,total_pages,total_entries,items_vus,items_crees,items_maj,erreur,started_at,finished_at,vinted_login,vinted_user_id&user_id=eq.6b2057a9-ee51-4070-8732-9759d30fd521&kind=eq.dressing&order=started_at.desc&limit=1	web-pc-chrome154	6b2057a9-ee51-4070-8732-9759d30fd521	36
2026-10-05 16:57:31.175	2026-10-05 18:57:31.175	GET	200	/rest/v1/vinted_sync_runs	?select=id,status,page_suivante,total_pages,total_entries,items_vus,items_crees,items_maj,erreur,started_at,finished_at,vinted_login,vinted_user_id&user_id=eq.6b2057a9-ee51-4070-8732-9759d30fd521&kind=eq.dressing&order=started_at.desc&limit=1	web-pc-chrome154	6b2057a9-ee51-4070-8732-9759d30fd521	38
2026-10-05 16:57:31.215	2026-10-05 18:57:31.215	GET	200	/rest/v1/vinted_sync_runs	?select=id,platform,status,declencheur,items_vus,items_crees,items_maj,total_entries,erreur,queued_at,started_at,finished_at&user_id=eq.6b2057a9-ee51-4070-8732-9759d30fd521&kind=eq.annonces&order=queued_at.desc.nullslast,started_at.desc.nullslast&limit=60	app-android	6b2057a9-ee51-4070-8732-9759d30fd521	114
2026-10-05 16:57:31.221	2026-10-05 18:57:31.221	OPTIONS	200	/rest/v1/cross_post_jobs	?select=id,platform,listing_url,platform_listing_id,created_at&user_id=eq.6b2057a9-ee51-4070-8732-9759d30fd521&action=eq.delete&platform=in.(leboncoin,beebs,ebay,opla)&status=in.(pending,processing,needs_user,deleted)&created_at=gte.2026-08-06T16:57:31.328Z&order=id.asc&limit=500	app-android		28
2026-10-05 16:57:31.227	2026-10-05 18:57:31.227	GET	200	/rest/v1/annonces_plateforme	?select=id,platform,listing_id,url,titre,prix,photo_url,statut_plateforme,proposition,vu_le&user_id=eq.6b2057a9-ee51-4070-8732-9759d30fd521&inventaire_id=is.null&ignoree_le=is.null&disparu_le=is.null&order=vu_le.desc&limit=300	app-android	6b2057a9-ee51-4070-8732-9759d30fd521	79
2026-10-05 16:57:31.236	2026-10-05 18:57:31.236	GET	200	/rest/v1/annonces_plateforme	?select=id,platform,listing_id,vu_le,inventaire_id,ignoree_le,disparu_le&user_id=eq.6b2057a9-ee51-4070-8732-9759d30fd521&disparu_le=is.null&order=id.asc&limit=500	app-android	6b2057a9-ee51-4070-8732-9759d30fd521	97
2026-10-05 16:57:31.241	2026-10-05 18:57:31.241	OPTIONS	200	/rest/v1/cross_post_jobs	?select=id,platform,listing_url,platform_listing_id,created_at&user_id=eq.6b2057a9-ee51-4070-8732-9759d30fd521&action=eq.delete&platform=in.(leboncoin,beebs,ebay,opla)&status=in.(pending,processing,needs_user,deleted)&created_at=gte.2026-08-06T16:57:31.329Z&order=id.asc&limit=500	app-android		24
2026-10-05 16:57:31.247	2026-10-05 18:57:31.247	GET	200	/rest/v1/vinted_sync_runs	?select=id,platform,status,items_vus,erreur,queued_at,started_at,finished_at&user_id=eq.6b2057a9-ee51-4070-8732-9759d30fd521&kind=eq.dressing&status=eq.done&order=finished_at.desc.nullslast&limit=1	app-android	6b2057a9-ee51-4070-8732-9759d30fd521	79
2026-10-05 16:57:31.250	2026-10-05 18:57:31.250	POST	200	/rest/v1/rpc/releves_vides_signales		app-android	6b2057a9-ee51-4070-8732-9759d30fd521	105
2026-10-05 16:57:31.252	2026-10-05 18:57:31.252	POST	200	/rest/v1/rpc/annonces_en_rangement		app-android	6b2057a9-ee51-4070-8732-9759d30fd521	100
2026-10-05 16:57:31.256	2026-10-05 18:57:31.256	GET	200	/rest/v1/inventaire_doublons	?select=id,garde,absorbe,niveau,motif,preuves,created_at&user_id=eq.6b2057a9-ee51-4070-8732-9759d30fd521&statut=eq.proposee&order=created_at.desc&limit=200	app-android	6b2057a9-ee51-4070-8732-9759d30fd521	86
2026-10-05 16:57:31.322	2026-10-05 18:57:31.322	GET	200	/rest/v1/cross_post_jobs	?select=id,platform,listing_url,platform_listing_id,created_at&user_id=eq.6b2057a9-ee51-4070-8732-9759d30fd521&action=eq.delete&platform=in.(leboncoin,beebs,ebay,opla)&status=in.(pending,processing,needs_user,deleted)&created_at=gte.2026-08-06T16:57:31.328Z&order=id.asc&limit=500	app-android	6b2057a9-ee51-4070-8732-9759d30fd521	38
2026-10-05 16:57:31.332	2026-10-05 18:57:31.332	GET	200	/rest/v1/cross_post_jobs	?select=id,platform,listing_url,platform_listing_id,created_at&user_id=eq.6b2057a9-ee51-4070-8732-9759d30fd521&action=eq.delete&platform=in.(leboncoin,beebs,ebay,opla)&status=in.(pending,processing,needs_user,deleted)&created_at=gte.2026-08-06T16:57:31.329Z&order=id.asc&limit=500	app-android	6b2057a9-ee51-4070-8732-9759d30fd521	99
2026-10-05 16:57:31.392	2026-10-05 18:57:31.392	GET	200	/rest/v1/annonces_plateforme	?select=id,platform,listing_id,vu_le,inventaire_id,ignoree_le,disparu_le&user_id=eq.6b2057a9-ee51-4070-8732-9759d30fd521&disparu_le=is.null&order=id.asc&limit=500&id=gt.f3f1c690-5fa5-4428-b927-5792a6b568d7	app-android	6b2057a9-ee51-4070-8732-9759d30fd521	39
2026-10-05 16:57:31.858	2026-10-05 18:57:31.858	GET	200	/rest/v1/vinted_sync_runs	?select=id,status,page_suivante,total_pages,total_entries,items_vus,items_crees,items_maj,erreur,started_at,finished_at,vinted_login,vinted_user_id&user_id=eq.6b2057a9-ee51-4070-8732-9759d30fd521&kind=eq.dressing&order=started_at.desc&limit=1	web-pc-chrome154	6b2057a9-ee51-4070-8732-9759d30fd521	37
2026-10-05 16:57:34.789	2026-10-05 18:57:34.789	GET	200	/rest/v1/cross_post_jobs	?select=id,inventaire_id,platform,status,error,created_at,published_at,platform_fields,action,listing_url,title,bulk_batch_id,voie&user_id=eq.6b2057a9-ee51-4070-8732-9759d30fd521&or=(status.in.(pending,processing,needs_user),created_at.gte."2026-10-05T16:53:02.488845+00:00",id.in.(c08572f6-2a16-44cf-85bb-dc816759da95))&order=created_at.desc,id.desc&limit=1000	app-android	6b2057a9-ee51-4070-8732-9759d30fd521	38
2026-10-05 16:57:42.514	2026-10-05 18:57:42.514	GET	200	/rest/v1/vinted_sync_runs	?select=id,status,page_suivante,total_pages,total_entries,items_vus,items_crees,items_maj,erreur,started_at,finished_at,vinted_login,vinted_user_id&user_id=eq.6b2057a9-ee51-4070-8732-9759d30fd521&kind=eq.dressing&order=started_at.desc&limit=1	web-pc-chrome154	6b2057a9-ee51-4070-8732-9759d30fd521	47
2026-10-05 16:57:42.515	2026-10-05 18:57:42.515	POST	200	/rest/v1/rpc/releves_vides_signales		web-pc-chrome154	6b2057a9-ee51-4070-8732-9759d30fd521	43
2026-10-05 16:57:42.516	2026-10-05 18:57:42.516	OPTIONS	200	/rest/v1/cross_post_jobs	?select=id,platform,listing_url,platform_listing_id,created_at&user_id=eq.6b2057a9-ee51-4070-8732-9759d30fd521&action=eq.delete&platform=in.(leboncoin,beebs,ebay,opla)&status=in.(pending,processing,needs_user,deleted)&created_at=gte.2026-08-06T16:57:35.688Z&order=id.asc&limit=500	web-pc-chrome154		3
2026-10-05 16:57:42.517	2026-10-05 18:57:42.517	GET	200	/rest/v1/annonces_plateforme	?select=id,platform,listing_id,url,titre,prix,photo_url,statut_plateforme,proposition,vu_le&user_id=eq.6b2057a9-ee51-4070-8732-9759d30fd521&inventaire_id=is.null&ignoree_le=is.null&disparu_le=is.null&order=vu_le.desc&limit=300	web-pc-chrome154	6b2057a9-ee51-4070-8732-9759d30fd521	48
2026-10-05 16:57:42.517	2026-10-05 18:57:42.517	GET	200	/rest/v1/annonces_plateforme	?select=id,platform,listing_id,vu_le,inventaire_id,ignoree_le,disparu_le&user_id=eq.6b2057a9-ee51-4070-8732-9759d30fd521&disparu_le=is.null&order=id.asc&limit=500	web-pc-chrome154	6b2057a9-ee51-4070-8732-9759d30fd521	40
2026-10-05 16:57:42.517	2026-10-05 18:57:42.517	OPTIONS	200	/rest/v1/cross_post_jobs	?select=id,platform,listing_url,platform_listing_id,created_at&user_id=eq.6b2057a9-ee51-4070-8732-9759d30fd521&action=eq.delete&platform=in.(leboncoin,beebs,ebay,opla)&status=in.(pending,processing,needs_user,deleted)&created_at=gte.2026-08-06T16:57:35.688Z&order=id.asc&limit=500	web-pc-chrome154		2
2026-10-05 16:57:42.518	2026-10-05 18:57:42.518	GET	200	/rest/v1/vinted_sync_runs	?select=id,platform,status,items_vus,erreur,queued_at,started_at,finished_at&user_id=eq.6b2057a9-ee51-4070-8732-9759d30fd521&kind=eq.dressing&status=eq.done&order=finished_at.desc.nullslast&limit=1	web-pc-chrome154	6b2057a9-ee51-4070-8732-9759d30fd521	65
2026-10-05 16:57:42.519	2026-10-05 18:57:42.519	GET	200	/rest/v1/vinted_sync_runs	?select=id,platform,status,declencheur,items_vus,items_crees,items_maj,total_entries,erreur,queued_at,started_at,finished_at&user_id=eq.6b2057a9-ee51-4070-8732-9759d30fd521&kind=eq.annonces&order=queued_at.desc.nullslast,started_at.desc.nullslast&limit=60	web-pc-chrome154	6b2057a9-ee51-4070-8732-9759d30fd521	51
2026-10-05 16:57:42.519	2026-10-05 18:57:42.519	GET	200	/rest/v1/vinted_sync_runs	?select=id,status,page_suivante,total_pages,total_entries,items_vus,items_crees,items_maj,erreur,started_at,finished_at,vinted_login,vinted_user_id&user_id=eq.6b2057a9-ee51-4070-8732-9759d30fd521&kind=eq.dressing&order=started_at.desc&limit=1	web-pc-chrome154	6b2057a9-ee51-4070-8732-9759d30fd521	62
2026-10-05 16:57:42.520	2026-10-05 18:57:42.520	POST	200	/rest/v1/rpc/annonces_en_rangement		web-pc-chrome154	6b2057a9-ee51-4070-8732-9759d30fd521	47
2026-10-05 16:57:42.521	2026-10-05 18:57:42.521	GET	200	/rest/v1/inventaire_doublons	?select=id,garde,absorbe,niveau,motif,preuves,created_at&user_id=eq.6b2057a9-ee51-4070-8732-9759d30fd521&statut=eq.proposee&order=created_at.desc&limit=200	web-pc-chrome154	6b2057a9-ee51-4070-8732-9759d30fd521	52
2026-10-05 16:57:47.894	2026-10-05 18:57:47.894	GET	200	/rest/v1/vinted_sync_runs	?select=id,status,page_suivante,total_pages,total_entries,items_vus,items_crees,items_maj,erreur,started_at,finished_at,vinted_login,vinted_user_id&user_id=eq.6b2057a9-ee51-4070-8732-9759d30fd521&kind=eq.dressing&order=started_at.desc&limit=1	web-pc-chrome154	6b2057a9-ee51-4070-8732-9759d30fd521	47
2026-10-05 16:57:47.895	2026-10-05 18:57:47.895	GET	200	/rest/v1/vinted_sync_runs	?select=id,status,page_suivante,total_pages,total_entries,items_vus,items_crees,items_maj,erreur,started_at,finished_at,vinted_login,vinted_user_id&user_id=eq.6b2057a9-ee51-4070-8732-9759d30fd521&kind=eq.dressing&order=started_at.desc&limit=1	web-pc-chrome154	6b2057a9-ee51-4070-8732-9759d30fd521	49
2026-10-05 16:57:47.896	2026-10-05 18:57:47.896	GET	200	/rest/v1/vinted_sync_runs	?select=id,status,page_suivante,total_pages,total_entries,items_vus,items_crees,items_maj,erreur,started_at,finished_at,vinted_login,vinted_user_id&user_id=eq.6b2057a9-ee51-4070-8732-9759d30fd521&kind=eq.dressing&order=started_at.desc&limit=1	web-pc-chrome154	6b2057a9-ee51-4070-8732-9759d30fd521	56
2026-10-05 16:57:47.897	2026-10-05 18:57:47.897	GET	200	/rest/v1/annonces_plateforme	?select=id,platform,listing_id,vu_le,inventaire_id,ignoree_le,disparu_le&user_id=eq.6b2057a9-ee51-4070-8732-9759d30fd521&disparu_le=is.null&order=id.asc&limit=500&id=gt.f3f1c690-5fa5-4428-b927-5792a6b568d7	web-pc-chrome154	6b2057a9-ee51-4070-8732-9759d30fd521	48
2026-10-05 16:57:47.899	2026-10-05 18:57:47.899	GET	200	/rest/v1/cross_post_jobs	?select=id,platform,listing_url,platform_listing_id,created_at&user_id=eq.6b2057a9-ee51-4070-8732-9759d30fd521&action=eq.delete&platform=in.(leboncoin,beebs,ebay,opla)&status=in.(pending,processing,needs_user,deleted)&created_at=gte.2026-08-06T16:57:35.688Z&order=id.asc&limit=500	web-pc-chrome154	6b2057a9-ee51-4070-8732-9759d30fd521	49
2026-10-05 16:57:47.899	2026-10-05 18:57:47.899	GET	200	/rest/v1/vinted_sync_runs	?select=id,status,page_suivante,total_pages,total_entries,items_vus,items_crees,items_maj,erreur,started_at,finished_at,vinted_login,vinted_user_id&user_id=eq.6b2057a9-ee51-4070-8732-9759d30fd521&kind=eq.dressing&order=started_at.desc&limit=1	web-pc-chrome154	6b2057a9-ee51-4070-8732-9759d30fd521	50
2026-10-05 16:57:49.605	2026-10-05 18:57:49.605	GET	200	/rest/v1/cross_post_jobs	?select=id,platform,listing_url,platform_listing_id,created_at&user_id=eq.6b2057a9-ee51-4070-8732-9759d30fd521&action=eq.delete&platform=in.(leboncoin,beebs,ebay,opla)&status=in.(pending,processing,needs_user,deleted)&created_at=gte.2026-08-06T16:57:35.688Z&order=id.asc&limit=500	web-pc-chrome154	6b2057a9-ee51-4070-8732-9759d30fd521	35
2026-10-05 16:57:57.537	2026-10-05 18:57:57.537	GET	200	/rest/v1/vinted_sync_runs	?select=id,status,page_suivante,total_pages,total_entries,items_vus,items_crees,items_maj,erreur,started_at,finished_at,vinted_login,vinted_user_id&user_id=eq.6b2057a9-ee51-4070-8732-9759d30fd521&kind=eq.dressing&order=started_at.desc&limit=1	web-pc-chrome154	6b2057a9-ee51-4070-8732-9759d30fd521	57
2026-10-05 16:57:57.538	2026-10-05 18:57:57.538	GET	200	/rest/v1/vinted_sync_runs	?select=id,status,page_suivante,total_pages,total_entries,items_vus,items_crees,items_maj,erreur,started_at,finished_at,vinted_login,vinted_user_id&user_id=eq.6b2057a9-ee51-4070-8732-9759d30fd521&kind=eq.dressing&order=started_at.desc&limit=1	web-pc-chrome154	6b2057a9-ee51-4070-8732-9759d30fd521	53
2026-10-05 16:57:57.539	2026-10-05 18:57:57.539	GET	200	/rest/v1/vinted_sync_runs	?select=id,status,page_suivante,total_pages,total_entries,items_vus,items_crees,items_maj,erreur,started_at,finished_at,vinted_login,vinted_user_id&user_id=eq.6b2057a9-ee51-4070-8732-9759d30fd521&kind=eq.dressing&order=started_at.desc&limit=1	web-pc-chrome154	6b2057a9-ee51-4070-8732-9759d30fd521	53
2026-10-05 16:58:04.079	2026-10-05 18:58:04.079	GET	200	/rest/v1/profiles	?select=id&ebay_voie_api=eq.true&id=in.(c7dc5abb-18f5-4d5e-8b35-52c1cccc4816,42eab075-66f2-49de-8e44-212377cfaf41,2eec0ad9-784e-419f-ad00-0df1fbfbb457,90739125-8f1c-4d26-a4a5-048eed4b1c0f,53efea05-dc2d-4467-a8cd-c6fa52a47a61,b20fb960-7826-4bab-b107-a388d9824009,577dce4b-0a9d-465d-8993-bab4dddba9cb,bfce1264-4aac-49e9-b2fe-3c4706a8e449,f6a86c0d-d617-4a4a-8a8d-c30a07ac3233,3fd46214-cd67-44c5-b05e-8da…	serveur-fonction-edge		14
2026-10-05 16:58:07.544	2026-10-05 18:58:07.544	GET	200	/rest/v1/cross_post_jobs	?select=id,status,last_checked_at,sale_signal:platform_fields->>sale_signal,unavailable_since:platform_fields->>unavailable_since,pending_removal:platform_fields->>pending_removal,check_unresolved_since:platform_fields->>check_unresolved_since&user_id=eq.6b2057a9-ee51-4070-8732-9759d30fd521&order=created_at.desc&limit=80	app-android	6b2057a9-ee51-4070-8732-9759d30fd521	46
2026-10-05 16:58:07.748	2026-10-05 18:58:07.748	GET	200	/rest/v1/ventes	?select=*&user_id=eq.6b2057a9-ee51-4070-8732-9759d30fd521&order=created_at.desc,id.desc&limit=3000	app-android	6b2057a9-ee51-4070-8732-9759d30fd521	44
2026-10-05 16:58:07.752	2026-10-05 18:58:07.752	GET	200	/rest/v1/profiles	?select=is_premium,is_pro,is_business,is_comped,is_founder,apple_original_transaction_id,google_purchase_token,subscription_cancel_at_period_end,subscription_period_end,currency,username,platform_settings,extension_last_seen_at,extension_build,onboarded_at,ebay_voie_api&id=eq.6b2057a9-ee51-4070-8732-9759d30fd521	app-android	6b2057a9-ee51-4070-8732-9759d30fd521	36
2026-10-05 16:58:07.755	2026-10-05 18:58:07.755	GET	200	/rest/v1/inventaire	?select=*&user_id=eq.6b2057a9-ee51-4070-8732-9759d30fd521&fusionne_dans=is.null&order=created_at.desc,id.desc&limit=3000	app-android	6b2057a9-ee51-4070-8732-9759d30fd521	37
2026-10-05 16:58:07.896	2026-10-05 18:58:07.896	GET	200	/rest/v1/vinted_sync_runs	?select=id,status,page_suivante,total_pages,total_entries,items_vus,items_crees,items_maj,erreur,started_at,finished_at,vinted_login,vinted_user_id&user_id=eq.6b2057a9-ee51-4070-8732-9759d30fd521&kind=eq.dressing&order=started_at.desc&limit=1	web-pc-chrome154	6b2057a9-ee51-4070-8732-9759d30fd521	34
2026-10-05 16:58:07.980	2026-10-05 18:58:07.980	GET	200	/rest/v1/profiles	?select=plateformes_visibles&id=eq.6b2057a9-ee51-4070-8732-9759d30fd521	app-android	6b2057a9-ee51-4070-8732-9759d30fd521	38
2026-10-05 16:58:07.984	2026-10-05 18:58:07.984	GET	200	/rest/v1/cross_post_jobs	?select=inventaire_id&user_id=eq.6b2057a9-ee51-4070-8732-9759d30fd521&status=eq.needs_user&inventaire_id=not.is.null&limit=1000	app-android	6b2057a9-ee51-4070-8732-9759d30fd521	35
2026-10-05 16:58:07.987	2026-10-05 18:58:07.987	GET	200	/rest/v1/profiles	?select=extension_version&id=eq.6b2057a9-ee51-4070-8732-9759d30fd521	app-android	6b2057a9-ee51-4070-8732-9759d30fd521	36
2026-10-05 16:58:07.993	2026-10-05 18:58:07.993	GET	200	/rest/v1/coin_config	?select=key,value&key=in.(opla_ouvert,opla_extension_min)	app-android	6b2057a9-ee51-4070-8732-9759d30fd521	36
2026-10-05 16:58:07.995	2026-10-05 18:58:07.995	GET	200	/rest/v1/cross_post_jobs	?select=id,platform,title,inventaire_id,listing_url,platform_listing_id,platform_fields&user_id=eq.6b2057a9-ee51-4070-8732-9759d30fd521&status=eq.cancelled&action=in.(publish,republish)&platform_fields=cs.{"pending_removal":true}&platform_fields->>pending_removal_reporte_le=is.null	app-android	6b2057a9-ee51-4070-8732-9759d30fd521	39
2026-10-05 16:58:07.998	2026-10-05 18:58:07.998	GET	200	/rest/v1/fiches_annonce	?select=inventaire_id&user_id=eq.6b2057a9-ee51-4070-8732-9759d30fd521&brouillon=eq.true&limit=200	app-android	6b2057a9-ee51-4070-8732-9759d30fd521	35
2026-10-05 16:58:08.000	2026-10-05 18:58:08.000	GET	200	/rest/v1/inventaire_fusions	?select=id,garde,absorbe,created_at,deplacements,champs_repris&user_id=eq.6b2057a9-ee51-4070-8732-9759d30fd521&defait_le=is.null&order=created_at.desc&limit=500	app-android	6b2057a9-ee51-4070-8732-9759d30fd521	99
2026-10-05 16:58:08.107	2026-10-05 18:58:08.107	GET	200	/rest/v1/cross_post_jobs	?select=id,platform,title,price,inventaire_id,listing_url,platform_fields&user_id=eq.6b2057a9-ee51-4070-8732-9759d30fd521&status=eq.published&action=in.(publish,republish)&platform_fields->>unavailable_since=not.is.null	app-android	6b2057a9-ee51-4070-8732-9759d30fd521	40
2026-10-05 16:58:08.244	2026-10-05 18:58:08.244	GET	200	/rest/v1/annonces_plateforme	?select=id,platform,listing_id,url,titre,prix,proposition&user_id=eq.6b2057a9-ee51-4070-8732-9759d30fd521&inventaire_id=is.null&ignoree_le=is.null&disparu_le=is.null&proposition=not.is.null&limit=200	app-android	6b2057a9-ee51-4070-8732-9759d30fd521	43
2026-10-05 16:58:08.270	2026-10-05 18:58:08.270	GET	200	/rest/v1/cross_post_jobs	?select=inventaire_id&user_id=eq.6b2057a9-ee51-4070-8732-9759d30fd521&action=eq.republish&status=in.(pending,processing,needs_user)&inventaire_id=not.is.null	app-android	6b2057a9-ee51-4070-8732-9759d30fd521	44
2026-10-05 16:58:08.364	2026-10-05 18:58:08.364	GET	200	/rest/v1/profiles	?select=voice_count_today,voice_count_date&id=eq.6b2057a9-ee51-4070-8732-9759d30fd521	app-android	6b2057a9-ee51-4070-8732-9759d30fd521	35
2026-10-05 16:58:08.458	2026-10-05 18:58:08.458	POST	200	/rest/v1/rpc/quotas_etat		app-android	6b2057a9-ee51-4070-8732-9759d30fd521	44
2026-10-05 16:58:09.885	2026-10-05 18:58:09.885	GET	200	/rest/v1/vinted_sync_runs	?select=id,status,page_suivante,total_pages,total_entries,items_vus,items_crees,items_maj,erreur,started_at,finished_at,vinted_login,vinted_user_id&user_id=eq.6b2057a9-ee51-4070-8732-9759d30fd521&kind=eq.dressing&order=started_at.desc&limit=1	web-pc-chrome154	6b2057a9-ee51-4070-8732-9759d30fd521	42
2026-10-05 16:58:16.808	2026-10-05 18:58:16.808	GET	200	/rest/v1/vinted_sync_runs	?select=id,status,page_suivante,total_pages,total_entries,items_vus,items_crees,items_maj,erreur,started_at,finished_at,vinted_login,vinted_user_id&user_id=eq.6b2057a9-ee51-4070-8732-9759d30fd521&kind=eq.dressing&order=started_at.desc&limit=1	web-pc-chrome154	6b2057a9-ee51-4070-8732-9759d30fd521	47
2026-10-05 16:58:16.811	2026-10-05 18:58:16.811	GET	200	/rest/v1/vinted_sync_runs	?select=id,status,page_suivante,total_pages,total_entries,items_vus,items_crees,items_maj,erreur,started_at,finished_at,vinted_login,vinted_user_id&user_id=eq.6b2057a9-ee51-4070-8732-9759d30fd521&kind=eq.dressing&order=started_at.desc&limit=1	web-pc-chrome154	6b2057a9-ee51-4070-8732-9759d30fd521	52
2026-10-05 16:58:16.812	2026-10-05 18:58:16.812	GET	200	/rest/v1/vinted_sync_runs	?select=id,status,page_suivante,total_pages,total_entries,items_vus,items_crees,items_maj,erreur,started_at,finished_at,vinted_login,vinted_user_id&user_id=eq.6b2057a9-ee51-4070-8732-9759d30fd521&kind=eq.dressing&order=started_at.desc&limit=1	web-pc-chrome154	6b2057a9-ee51-4070-8732-9759d30fd521	50
2026-10-05 16:58:18.165	2026-10-05 18:58:18.165	GET	200	/rest/v1/vinted_sync_runs	?select=id,status,page_suivante,total_pages,total_entries,items_vus,items_crees,items_maj,erreur,started_at,finished_at,vinted_login,vinted_user_id&user_id=eq.6b2057a9-ee51-4070-8732-9759d30fd521&kind=eq.dressing&order=started_at.desc&limit=1	web-pc-chrome154	6b2057a9-ee51-4070-8732-9759d30fd521	36
2026-10-05 16:58:18.167	2026-10-05 18:58:18.167	GET	200	/rest/v1/vinted_sync_runs	?select=id,status,page_suivante,total_pages,total_entries,items_vus,items_crees,items_maj,erreur,started_at,finished_at,vinted_login,vinted_user_id&user_id=eq.6b2057a9-ee51-4070-8732-9759d30fd521&kind=eq.dressing&order=started_at.desc&limit=1	web-pc-chrome154	6b2057a9-ee51-4070-8732-9759d30fd521	34
2026-10-05 16:58:19.474	2026-10-05 18:58:19.474	GET	200	/rest/v1/vinted_sync_runs	?select=id,status,page_suivante,total_pages,total_entries,items_vus,items_crees,items_maj,erreur,started_at,finished_at,vinted_login,vinted_user_id&user_id=eq.6b2057a9-ee51-4070-8732-9759d30fd521&kind=eq.dressing&order=started_at.desc&limit=1	web-pc-chrome154	6b2057a9-ee51-4070-8732-9759d30fd521	35
2026-10-05 16:58:19.887	2026-10-05 18:58:19.887	POST	201	/rest/v1/usage_logs		web-pc-chrome154	6b2057a9-ee51-4070-8732-9759d30fd521	37
2026-10-05 16:58:19.889	2026-10-05 18:58:19.889	POST	201	/rest/v1/usage_logs		web-pc-chrome154	6b2057a9-ee51-4070-8732-9759d30fd521	44
2026-10-05 16:58:19.890	2026-10-05 18:58:19.890	GET	200	/rest/v1/coin_config	?select=key,value	web-pc-chrome154	6b2057a9-ee51-4070-8732-9759d30fd521	37
2026-10-05 16:58:19.891	2026-10-05 18:58:19.891	GET	200	/rest/v1/vinted_sync_runs	?select=id,status,page_suivante,total_pages,total_entries,items_vus,items_crees,items_maj,erreur,started_at,finished_at,vinted_login,vinted_user_id&user_id=eq.6b2057a9-ee51-4070-8732-9759d30fd521&kind=eq.dressing&order=started_at.desc&limit=1	web-pc-chrome154	6b2057a9-ee51-4070-8732-9759d30fd521	39
2026-10-05 16:58:19.893	2026-10-05 18:58:19.893	POST	200	/rest/v1/rpc/quotas_etat		web-pc-chrome154	6b2057a9-ee51-4070-8732-9759d30fd521	39
2026-10-05 16:58:20.226	2026-10-05 18:58:20.226	GET	200	/rest/v1/vinted_sync_runs	?select=id,status,page_suivante,total_pages,total_entries,items_vus,items_crees,items_maj,erreur,started_at,finished_at,vinted_login,vinted_user_id&user_id=eq.6b2057a9-ee51-4070-8732-9759d30fd521&kind=eq.dressing&order=started_at.desc&limit=1	web-pc-chrome154	6b2057a9-ee51-4070-8732-9759d30fd521	37
2026-10-05 16:58:20.402	2026-10-05 18:58:20.402	GET	200	/rest/v1/vinted_sync_runs	?select=id,status,page_suivante,total_pages,total_entries,items_vus,items_crees,items_maj,erreur,started_at,finished_at,vinted_login,vinted_user_id&user_id=eq.6b2057a9-ee51-4070-8732-9759d30fd521&kind=eq.dressing&order=started_at.desc&limit=1	web-pc-chrome154	6b2057a9-ee51-4070-8732-9759d30fd521	37
2026-10-05 16:58:20.467	2026-10-05 18:58:20.467	GET	200	/rest/v1/vinted_sync_runs	?select=id,status,page_suivante,total_pages,total_entries,items_vus,items_crees,items_maj,erreur,started_at,finished_at,vinted_login,vinted_user_id&user_id=eq.6b2057a9-ee51-4070-8732-9759d30fd521&kind=eq.dressing&order=started_at.desc&limit=1	web-pc-chrome154	6b2057a9-ee51-4070-8732-9759d30fd521	44
2026-10-05 16:58:21.009	2026-10-05 18:58:21.009	GET	200	/rest/v1/vinted_sync_runs	?select=id,status,page_suivante,total_pages,total_entries,items_vus,items_crees,items_maj,erreur,started_at,finished_at,vinted_login,vinted_user_id&user_id=eq.6b2057a9-ee51-4070-8732-9759d30fd521&kind=eq.dressing&order=started_at.desc&limit=1	web-pc-chrome154	6b2057a9-ee51-4070-8732-9759d30fd521	36
2026-10-05 16:58:55.655	2026-10-05 18:58:55.655	GET	200	/rest/v1/profiles	?id=eq.6b2057a9-ee51-4070-8732-9759d30fd521&select=vinted_sync_pin	extension-pc	6b2057a9-ee51-4070-8732-9759d30fd521	53
2026-10-05 16:58:55.657	2026-10-05 18:58:55.657	PATCH	204	/rest/v1/vinted_sync_runs	?id=eq.62e212b5-6adc-4cbb-bdea-962e414ee2db	extension-pc	6b2057a9-ee51-4070-8732-9759d30fd521	46
2026-10-05 16:58:57.300	2026-10-05 18:58:57.300	GET	200	/rest/v1/cross_post_jobs	?user_id=eq.6b2057a9-ee51-4070-8732-9759d30fd521&action=eq.republish&platform=eq.vinted&status=in.(pending,processing,needs_user)&platform_fields->>republish_step=eq.deleted&select=id,title,platform_fields	extension-pc	6b2057a9-ee51-4070-8732-9759d30fd521	39
2026-10-05 16:58:57.504	2026-10-05 18:58:57.504	GET	200	/rest/v1/vinted_sync_runs	?select=id,status,page_suivante,total_pages,total_entries,items_vus,items_crees,items_maj,erreur,started_at,finished_at,vinted_login,vinted_user_id&user_id=eq.6b2057a9-ee51-4070-8732-9759d30fd521&kind=eq.dressing&order=started_at.desc&limit=1	web-pc-chrome154	6b2057a9-ee51-4070-8732-9759d30fd521	101
2026-10-05 16:58:57.505	2026-10-05 18:58:57.505	GET	200	/rest/v1/cross_post_jobs	?select=id,status,last_checked_at,sale_signal:platform_fields->>sale_signal,unavailable_since:platform_fields->>unavailable_since,pending_removal:platform_fields->>pending_removal,check_unresolved_since:platform_fields->>check_unresolved_since&user_id=eq.6b2057a9-ee51-4070-8732-9759d30fd521&order=created_at.desc&limit=80	web-pc-chrome154	6b2057a9-ee51-4070-8732-9759d30fd521	84
2026-10-05 16:58:57.506	2026-10-05 18:58:57.506	GET	200	/rest/v1/vinted_sync_runs	?select=id,status,page_suivante,total_pages,total_entries,items_vus,items_crees,items_maj,erreur,started_at,finished_at,vinted_login,vinted_user_id&user_id=eq.6b2057a9-ee51-4070-8732-9759d30fd521&kind=eq.dressing&order=started_at.desc&limit=1	web-pc-chrome154	6b2057a9-ee51-4070-8732-9759d30fd521	86
2026-10-05 16:58:57.506	2026-10-05 18:58:57.506	GET	200	/rest/v1/vinted_sync_runs	?select=id,status,page_suivante,total_pages,total_entries,items_vus,items_crees,items_maj,erreur,started_at,finished_at,vinted_login,vinted_user_id&user_id=eq.6b2057a9-ee51-4070-8732-9759d30fd521&kind=eq.dressing&order=started_at.desc&limit=1	web-pc-chrome154	6b2057a9-ee51-4070-8732-9759d30fd521	118
2026-10-05 16:58:57.507	2026-10-05 18:58:57.507	GET	200	/rest/v1/cross_post_jobs	?select=id,inventaire_id,platform,status,error,created_at,published_at,platform_fields,action,listing_url,title,bulk_batch_id,voie&user_id=eq.6b2057a9-ee51-4070-8732-9759d30fd521&or=(status.in.(pending,processing,needs_user),created_at.gte."2026-10-05T16:53:02.488845+00:00",id.in.(c08572f6-2a16-44cf-85bb-dc816759da95))&order=created_at.desc,id.desc&limit=1000	web-pc-chrome154	6b2057a9-ee51-4070-8732-9759d30fd521	113
2026-10-05 16:58:57.508	2026-10-05 18:58:57.508	GET	200	/rest/v1/vinted_sync_runs	?select=id,status,page_suivante,total_pages,total_entries,items_vus,items_crees,items_maj,erreur,started_at,finished_at,vinted_login,vinted_user_id&user_id=eq.6b2057a9-ee51-4070-8732-9759d30fd521&kind=eq.dressing&order=started_at.desc&limit=1	web-pc-chrome154	6b2057a9-ee51-4070-8732-9759d30fd521	83
2026-10-05 16:58:57.510	2026-10-05 18:58:57.510	GET	200	/rest/v1/annonces_plateforme	?select=id,platform,listing_id,url,titre,prix,photo_url,statut_plateforme,proposition,vu_le&user_id=eq.6b2057a9-ee51-4070-8732-9759d30fd521&inventaire_id=is.null&ignoree_le=is.null&disparu_le=is.null&order=vu_le.desc&limit=300	web-pc-chrome154	6b2057a9-ee51-4070-8732-9759d30fd521	65
2026-10-05 16:58:57.510	2026-10-05 18:58:57.510	OPTIONS	200	/rest/v1/cross_post_jobs	?select=id,platform,listing_url,platform_listing_id,created_at&user_id=eq.6b2057a9-ee51-4070-8732-9759d30fd521&action=eq.delete&platform=in.(leboncoin,beebs,ebay,opla)&status=in.(pending,processing,needs_user,deleted)&created_at=gte.2026-08-06T16:58:56.401Z&order=id.asc&limit=500	web-pc-chrome154		47
2026-10-05 16:58:57.511	2026-10-05 18:58:57.511	GET	200	/rest/v1/vinted_sync_runs	?select=id,platform,status,declencheur,items_vus,items_crees,items_maj,total_entries,erreur,queued_at,started_at,finished_at&user_id=eq.6b2057a9-ee51-4070-8732-9759d30fd521&kind=eq.annonces&order=queued_at.desc.nullslast,started_at.desc.nullslast&limit=60	web-pc-chrome154	6b2057a9-ee51-4070-8732-9759d30fd521	100
2026-10-05 16:58:57.512	2026-10-05 18:58:57.512	OPTIONS	200	/rest/v1/cross_post_jobs	?select=id,platform,listing_url,platform_listing_id,created_at&user_id=eq.6b2057a9-ee51-4070-8732-9759d30fd521&action=eq.delete&platform=in.(leboncoin,beebs,ebay,opla)&status=in.(pending,processing,needs_user,deleted)&created_at=gte.2026-08-06T16:58:56.401Z&order=id.asc&limit=500	web-pc-chrome154		46
2026-10-05 16:58:57.516	2026-10-05 18:58:57.516	GET	200	/rest/v1/annonces_plateforme	?select=id,platform,listing_id,vu_le,inventaire_id,ignoree_le,disparu_le&user_id=eq.6b2057a9-ee51-4070-8732-9759d30fd521&disparu_le=is.null&order=id.asc&limit=500	web-pc-chrome154	6b2057a9-ee51-4070-8732-9759d30fd521	110
2026-10-05 16:58:57.517	2026-10-05 18:58:57.517	GET	200	/rest/v1/vinted_sync_runs	?select=id,platform,status,items_vus,erreur,queued_at,started_at,finished_at&user_id=eq.6b2057a9-ee51-4070-8732-9759d30fd521&kind=eq.dressing&status=eq.done&order=finished_at.desc.nullslast&limit=1	web-pc-chrome154	6b2057a9-ee51-4070-8732-9759d30fd521	108
2026-10-05 16:58:57.517	2026-10-05 18:58:57.517	GET	200	/rest/v1/vinted_sync_runs	?select=id,status,page_suivante,total_pages,total_entries,items_vus,items_crees,items_maj,erreur,started_at,finished_at,vinted_login,vinted_user_id&user_id=eq.6b2057a9-ee51-4070-8732-9759d30fd521&kind=eq.dressing&order=started_at.desc&limit=1	web-pc-chrome154	6b2057a9-ee51-4070-8732-9759d30fd521	61
2026-10-05 16:58:57.518	2026-10-05 18:58:57.518	GET	200	/rest/v1/annonces_plateforme	?select=id,platform,inventaire_id,vues,favoris,vu_le&user_id=eq.6b2057a9-ee51-4070-8732-9759d30fd521&inventaire_id=not.is.null&disparu_le=is.null&order=id.asc&limit=500	web-pc-chrome154	6b2057a9-ee51-4070-8732-9759d30fd521	85
2026-10-05 16:58:57.518	2026-10-05 18:58:57.518	GET	200	/rest/v1/inventaire_doublons	?select=id,garde,absorbe,niveau,motif,preuves,created_at&user_id=eq.6b2057a9-ee51-4070-8732-9759d30fd521&statut=eq.proposee&order=created_at.desc&limit=200	web-pc-chrome154	6b2057a9-ee51-4070-8732-9759d30fd521	110
2026-10-05 16:58:57.519	2026-10-05 18:58:57.519	GET	200	/rest/v1/vinted_sync_runs	?select=id,status,page_suivante,total_pages,total_entries,items_vus,items_crees,items_maj,erreur,started_at,finished_at,vinted_login,vinted_user_id&user_id=eq.6b2057a9-ee51-4070-8732-9759d30fd521&kind=eq.dressing&order=started_at.desc&limit=1	web-pc-chrome154	6b2057a9-ee51-4070-8732-9759d30fd521	88
2026-10-05 16:58:57.522	2026-10-05 18:58:57.522	GET	200	/rest/v1/vinted_sync_runs	?select=id,status,page_suivante,total_pages,total_entries,items_vus,items_crees,items_maj,erreur,started_at,finished_at,vinted_login,vinted_user_id&user_id=eq.6b2057a9-ee51-4070-8732-9759d30fd521&kind=eq.dressing&order=started_at.desc&limit=1	web-pc-chrome154	6b2057a9-ee51-4070-8732-9759d30fd521	94
2026-10-05 16:58:57.523	2026-10-05 18:58:57.523	GET	200	/rest/v1/vinted_sync_runs	?select=id,status,page_suivante,total_pages,total_entries,items_vus,items_crees,items_maj,erreur,started_at,finished_at,vinted_login,vinted_user_id&user_id=eq.6b2057a9-ee51-4070-8732-9759d30fd521&kind=eq.dressing&order=started_at.desc&limit=1	web-pc-chrome154	6b2057a9-ee51-4070-8732-9759d30fd521	100
2026-10-05 16:58:57.524	2026-10-05 18:58:57.524	GET	200	/rest/v1/vinted_sync_runs	?select=id,status,page_suivante,total_pages,total_entries,items_vus,items_crees,items_maj,erreur,started_at,finished_at,vinted_login,vinted_user_id&user_id=eq.6b2057a9-ee51-4070-8732-9759d30fd521&kind=eq.dressing&order=started_at.desc&limit=1	web-pc-chrome154	6b2057a9-ee51-4070-8732-9759d30fd521	57
2026-10-05 16:58:57.529	2026-10-05 18:58:57.529	GET	200	/rest/v1/vinted_sync_runs	?select=id,status,page_suivante,total_pages,total_entries,items_vus,items_crees,items_maj,erreur,started_at,finished_at,vinted_login,vinted_user_id&user_id=eq.6b2057a9-ee51-4070-8732-9759d30fd521&kind=eq.dressing&order=started_at.desc&limit=1	web-pc-chrome154	6b2057a9-ee51-4070-8732-9759d30fd521	60
2026-10-05 16:58:57.531	2026-10-05 18:58:57.531	GET	200	/rest/v1/vinted_sync_runs	?select=id,status,page_suivante,total_pages,total_entries,items_vus,items_crees,items_maj,erreur,started_at,finished_at,vinted_login,vinted_user_id&user_id=eq.6b2057a9-ee51-4070-8732-9759d30fd521&kind=eq.dressing&order=started_at.desc&limit=1	web-pc-chrome154	6b2057a9-ee51-4070-8732-9759d30fd521	57
2026-10-05 16:58:57.532	2026-10-05 18:58:57.532	GET	200	/rest/v1/platform_health	?select=platform,message_fr,message_en&paused=eq.true	web-pc-chrome154	6b2057a9-ee51-4070-8732-9759d30fd521	65
2026-10-05 16:58:57.841	2026-10-05 18:58:57.841	POST	200	/rest/v1/rpc/annonces_en_rangement		web-pc-chrome154	6b2057a9-ee51-4070-8732-9759d30fd521	48
2026-10-05 16:58:57.841	2026-10-05 18:58:57.841	POST	201	/rest/v1/usage_logs		web-pc-chrome154	6b2057a9-ee51-4070-8732-9759d30fd521	40
2026-10-05 16:58:57.845	2026-10-05 18:58:57.845	POST	200	/rest/v1/rpc/releves_vides_signales		web-pc-chrome154	6b2057a9-ee51-4070-8732-9759d30fd521	42
2026-10-05 16:58:57.849	2026-10-05 18:58:57.849	GET	200	/rest/v1/vinted_sync_runs	?select=id,status,page_suivante,total_pages,total_entries,items_vus,items_crees,items_maj,erreur,started_at,finished_at,vinted_login,vinted_user_id&user_id=eq.6b2057a9-ee51-4070-8732-9759d30fd521&kind=eq.dressing&order=started_at.desc&limit=1	web-pc-chrome154	6b2057a9-ee51-4070-8732-9759d30fd521	86
2026-10-05 16:58:58.478	2026-10-05 18:58:58.478	GET	200	/rest/v1/cross_post_jobs	?select=id,platform,listing_url,platform_listing_id,created_at&user_id=eq.6b2057a9-ee51-4070-8732-9759d30fd521&action=eq.delete&platform=in.(leboncoin,beebs,ebay,opla)&status=in.(pending,processing,needs_user,deleted)&created_at=gte.2026-08-06T16:58:56.401Z&order=id.asc&limit=500	web-pc-chrome154	6b2057a9-ee51-4070-8732-9759d30fd521	34
2026-10-05 16:58:58.478	2026-10-05 18:58:58.478	POST	201	/rest/v1/usage_logs		extension-pc	6b2057a9-ee51-4070-8732-9759d30fd521	48
2026-10-05 16:58:58.480	2026-10-05 18:58:58.480	GET	200	/rest/v1/inventaire	?select=*&user_id=eq.6b2057a9-ee51-4070-8732-9759d30fd521&fusionne_dans=is.null&order=created_at.desc,id.desc&limit=3000	web-pc-chrome154	6b2057a9-ee51-4070-8732-9759d30fd521	37
2026-10-05 16:58:58.480	2026-10-05 18:58:58.480	GET	200	/rest/v1/vinted_sync_runs	?select=id,status,page_suivante,total_pages,total_entries,items_vus,items_crees,items_maj,erreur,started_at,finished_at,vinted_login,vinted_user_id&user_id=eq.6b2057a9-ee51-4070-8732-9759d30fd521&kind=eq.dressing&order=started_at.desc&limit=1	web-pc-chrome154	6b2057a9-ee51-4070-8732-9759d30fd521	44
2026-10-05 16:58:58.482	2026-10-05 18:58:58.482	GET	200	/rest/v1/ventes	?select=*&user_id=eq.6b2057a9-ee51-4070-8732-9759d30fd521&order=created_at.desc,id.desc&limit=3000	web-pc-chrome154	6b2057a9-ee51-4070-8732-9759d30fd521	43
2026-10-05 16:58:58.485	2026-10-05 18:58:58.485	GET	200	/rest/v1/profiles	?select=is_premium,is_pro,is_business,is_comped,is_founder,apple_original_transaction_id,google_purchase_token,subscription_cancel_at_period_end,subscription_period_end,currency,username,platform_settings,extension_last_seen_at,extension_build,onboarded_at,ebay_voie_api&id=eq.6b2057a9-ee51-4070-8732-9759d30fd521	web-pc-chrome154	6b2057a9-ee51-4070-8732-9759d30fd521	42
2026-10-05 16:59:03.203	2026-10-05 18:59:03.203	GET	200	/rest/v1/vinted_sync_runs	?select=id,status,page_suivante,total_pages,total_entries,items_vus,items_crees,items_maj,erreur,started_at,finished_at,vinted_login,vinted_user_id&user_id=eq.6b2057a9-ee51-4070-8732-9759d30fd521&kind=eq.dressing&order=started_at.desc&limit=1	web-pc-chrome154	6b2057a9-ee51-4070-8732-9759d30fd521	73
2026-10-05 16:59:03.204	2026-10-05 18:59:03.204	GET	200	/rest/v1/cross_post_jobs	?select=inventaire_id&user_id=eq.6b2057a9-ee51-4070-8732-9759d30fd521&status=eq.needs_user&inventaire_id=not.is.null&limit=1000	web-pc-chrome154	6b2057a9-ee51-4070-8732-9759d30fd521	60
2026-10-05 16:59:03.204	2026-10-05 18:59:03.204	GET	200	/rest/v1/annonces_plateforme	?select=id,platform,inventaire_id,vues,favoris,vu_le&user_id=eq.6b2057a9-ee51-4070-8732-9759d30fd521&inventaire_id=not.is.null&disparu_le=is.null&order=id.asc&limit=500&id=gt.f3f1c690-5fa5-4428-b927-5792a6b568d7	web-pc-chrome154	6b2057a9-ee51-4070-8732-9759d30fd521	68
2026-10-05 16:59:03.204	2026-10-05 18:59:03.204	GET	200	/rest/v1/cross_post_jobs	?select=id,platform,listing_url,platform_listing_id,created_at&user_id=eq.6b2057a9-ee51-4070-8732-9759d30fd521&action=eq.delete&platform=in.(leboncoin,beebs,ebay,opla)&status=in.(pending,processing,needs_user,deleted)&created_at=gte.2026-08-06T16:58:56.401Z&order=id.asc&limit=500	web-pc-chrome154	6b2057a9-ee51-4070-8732-9759d30fd521	64
2026-10-05 16:59:03.206	2026-10-05 18:59:03.206	GET	200	/rest/v1/profiles	?select=plateformes_visibles&id=eq.6b2057a9-ee51-4070-8732-9759d30fd521	web-pc-chrome154	6b2057a9-ee51-4070-8732-9759d30fd521	67
2026-10-05 16:59:03.206	2026-10-05 18:59:03.206	GET	200	/rest/v1/coin_config	?select=key,value&key=in.(opla_ouvert,opla_extension_min)	web-pc-chrome154	6b2057a9-ee51-4070-8732-9759d30fd521	62
2026-10-05 16:59:03.206	2026-10-05 18:59:03.206	GET	200	/rest/v1/annonces_plateforme	?select=id,platform,listing_id,vu_le,inventaire_id,ignoree_le,disparu_le&user_id=eq.6b2057a9-ee51-4070-8732-9759d30fd521&disparu_le=is.null&order=id.asc&limit=500&id=gt.f3f1c690-5fa5-4428-b927-5792a6b568d7	web-pc-chrome154	6b2057a9-ee51-4070-8732-9759d30fd521	60
2026-10-05 16:59:03.207	2026-10-05 18:59:03.207	GET	200	/rest/v1/profiles	?select=extension_version&id=eq.6b2057a9-ee51-4070-8732-9759d30fd521	web-pc-chrome154	6b2057a9-ee51-4070-8732-9759d30fd521	61
2026-10-05 16:59:03.207	2026-10-05 18:59:03.207	GET	200	/rest/v1/fiches_annonce	?select=inventaire_id&user_id=eq.6b2057a9-ee51-4070-8732-9759d30fd521&brouillon=eq.true&limit=200	web-pc-chrome154	6b2057a9-ee51-4070-8732-9759d30fd521	71
2026-10-05 16:59:03.208	2026-10-05 18:59:03.208	GET	200	/rest/v1/cross_post_jobs	?select=id,platform,title,inventaire_id,listing_url,platform_listing_id,platform_fields&user_id=eq.6b2057a9-ee51-4070-8732-9759d30fd521&status=eq.cancelled&action=in.(publish,republish)&platform_fields=cs.{"pending_removal":true}&platform_fields->>pending_removal_reporte_le=is.null	web-pc-chrome154	6b2057a9-ee51-4070-8732-9759d30fd521	61
2026-10-05 16:59:03.209	2026-10-05 18:59:03.209	GET	200	/rest/v1/inventaire_fusions	?select=id,garde,absorbe,created_at,deplacements,champs_repris&user_id=eq.6b2057a9-ee51-4070-8732-9759d30fd521&defait_le=is.null&order=created_at.desc&limit=500	web-pc-chrome154	6b2057a9-ee51-4070-8732-9759d30fd521	60
2026-10-05 16:59:03.505	2026-10-05 18:59:03.505	GET	200	/auth/v1/user		serveur-fonction-edge	6b2057a9-ee51-4070-8732-9759d30fd521	45
2026-10-05 16:59:03.577	2026-10-05 18:59:03.577	GET	200	/rest/v1/coin_config	?select=value&key=eq.opla_sortie_le	serveur-fonction-edge	6b2057a9-ee51-4070-8732-9759d30fd521	37
2026-10-05 16:59:03.663	2026-10-05 18:59:03.663	GET	200	/rest/v1/cross_post_jobs	?select=id,inventaire_id&status=eq.needs_user&action=neq.delete	serveur-fonction-edge	6b2057a9-ee51-4070-8732-9759d30fd521	41
2026-10-05 16:59:03.720	2026-10-05 18:59:03.720	POST	200	/rest/v1/rpc/republish_planifiee_fenetres_courantes		serveur-fonction-edge	6b2057a9-ee51-4070-8732-9759d30fd521	134
2026-10-05 16:59:03.870	2026-10-05 18:59:03.870	GET	200	/rest/v1/coin_config	?select=key,value&key=in.(republish_plafond_jour,republish_plafond_jour_premium,republish_plafond_jour_pro,republish_plafond_jour_business,republish_pause_apres,republish_pause_duree_min)	serveur-fonction-edge	6b2057a9-ee51-4070-8732-9759d30fd521	36
2026-10-05 16:59:03.921	2026-10-05 18:59:03.921	GET	200	/rest/v1/profiles	?select=is_business,is_pro,is_premium,is_comped&id=eq.6b2057a9-ee51-4070-8732-9759d30fd521	serveur-fonction-edge	6b2057a9-ee51-4070-8732-9759d30fd521	36
2026-10-05 16:59:03.972	2026-10-05 18:59:03.972	GET	200	/rest/v1/cross_post_jobs	?select=published_at&action=eq.republish&status=eq.published&published_at=gte.2026-10-01T16:59:03.962Z&order=published_at.desc&limit=1000	serveur-fonction-edge	6b2057a9-ee51-4070-8732-9759d30fd521	38
2026-10-05 16:59:04.459	2026-10-05 18:59:04.459	GET	200	/rest/v1/vinted_sync_runs	?select=id,status,page_suivante,total_pages,total_entries,items_vus,items_crees,items_maj,erreur,started_at,finished_at,vinted_login,vinted_user_id&user_id=eq.6b2057a9-ee51-4070-8732-9759d30fd521&kind=eq.dressing&order=started_at.desc&limit=1	web-pc-chrome154	6b2057a9-ee51-4070-8732-9759d30fd521	47
2026-10-05 16:59:04.459	2026-10-05 18:59:04.459	GET	200	/rest/v1/vinted_sync_runs	?select=id,status,page_suivante,total_pages,total_entries,items_vus,items_crees,items_maj,erreur,started_at,finished_at,vinted_login,vinted_user_id&user_id=eq.6b2057a9-ee51-4070-8732-9759d30fd521&kind=eq.dressing&order=started_at.desc&limit=1	web-pc-chrome154	6b2057a9-ee51-4070-8732-9759d30fd521	45
2026-10-05 16:59:04.626	2026-10-05 18:59:04.626	GET	200	/rest/v1/cross_post_jobs	?select=id,platform,title,price,inventaire_id,listing_url,platform_fields&user_id=eq.6b2057a9-ee51-4070-8732-9759d30fd521&status=eq.published&action=in.(publish,republish)&platform_fields->>unavailable_since=not.is.null	web-pc-chrome154	6b2057a9-ee51-4070-8732-9759d30fd521	42
2026-10-05 16:59:05.014	2026-10-05 18:59:05.014	GET	200	/rest/v1/vinted_sync_runs	?select=id,status,page_suivante,total_pages,total_entries,items_vus,items_crees,items_maj,erreur,started_at,finished_at,vinted_login,vinted_user_id&user_id=eq.6b2057a9-ee51-4070-8732-9759d30fd521&kind=eq.dressing&order=started_at.desc&limit=1	web-pc-chrome154	6b2057a9-ee51-4070-8732-9759d30fd521	44
2026-10-05 16:59:05.015	2026-10-05 18:59:05.015	GET	200	/rest/v1/ventes	?select=*&user_id=eq.6b2057a9-ee51-4070-8732-9759d30fd521&order=created_at.desc,id.desc&limit=3000	web-pc-chrome154	6b2057a9-ee51-4070-8732-9759d30fd521	46
2026-10-05 16:59:05.016	2026-10-05 18:59:05.016	GET	200	/rest/v1/inventaire	?select=*&user_id=eq.6b2057a9-ee51-4070-8732-9759d30fd521&fusionne_dans=is.null&order=created_at.desc,id.desc&limit=3000	web-pc-chrome154	6b2057a9-ee51-4070-8732-9759d30fd521	40
2026-10-05 16:59:05.016	2026-10-05 18:59:05.016	GET	200	/rest/v1/inventaire_doublons	?select=id,garde,absorbe,niveau,motif,preuves,created_at&user_id=eq.6b2057a9-ee51-4070-8732-9759d30fd521&statut=eq.proposee&order=created_at.desc&limit=200	web-pc-chrome154	6b2057a9-ee51-4070-8732-9759d30fd521	38
2026-10-05 16:59:05.019	2026-10-05 18:59:05.019	GET	200	/rest/v1/profiles	?select=is_premium,is_pro,is_business,is_comped,is_founder,apple_original_transaction_id,google_purchase_token,subscription_cancel_at_period_end,subscription_period_end,currency,username,platform_settings,extension_last_seen_at,extension_build,onboarded_at,ebay_voie_api&id=eq.6b2057a9-ee51-4070-8732-9759d30fd521	web-pc-chrome154	6b2057a9-ee51-4070-8732-9759d30fd521	39
2026-10-05 16:59:06.366	2026-10-05 18:59:06.366	GET	200	/rest/v1/cross_post_jobs	?select=inventaire_id&user_id=eq.6b2057a9-ee51-4070-8732-9759d30fd521&action=eq.republish&status=in.(pending,processing,needs_user)&inventaire_id=not.is.null	web-pc-chrome154	6b2057a9-ee51-4070-8732-9759d30fd521	42
2026-10-05 16:59:06.367	2026-10-05 18:59:06.367	GET	200	/rest/v1/vinted_sync_runs	?select=id,status,page_suivante,total_pages,total_entries,items_vus,items_crees,items_maj,erreur,started_at,finished_at,vinted_login,vinted_user_id&user_id=eq.6b2057a9-ee51-4070-8732-9759d30fd521&kind=eq.dressing&order=started_at.desc&limit=1	web-pc-chrome154	6b2057a9-ee51-4070-8732-9759d30fd521	41
2026-10-05 16:59:06.367	2026-10-05 18:59:06.367	GET	200	/rest/v1/annonces_plateforme	?select=id,platform,listing_id,url,titre,prix,proposition&user_id=eq.6b2057a9-ee51-4070-8732-9759d30fd521&inventaire_id=is.null&ignoree_le=is.null&disparu_le=is.null&proposition=not.is.null&limit=200	web-pc-chrome154	6b2057a9-ee51-4070-8732-9759d30fd521	41
2026-10-05 16:59:06.368	2026-10-05 18:59:06.368	GET	200	/rest/v1/inventaire	?user_id=eq.6b2057a9-ee51-4070-8732-9759d30fd521&vinted_item_id=in.("10224163222","10224084656","10256720066","10256642314","10256436645","10256333060","10224320859","10223981485")&select=id,vinted_item_id,first_seen_at,statut,origine,photos,prix_vente	extension-pc	6b2057a9-ee51-4070-8732-9759d30fd521	47
2026-10-05 16:59:06.368	2026-10-05 18:59:06.368	GET	200	/rest/v1/cross_post_jobs	?select=inventaire_id&user_id=eq.6b2057a9-ee51-4070-8732-9759d30fd521&status=eq.needs_user&inventaire_id=not.is.null&limit=1000	web-pc-chrome154	6b2057a9-ee51-4070-8732-9759d30fd521	42
2026-10-05 16:59:06.368	2026-10-05 18:59:06.368	GET	200	/rest/v1/inventaire_fusions	?select=id,garde,absorbe,created_at,deplacements,champs_repris&user_id=eq.6b2057a9-ee51-4070-8732-9759d30fd521&defait_le=is.null&order=created_at.desc&limit=500	web-pc-chrome154	6b2057a9-ee51-4070-8732-9759d30fd521	45
2026-10-05 16:59:06.370	2026-10-05 18:59:06.370	GET	200	/rest/v1/profiles	?select=extension_version&id=eq.6b2057a9-ee51-4070-8732-9759d30fd521	web-pc-chrome154	6b2057a9-ee51-4070-8732-9759d30fd521	48
2026-10-05 16:59:06.371	2026-10-05 18:59:06.371	GET	200	/rest/v1/coin_config	?select=key,value&key=in.(opla_ouvert,opla_extension_min)	web-pc-chrome154	6b2057a9-ee51-4070-8732-9759d30fd521	47
2026-10-05 16:59:06.372	2026-10-05 18:59:06.372	GET	200	/rest/v1/cross_post_jobs	?select=id,platform,title,inventaire_id,listing_url,platform_listing_id,platform_fields&user_id=eq.6b2057a9-ee51-4070-8732-9759d30fd521&status=eq.cancelled&action=in.(publish,republish)&platform_fields=cs.{"pending_removal":true}&platform_fields->>pending_removal_reporte_le=is.null	web-pc-chrome154	6b2057a9-ee51-4070-8732-9759d30fd521	40
2026-10-05 16:59:06.373	2026-10-05 18:59:06.373	GET	200	/rest/v1/fiches_annonce	?select=inventaire_id&user_id=eq.6b2057a9-ee51-4070-8732-9759d30fd521&brouillon=eq.true&limit=200	web-pc-chrome154	6b2057a9-ee51-4070-8732-9759d30fd521	36
2026-10-05 16:59:06.597	2026-10-05 18:59:06.597	GET	200	/rest/v1/vinted_sync_runs	?select=id,status,page_suivante,total_pages,total_entries,items_vus,items_crees,items_maj,erreur,started_at,finished_at,vinted_login,vinted_user_id&user_id=eq.6b2057a9-ee51-4070-8732-9759d30fd521&kind=eq.dressing&order=started_at.desc&limit=1	web-pc-chrome154	6b2057a9-ee51-4070-8732-9759d30fd521	38
2026-10-05 16:59:07.066	2026-10-05 18:59:07.066	POST	201	/rest/v1/usage_logs		web-pc-chrome154	6b2057a9-ee51-4070-8732-9759d30fd521	56
2026-10-05 16:59:07.068	2026-10-05 18:59:07.068	GET	200	/rest/v1/vinted_sync_runs	?select=id,status,page_suivante,total_pages,total_entries,items_vus,items_crees,items_maj,erreur,started_at,finished_at,vinted_login,vinted_user_id&user_id=eq.6b2057a9-ee51-4070-8732-9759d30fd521&kind=eq.dressing&order=started_at.desc&limit=1	web-pc-chrome154	6b2057a9-ee51-4070-8732-9759d30fd521	49
2026-10-05 16:59:07.069	2026-10-05 18:59:07.069	GET	200	/rest/v1/vinted_sync_runs	?select=id,status,page_suivante,total_pages,total_entries,items_vus,items_crees,items_maj,erreur,started_at,finished_at,vinted_login,vinted_user_id&user_id=eq.6b2057a9-ee51-4070-8732-9759d30fd521&kind=eq.dressing&order=started_at.desc&limit=1	web-pc-chrome154	6b2057a9-ee51-4070-8732-9759d30fd521	49
2026-10-05 16:59:07.070	2026-10-05 18:59:07.070	GET	200	/rest/v1/platform_health	?select=platform,message_fr,message_en&paused=eq.true	web-pc-chrome154	6b2057a9-ee51-4070-8732-9759d30fd521	45
2026-10-05 16:59:07.071	2026-10-05 18:59:07.071	GET	200	/rest/v1/cross_post_jobs	?select=id,status,last_checked_at,sale_signal:platform_fields->>sale_signal,unavailable_since:platform_fields->>unavailable_since,pending_removal:platform_fields->>pending_removal,check_unresolved_since:platform_fields->>check_unresolved_since&user_id=eq.6b2057a9-ee51-4070-8732-9759d30fd521&order=created_at.desc&limit=80	web-pc-chrome154	6b2057a9-ee51-4070-8732-9759d30fd521	54
2026-10-05 16:59:07.604	2026-10-05 18:59:07.604	GET	200	/rest/v1/cross_post_jobs	?select=id,platform,title,price,inventaire_id,listing_url,platform_fields&user_id=eq.6b2057a9-ee51-4070-8732-9759d30fd521&status=eq.published&action=in.(publish,republish)&platform_fields->>unavailable_since=not.is.null	web-pc-chrome154	6b2057a9-ee51-4070-8732-9759d30fd521	41
2026-10-05 16:59:11.795	2026-10-05 18:59:11.795	GET	200	/rest/v1/cross_post_jobs	?user_id=eq.6b2057a9-ee51-4070-8732-9759d30fd521&platform=eq.vinted&action=in.(publish,republish)&status=in.(published,sold)&inventaire_id=not.is.null&listing_url=not.is.null&select=inventaire_id,platform_listing_id,listing_url&order=created_at.desc&limit=1000	extension-pc	6b2057a9-ee51-4070-8732-9759d30fd521	85
2026-10-05 16:59:11.892	2026-10-05 18:59:11.892	GET	200	/rest/v1/vinted_sync_runs	?select=id,status,page_suivante,total_pages,total_entries,items_vus,items_crees,items_maj,erreur,started_at,finished_at,vinted_login,vinted_user_id&user_id=eq.6b2057a9-ee51-4070-8732-9759d30fd521&kind=eq.dressing&order=started_at.desc&limit=1	web-pc-chrome154	6b2057a9-ee51-4070-8732-9759d30fd521	39
2026-10-05 16:59:12.346	2026-10-05 18:59:12.346	GET	200	/rest/v1/vinted_sync_runs	?select=id,status,page_suivante,total_pages,total_entries,items_vus,items_crees,items_maj,erreur,started_at,finished_at,vinted_login,vinted_user_id&user_id=eq.6b2057a9-ee51-4070-8732-9759d30fd521&kind=eq.dressing&order=started_at.desc&limit=1	web-pc-chrome154	6b2057a9-ee51-4070-8732-9759d30fd521	34
2026-10-05 16:59:12.347	2026-10-05 18:59:12.347	GET	200	/rest/v1/annonces_plateforme	?select=id,platform,listing_id,url,titre,prix,proposition&user_id=eq.6b2057a9-ee51-4070-8732-9759d30fd521&inventaire_id=is.null&ignoree_le=is.null&disparu_le=is.null&proposition=not.is.null&limit=200	web-pc-chrome154	6b2057a9-ee51-4070-8732-9759d30fd521	44
2026-10-05 16:59:12.352	2026-10-05 18:59:12.352	GET	200	/rest/v1/cross_post_jobs	?select=inventaire_id&user_id=eq.6b2057a9-ee51-4070-8732-9759d30fd521&action=eq.republish&status=in.(pending,processing,needs_user)&inventaire_id=not.is.null	web-pc-chrome154	6b2057a9-ee51-4070-8732-9759d30fd521	38
2026-10-05 16:59:12.724	2026-10-05 18:59:12.724	GET	200	/rest/v1/vinted_sync_runs	?select=id,status,page_suivante,total_pages,total_entries,items_vus,items_crees,items_maj,erreur,started_at,finished_at,vinted_login,vinted_user_id&user_id=eq.6b2057a9-ee51-4070-8732-9759d30fd521&kind=eq.dressing&order=started_at.desc&limit=1	web-pc-chrome154	6b2057a9-ee51-4070-8732-9759d30fd521	42
2026-10-05 16:59:12.960	2026-10-05 18:59:12.960	GET	200	/rest/v1/profiles	?select=voice_count_today,voice_count_date&id=eq.6b2057a9-ee51-4070-8732-9759d30fd521	web-pc-chrome154	6b2057a9-ee51-4070-8732-9759d30fd521	40
2026-10-05 16:59:13.663	2026-10-05 18:59:13.663	POST	201	/rest/v1/inventaire	?on_conflict=user_id,vinted_item_id	extension-pc	6b2057a9-ee51-4070-8732-9759d30fd521	49
2026-10-05 16:59:14.400	2026-10-05 18:59:14.400	GET	200	/rest/v1/vinted_sync_runs	?select=id,status,page_suivante,total_pages,total_entries,items_vus,items_crees,items_maj,erreur,started_at,finished_at,vinted_login,vinted_user_id&user_id=eq.6b2057a9-ee51-4070-8732-9759d30fd521&kind=eq.dressing&order=started_at.desc&limit=1	web-pc-chrome154	6b2057a9-ee51-4070-8732-9759d30fd521	39
2026-10-05 16:59:16.515	2026-10-05 18:59:16.515	GET	200	/rest/v1/vinted_sync_runs	?select=id,status,page_suivante,total_pages,total_entries,items_vus,items_crees,items_maj,erreur,started_at,finished_at,vinted_login,vinted_user_id&user_id=eq.6b2057a9-ee51-4070-8732-9759d30fd521&kind=eq.dressing&order=started_at.desc&limit=1	web-pc-chrome154	6b2057a9-ee51-4070-8732-9759d30fd521	44
2026-10-05 16:59:16.516	2026-10-05 18:59:16.516	POST	201	/rest/v1/vinted_listing_snapshots	?on_conflict=user_id,vinted_item_id,captured_on	extension-pc	6b2057a9-ee51-4070-8732-9759d30fd521	41
2026-10-05 16:59:18.575	2026-10-05 18:59:18.575	GET	200	/rest/v1/vinted_sync_runs	?select=id,status,page_suivante,total_pages,total_entries,items_vus,items_crees,items_maj,erreur,started_at,finished_at,vinted_login,vinted_user_id&user_id=eq.6b2057a9-ee51-4070-8732-9759d30fd521&kind=eq.dressing&order=started_at.desc&limit=1	web-pc-chrome154	6b2057a9-ee51-4070-8732-9759d30fd521	47
2026-10-05 16:59:18.790	2026-10-05 18:59:18.790	POST	201	/rest/v1/cross_post_jobs		extension-pc	6b2057a9-ee51-4070-8732-9759d30fd521	58
2026-10-05 16:59:19.744	2026-10-05 18:59:19.744	GET	200	/rest/v1/vinted_sync_runs	?select=id,status,page_suivante,total_pages,total_entries,items_vus,items_crees,items_maj,erreur,started_at,finished_at,vinted_login,vinted_user_id&user_id=eq.6b2057a9-ee51-4070-8732-9759d30fd521&kind=eq.dressing&order=started_at.desc&limit=1	web-pc-chrome154	6b2057a9-ee51-4070-8732-9759d30fd521	40
2026-10-05 16:59:19.744	2026-10-05 18:59:19.744	PATCH	204	/rest/v1/vinted_sync_runs	?id=eq.62e212b5-6adc-4cbb-bdea-962e414ee2db	extension-pc	6b2057a9-ee51-4070-8732-9759d30fd521	44
2026-10-05 16:59:19.952	2026-10-05 18:59:19.952	GET	200	/rest/v1/vinted_sync_runs	?select=id,status,page_suivante,total_pages,total_entries,items_vus,items_crees,items_maj,erreur,started_at,finished_at,vinted_login,vinted_user_id&user_id=eq.6b2057a9-ee51-4070-8732-9759d30fd521&kind=eq.dressing&order=started_at.desc&limit=1	web-pc-chrome154	6b2057a9-ee51-4070-8732-9759d30fd521	41
2026-10-05 16:59:19.956	2026-10-05 18:59:19.956	GET	200	/rest/v1/inventaire	?user_id=eq.6b2057a9-ee51-4070-8732-9759d30fd521&vinted_item_id=in.("10223918972","10223856235","10208150267","10208007249","10207909228","10207736153","10204940177","10204825309")&select=id,vinted_item_id,first_seen_at,statut,origine,photos,prix_vente	extension-pc	6b2057a9-ee51-4070-8732-9759d30fd521	35
2026-10-05 16:59:20.559	2026-10-05 18:59:20.559	GET	200	/rest/v1/cross_post_jobs	?user_id=eq.6b2057a9-ee51-4070-8732-9759d30fd521&platform=eq.vinted&action=in.(publish,republish)&status=in.(published,sold)&inventaire_id=not.is.null&listing_url=not.is.null&select=inventaire_id,platform_listing_id,listing_url&order=created_at.desc&limit=1000	extension-pc	6b2057a9-ee51-4070-8732-9759d30fd521	34
2026-10-05 16:59:20.565	2026-10-05 18:59:20.565	GET	200	/rest/v1/vinted_sync_runs	?select=id,status,page_suivante,total_pages,total_entries,items_vus,items_crees,items_maj,erreur,started_at,finished_at,vinted_login,vinted_user_id&user_id=eq.6b2057a9-ee51-4070-8732-9759d30fd521&kind=eq.dressing&order=started_at.desc&limit=1	web-pc-chrome154	6b2057a9-ee51-4070-8732-9759d30fd521	41
2026-10-05 16:59:20.570	2026-10-05 18:59:20.570	GET	200	/rest/v1/cross_post_jobs	?select=id,status,last_checked_at,sale_signal:platform_fields->>sale_signal,unavailable_since:platform_fields->>unavailable_since,pending_removal:platform_fields->>pending_removal,check_unresolved_since:platform_fields->>check_unresolved_since&user_id=eq.6b2057a9-ee51-4070-8732-9759d30fd521&order=created_at.desc&limit=80	web-pc-chrome154	6b2057a9-ee51-4070-8732-9759d30fd521	44
2026-10-05 16:59:21.400	2026-10-05 18:59:21.400	GET	200	/rest/v1/vinted_sync_runs	?select=id,status,page_suivante,total_pages,total_entries,items_vus,items_crees,items_maj,erreur,started_at,finished_at,vinted_login,vinted_user_id&user_id=eq.6b2057a9-ee51-4070-8732-9759d30fd521&kind=eq.dressing&order=started_at.desc&limit=1	web-pc-chrome154	6b2057a9-ee51-4070-8732-9759d30fd521	42
2026-10-05 16:59:21.404	2026-10-05 18:59:21.404	POST	201	/rest/v1/inventaire	?on_conflict=user_id,vinted_item_id	extension-pc	6b2057a9-ee51-4070-8732-9759d30fd521	46
2026-10-05 16:59:21.425	2026-10-05 18:59:21.425	GET	200	/rest/v1/ventes	?select=*&user_id=eq.6b2057a9-ee51-4070-8732-9759d30fd521&order=created_at.desc,id.desc&limit=3000	web-pc-chrome154	6b2057a9-ee51-4070-8732-9759d30fd521	42
2026-10-05 16:59:21.429	2026-10-05 18:59:21.429	GET	200	/rest/v1/inventaire	?select=*&user_id=eq.6b2057a9-ee51-4070-8732-9759d30fd521&fusionne_dans=is.null&order=created_at.desc,id.desc&limit=3000	web-pc-chrome154	6b2057a9-ee51-4070-8732-9759d30fd521	43
2026-10-05 16:59:21.431	2026-10-05 18:59:21.431	GET	200	/rest/v1/profiles	?select=is_premium,is_pro,is_business,is_comped,is_founder,apple_original_transaction_id,google_purchase_token,subscription_cancel_at_period_end,subscription_period_end,currency,username,platform_settings,extension_last_seen_at,extension_build,onboarded_at,ebay_voie_api&id=eq.6b2057a9-ee51-4070-8732-9759d30fd521	web-pc-chrome154	6b2057a9-ee51-4070-8732-9759d30fd521	40
2026-10-05 16:59:24.128	2026-10-05 18:59:24.128	POST	201	/rest/v1/vinted_listing_snapshots	?on_conflict=user_id,vinted_item_id,captured_on	extension-pc	6b2057a9-ee51-4070-8732-9759d30fd521	44
2026-10-05 16:59:24.134	2026-10-05 18:59:24.134	GET	200	/rest/v1/vinted_sync_runs	?select=id,status,page_suivante,total_pages,total_entries,items_vus,items_crees,items_maj,erreur,started_at,finished_at,vinted_login,vinted_user_id&user_id=eq.6b2057a9-ee51-4070-8732-9759d30fd521&kind=eq.dressing&order=started_at.desc&limit=1	web-pc-chrome154	6b2057a9-ee51-4070-8732-9759d30fd521	62
2026-10-05 16:59:24.170	2026-10-05 18:59:24.170	GET	200	/rest/v1/profiles	?select=plateformes_visibles&id=eq.6b2057a9-ee51-4070-8732-9759d30fd521	web-pc-chrome154	6b2057a9-ee51-4070-8732-9759d30fd521	54
2026-10-05 16:59:24.174	2026-10-05 18:59:24.174	GET	200	/rest/v1/cross_post_jobs	?select=inventaire_id&user_id=eq.6b2057a9-ee51-4070-8732-9759d30fd521&status=eq.needs_user&inventaire_id=not.is.null&limit=1000	web-pc-chrome154	6b2057a9-ee51-4070-8732-9759d30fd521	59
2026-10-05 16:59:24.178	2026-10-05 18:59:24.178	GET	200	/rest/v1/profiles	?select=extension_version&id=eq.6b2057a9-ee51-4070-8732-9759d30fd521	web-pc-chrome154	6b2057a9-ee51-4070-8732-9759d30fd521	50
2026-10-05 16:59:24.181	2026-10-05 18:59:24.181	GET	200	/rest/v1/coin_config	?select=key,value&key=in.(opla_ouvert,opla_extension_min)	web-pc-chrome154	6b2057a9-ee51-4070-8732-9759d30fd521	50
2026-10-05 16:59:24.495	2026-10-05 18:59:24.495	OPTIONS	200	/rest/v1/vinted_listing_snapshots	?select=vinted_item_id,price&user_id=eq.6b2057a9-ee51-4070-8732-9759d30fd521&vinted_item_id=in.(10204825309,10204940177,10207736153,10207909228,10208007249,10208150267,10223856235,10223918972,10223981485,10224320859,10256333060,10256436645,10256642314,10256720066,10224084656,10224163222)&order=captured_at.desc&limit=1000	web-pc-chrome154		0
2026-10-05 16:59:24.499	2026-10-05 18:59:24.499	GET	200	/rest/v1/inventaire_fusions	?select=id,garde,absorbe,created_at,deplacements,champs_repris&user_id=eq.6b2057a9-ee51-4070-8732-9759d30fd521&defait_le=is.null&order=created_at.desc&limit=500	web-pc-chrome154	6b2057a9-ee51-4070-8732-9759d30fd521	37
2026-10-05 16:59:24.504	2026-10-05 18:59:24.504	GET	200	/rest/v1/fiches_annonce	?select=inventaire_id&user_id=eq.6b2057a9-ee51-4070-8732-9759d30fd521&brouillon=eq.true&limit=200	web-pc-chrome154	6b2057a9-ee51-4070-8732-9759d30fd521	41
2026-10-05 16:59:26.064	2026-10-05 18:59:26.064	POST	201	/rest/v1/cross_post_jobs		extension-pc	6b2057a9-ee51-4070-8732-9759d30fd521	40
2026-10-05 16:59:26.070	2026-10-05 18:59:26.070	GET	200	/rest/v1/vinted_sync_runs	?select=id,status,page_suivante,total_pages,total_entries,items_vus,items_crees,items_maj,erreur,started_at,finished_at,vinted_login,vinted_user_id&user_id=eq.6b2057a9-ee51-4070-8732-9759d30fd521&kind=eq.dressing&order=started_at.desc&limit=1	web-pc-chrome154	6b2057a9-ee51-4070-8732-9759d30fd521	39
2026-10-05 16:59:26.266	2026-10-05 18:59:26.266	GET	200	/rest/v1/vinted_listing_snapshots	?select=vinted_item_id,price&user_id=eq.6b2057a9-ee51-4070-8732-9759d30fd521&vinted_item_id=in.(10204825309,10204940177,10207736153,10207909228,10208007249,10208150267,10223856235,10223918972,10223981485,10224320859,10256333060,10256436645,10256642314,10256720066,10224084656,10224163222)&order=captured_at.desc&limit=1000	web-pc-chrome154	6b2057a9-ee51-4070-8732-9759d30fd521	34
2026-10-05 16:59:26.483	2026-10-05 18:59:26.483	GET	200	/rest/v1/cross_post_jobs	?select=id,platform,title,inventaire_id,listing_url,platform_listing_id,platform_fields&user_id=eq.6b2057a9-ee51-4070-8732-9759d30fd521&status=eq.cancelled&action=in.(publish,republish)&platform_fields=cs.{"pending_removal":true}&platform_fields->>pending_removal_reporte_le=is.null	web-pc-chrome154	6b2057a9-ee51-4070-8732-9759d30fd521	35
2026-10-05 16:59:26.971	2026-10-05 18:59:26.971	PATCH	204	/rest/v1/vinted_sync_runs	?id=eq.62e212b5-6adc-4cbb-bdea-962e414ee2db	extension-pc	6b2057a9-ee51-4070-8732-9759d30fd521	37
2026-10-05 16:59:26.976	2026-10-05 18:59:26.976	GET	200	/rest/v1/vinted_sync_runs	?select=id,status,page_suivante,total_pages,total_entries,items_vus,items_crees,items_maj,erreur,started_at,finished_at,vinted_login,vinted_user_id&user_id=eq.6b2057a9-ee51-4070-8732-9759d30fd521&kind=eq.dressing&order=started_at.desc&limit=1	web-pc-chrome154	6b2057a9-ee51-4070-8732-9759d30fd521	51
2026-10-05 16:59:27.766	2026-10-05 18:59:27.766	GET	200	/rest/v1/profiles	?select=extension_postes,extension_sessions&id=eq.6b2057a9-ee51-4070-8732-9759d30fd521	web-pc-chrome154	6b2057a9-ee51-4070-8732-9759d30fd521	41
2026-10-05 16:59:27.770	2026-10-05 18:59:27.770	GET	200	/rest/v1/vinted_sync_runs	?select=finished_at&user_id=eq.6b2057a9-ee51-4070-8732-9759d30fd521&platform=eq.opla&erreur=ilike.%session+Opla+refus%HTTP+401%&finished_at=not.is.null&order=finished_at.desc&limit=1	web-pc-chrome154	6b2057a9-ee51-4070-8732-9759d30fd521	36
2026-10-05 16:59:27.772	2026-10-05 18:59:27.772	GET	200	/rest/v1/cross_post_jobs	?select=published_at&user_id=eq.6b2057a9-ee51-4070-8732-9759d30fd521&platform=eq.opla&status=eq.published&published_at=not.is.null&or=(handler_build.is.null,handler_build.neq.releve-annonces)&order=published_at.desc&limit=1	web-pc-chrome154	6b2057a9-ee51-4070-8732-9759d30fd521	37
2026-10-05 16:59:27.776	2026-10-05 18:59:27.776	GET	200	/rest/v1/cross_post_jobs	?select=created_at,platform_fields&user_id=eq.6b2057a9-ee51-4070-8732-9759d30fd521&platform=eq.opla&status=eq.needs_user&platform_fields->>needs_user_source=eq.opla_acces&limit=50	web-pc-chrome154	6b2057a9-ee51-4070-8732-9759d30fd521	36
2026-10-05 16:59:29.553	2026-10-05 18:59:29.553	GET	200	/rest/v1/vinted_sync_runs	?select=finished_at&user_id=eq.6b2057a9-ee51-4070-8732-9759d30fd521&platform=eq.opla&status=eq.done&kind=neq.connexion&finished_at=not.is.null&order=finished_at.desc&limit=1	web-pc-chrome154	6b2057a9-ee51-4070-8732-9759d30fd521	44
2026-10-05 16:59:29.555	2026-10-05 18:59:29.555	GET	200	/rest/v1/vinted_sync_runs	?select=finished_at&user_id=eq.6b2057a9-ee51-4070-8732-9759d30fd521&platform=eq.opla&erreur=ilike.%accès+Opla+non+accordé%&finished_at=not.is.null&order=finished_at.desc&limit=1	web-pc-chrome154	6b2057a9-ee51-4070-8732-9759d30fd521	45
2026-10-05 16:59:30.010	2026-10-05 18:59:30.010	GET	200	/rest/v1/vinted_sync_runs	?select=id,status,page_suivante,total_pages,total_entries,items_vus,items_crees,items_maj,erreur,started_at,finished_at,vinted_login,vinted_user_id&user_id=eq.6b2057a9-ee51-4070-8732-9759d30fd521&kind=eq.dressing&order=started_at.desc&limit=1	web-pc-chrome154	6b2057a9-ee51-4070-8732-9759d30fd521	50
2026-10-05 16:59:30.014	2026-10-05 18:59:30.014	GET	200	/rest/v1/platform_health	?select=platform,message_fr,message_en&paused=eq.true	web-pc-chrome154	6b2057a9-ee51-4070-8732-9759d30fd521	42
2026-10-05 16:59:30.017	2026-10-05 18:59:30.017	GET	200	/rest/v1/cross_post_jobs	?select=id,platform,title,price,inventaire_id,listing_url,platform_fields&user_id=eq.6b2057a9-ee51-4070-8732-9759d30fd521&status=eq.published&action=in.(publish,republish)&platform_fields->>unavailable_since=not.is.null	web-pc-chrome154	6b2057a9-ee51-4070-8732-9759d30fd521	46
2026-10-05 16:59:30.020	2026-10-05 18:59:30.020	GET	200	/rest/v1/cross_post_jobs	?select=platform_fields&user_id=eq.6b2057a9-ee51-4070-8732-9759d30fd521&platform=eq.opla&platform_fields->>opla_acces_accorde_le=not.is.null&platform_fields->>opla_acces_accorde_par=is.null&order=created_at.desc&limit=20	web-pc-chrome154	6b2057a9-ee51-4070-8732-9759d30fd521	45
2026-10-05 16:59:31.237	2026-10-05 18:59:31.237	GET	200	/rest/v1/cross_post_jobs	?select=inventaire_id&user_id=eq.6b2057a9-ee51-4070-8732-9759d30fd521&action=eq.republish&status=in.(pending,processing,needs_user)&inventaire_id=not.is.null	web-pc-chrome154	6b2057a9-ee51-4070-8732-9759d30fd521	41
2026-10-05 16:59:31.241	2026-10-05 18:59:31.241	GET	200	/rest/v1/annonces_plateforme	?select=id,platform,listing_id,url,titre,prix,proposition&user_id=eq.6b2057a9-ee51-4070-8732-9759d30fd521&inventaire_id=is.null&ignoree_le=is.null&disparu_le=is.null&proposition=not.is.null&limit=200	web-pc-chrome154	6b2057a9-ee51-4070-8732-9759d30fd521	34
2026-10-05 16:59:31.985	2026-10-05 18:59:31.985	GET	200	/rest/v1/vinted_sync_runs	?select=id,status,page_suivante,total_pages,total_entries,items_vus,items_crees,items_maj,erreur,started_at,finished_at,vinted_login,vinted_user_id&user_id=eq.6b2057a9-ee51-4070-8732-9759d30fd521&kind=eq.dressing&order=started_at.desc&limit=1	web-pc-chrome154	6b2057a9-ee51-4070-8732-9759d30fd521	48
2026-10-05 16:59:32.280	2026-10-05 18:59:32.280	GET	200	/rest/v1/profiles	?select=voice_count_today,voice_count_date&id=eq.6b2057a9-ee51-4070-8732-9759d30fd521	web-pc-chrome154	6b2057a9-ee51-4070-8732-9759d30fd521	33
2026-10-05 16:59:33.148	2026-10-05 18:59:33.148	GET	200	/rest/v1/vinted_sync_runs	?select=id,status,page_suivante,total_pages,total_entries,items_vus,items_crees,items_maj,erreur,started_at,finished_at,vinted_login,vinted_user_id&user_id=eq.6b2057a9-ee51-4070-8732-9759d30fd521&kind=eq.dressing&order=started_at.desc&limit=1	web-pc-chrome154	6b2057a9-ee51-4070-8732-9759d30fd521	38
2026-10-05 16:59:34.583	2026-10-05 18:59:34.583	POST	200	/rest/v1/rpc/quotas_etat		web-pc-chrome154	6b2057a9-ee51-4070-8732-9759d30fd521	54
2026-10-05 16:59:34.585	2026-10-05 18:59:34.585	GET	200	/rest/v1/vinted_sync_runs	?select=id,status,page_suivante,total_pages,total_entries,items_vus,items_crees,items_maj,erreur,started_at,finished_at,vinted_login,vinted_user_id&user_id=eq.6b2057a9-ee51-4070-8732-9759d30fd521&kind=eq.dressing&order=started_at.desc&limit=1	web-pc-chrome154	6b2057a9-ee51-4070-8732-9759d30fd521	49
2026-10-05 16:59:35.294	2026-10-05 18:59:35.294	GET	200	/rest/v1/inventaire	?user_id=eq.6b2057a9-ee51-4070-8732-9759d30fd521&vinted_item_id=in.("10204734285","10204664120","10204588982","10201808135","10201776811","10201735235","10201697432","10186558145")&select=id,vinted_item_id,first_seen_at,statut,origine,photos,prix_vente	extension-pc	6b2057a9-ee51-4070-8732-9759d30fd521	43
2026-10-05 16:59:35.574	2026-10-05 18:59:35.574	GET	200	/auth/v1/user		serveur-fonction-edge	6b2057a9-ee51-4070-8732-9759d30fd521	53
2026-10-05 16:59:35.663	2026-10-05 18:59:35.663	GET	200	/rest/v1/coin_config	?select=value&key=eq.opla_sortie_le	serveur-fonction-edge	6b2057a9-ee51-4070-8732-9759d30fd521	39
2026-10-05 16:59:35.726	2026-10-05 18:59:35.726	GET	200	/rest/v1/profiles	?select=extension_postes&id=eq.6b2057a9-ee51-4070-8732-9759d30fd521	serveur-fonction-edge		50
2026-10-05 16:59:35.801	2026-10-05 18:59:35.801	GET	200	/rest/v1/vinted_sync_runs	?select=finished_at,kind&user_id=eq.6b2057a9-ee51-4070-8732-9759d30fd521&platform=eq.opla&status=eq.done&kind=neq.connexion&finished_at=not.is.null&order=finished_at.desc&limit=1	serveur-fonction-edge		40
2026-10-05 16:59:35.832	2026-10-05 18:59:35.832	GET	200	/rest/v1/vinted_sync_runs	?select=id,status,page_suivante,total_pages,total_entries,items_vus,items_crees,items_maj,erreur,started_at,finished_at,vinted_login,vinted_user_id&user_id=eq.6b2057a9-ee51-4070-8732-9759d30fd521&kind=eq.dressing&order=started_at.desc&limit=1	web-pc-chrome154	6b2057a9-ee51-4070-8732-9759d30fd521	40
2026-10-05 16:59:35.858	2026-10-05 18:59:35.858	GET	200	/rest/v1/cross_post_jobs	?select=published_at,handler_build&user_id=eq.6b2057a9-ee51-4070-8732-9759d30fd521&platform=eq.opla&status=eq.published&published_at=not.is.null&handler_build=neq.releve-annonces&order=published_at.desc&limit=1	serveur-fonction-edge		44
2026-10-05 16:59:35.920	2026-10-05 18:59:35.920	GET	200	/rest/v1/cross_post_jobs	?select=platform_fields&user_id=eq.6b2057a9-ee51-4070-8732-9759d30fd521&platform=eq.opla&platform_fields->>opla_acces_accorde_le=not.is.null&platform_fields->>opla_acces_accorde_par=is.null&order=created_at.desc&limit=20	serveur-fonction-edge		38
2026-10-05 16:59:36.049	2026-10-05 18:59:36.049	PATCH	204	/rest/v1/profiles	?id=eq.6b2057a9-ee51-4070-8732-9759d30fd521	serveur-fonction-edge		39
2026-10-05 16:59:36.105	2026-10-05 18:59:36.105	GET	200	/rest/v1/cross_post_jobs	?select=id&user_id=eq.6b2057a9-ee51-4070-8732-9759d30fd521&platform=eq.vinted&status=eq.pending&platform_fields->attente_antirobot_compte=not.is.null&limit=1	serveur-fonction-edge	6b2057a9-ee51-4070-8732-9759d30fd521	33
2026-10-05 16:59:36.159	2026-10-05 18:59:36.159	GET	200	/rest/v1/cross_post_jobs	?select=id,platform,action,status,title,description,price,photos,photo_option,platform_fields,inventaire_id,listing_url,platform_listing_id,created_at,error,inventaire:inventaire_id(vinted_item_id,disparu_le,vinted_status)&status=in.(pending,processing,needs_user)&voie=eq.extension&order=created_at.asc	serveur-fonction-edge	6b2057a9-ee51-4070-8732-9759d30fd521	54
2026-10-05 16:59:36.231	2026-10-05 18:59:36.231	GET	200	/rest/v1/platform_health	?select=platform,paused&paused=eq.true	serveur-fonction-edge	6b2057a9-ee51-4070-8732-9759d30fd521	40
2026-10-05 16:59:36.290	2026-10-05 18:59:36.290	GET	200	/rest/v1/inventaire	?select=id,statut,quantite&id=in.(1791218520498)	serveur-fonction-edge	6b2057a9-ee51-4070-8732-9759d30fd521	34
2026-10-05 16:59:36.342	2026-10-05 18:59:36.342	GET	200	/rest/v1/cross_post_jobs	?select=id,inventaire_id,platform&inventaire_id=in.(1791218520498)&action=in.(publish,republish)&status=eq.published&platform_fields->>sale_signal=eq.sold	serveur-fonction-edge	6b2057a9-ee51-4070-8732-9759d30fd521	39
2026-10-05 16:59:36.397	2026-10-05 18:59:36.397	GET	200	/rest/v1/cross_post_jobs	?select=id,platform,action,status,title,description,price,photos,photo_option,platform_fields,inventaire_id,listing_url,platform_listing_id,created_at,error&platform=eq.leboncoin&action=eq.republish&status=in.(needs_user,failed)&inventaire_id=not.is.null&limit=20	serveur-fonction-edge	6b2057a9-ee51-4070-8732-9759d30fd521	36
2026-10-05 16:59:36.450	2026-10-05 18:59:36.450	GET	200	/rest/v1/vinted_sync_runs	?select=status,items_vus,items_crees,items_maj,total_entries,queued_at,started_at,finished_at,erreur&kind=eq.dressing&order=started_at.desc&limit=1	serveur-fonction-edge	6b2057a9-ee51-4070-8732-9759d30fd521	35
2026-10-05 16:59:36.501	2026-10-05 18:59:36.501	GET	200	/rest/v1/profiles	?select=extension_sessions&id=eq.6b2057a9-ee51-4070-8732-9759d30fd521	serveur-fonction-edge	6b2057a9-ee51-4070-8732-9759d30fd521	36
2026-10-05 16:59:36.552	2026-10-05 18:59:36.552	POST	200	/rest/v1/rpc/plateformes_verite		serveur-fonction-edge	6b2057a9-ee51-4070-8732-9759d30fd521	34
2026-10-05 16:59:36.600	2026-10-05 18:59:36.600	GET	200	/rest/v1/cross_post_jobs	?select=id,inventaire_id&status=eq.needs_user&action=neq.delete	serveur-fonction-edge	6b2057a9-ee51-4070-8732-9759d30fd521	37
2026-10-05 16:59:36.652	2026-10-05 18:59:36.652	GET	200	/rest/v1/coin_config	?select=value&key=eq.keepalive_actif	serveur-fonction-edge	6b2057a9-ee51-4070-8732-9759d30fd521	33
2026-10-05 16:59:36.701	2026-10-05 18:59:36.701	GET	200	/rest/v1/profiles	?select=beta_flags&id=eq.6b2057a9-ee51-4070-8732-9759d30fd521	serveur-fonction-edge	6b2057a9-ee51-4070-8732-9759d30fd521	35
2026-10-05 16:59:36.754	2026-10-05 18:59:36.754	GET	200	/rest/v1/coin_config	?select=value&key=eq.prevol_copie_actif	serveur-fonction-edge	6b2057a9-ee51-4070-8732-9759d30fd521	48
2026-10-05 16:59:37.314	2026-10-05 18:59:37.314	GET	200	/rest/v1/cross_post_jobs	?user_id=eq.6b2057a9-ee51-4070-8732-9759d30fd521&platform=eq.vinted&action=in.(publish,republish)&status=in.(published,sold)&inventaire_id=not.is.null&listing_url=not.is.null&select=inventaire_id,platform_listing_id,listing_url&order=created_at.desc&limit=1000	extension-pc	6b2057a9-ee51-4070-8732-9759d30fd521	34
2026-10-05 16:59:37.759	2026-10-05 18:59:37.759	GET	200	/rest/v1/vinted_sync_runs	?select=id,status,page_suivante,total_pages,total_entries,items_vus,items_crees,items_maj,erreur,started_at,finished_at,vinted_login,vinted_user_id&user_id=eq.6b2057a9-ee51-4070-8732-9759d30fd521&kind=eq.dressing&order=started_at.desc&limit=1	web-pc-chrome154	6b2057a9-ee51-4070-8732-9759d30fd521	37
2026-10-05 16:59:40.621	2026-10-05 18:59:40.621	GET	200	/rest/v1/vinted_sync_runs	?select=id,status,page_suivante,total_pages,total_entries,items_vus,items_crees,items_maj,erreur,started_at,finished_at,vinted_login,vinted_user_id&user_id=eq.6b2057a9-ee51-4070-8732-9759d30fd521&kind=eq.dressing&order=started_at.desc&limit=1	web-pc-chrome154	6b2057a9-ee51-4070-8732-9759d30fd521	61
2026-10-05 16:59:49.020	2026-10-05 18:59:49.020	GET	200	/rest/v1/vinted_sync_runs	?select=id,status,page_suivante,total_pages,total_entries,items_vus,items_crees,items_maj,erreur,started_at,finished_at,vinted_login,vinted_user_id&user_id=eq.6b2057a9-ee51-4070-8732-9759d30fd521&kind=eq.dressing&order=started_at.desc&limit=1	web-pc-chrome154	6b2057a9-ee51-4070-8732-9759d30fd521	48
2026-10-05 16:59:49.848	2026-10-05 18:59:49.848	POST	201	/rest/v1/inventaire	?on_conflict=user_id,vinted_item_id	extension-pc	6b2057a9-ee51-4070-8732-9759d30fd521	57
2026-10-05 16:59:50.070	2026-10-05 18:59:50.070	GET	200	/auth/v1/user		serveur-fonction-edge	6b2057a9-ee51-4070-8732-9759d30fd521	43
2026-10-05 16:59:50.133	2026-10-05 18:59:50.133	GET	200	/rest/v1/coin_config	?select=value&key=eq.opla_sortie_le	serveur-fonction-edge	6b2057a9-ee51-4070-8732-9759d30fd521	31
2026-10-05 16:59:50.176	2026-10-05 18:59:50.176	GET	200	/rest/v1/profiles	?select=extension_postes&id=eq.6b2057a9-ee51-4070-8732-9759d30fd521	serveur-fonction-edge		36
2026-10-05 16:59:50.276	2026-10-05 18:59:50.276	GET	200	/rest/v1/ventes	?select=*&user_id=eq.6b2057a9-ee51-4070-8732-9759d30fd521&order=created_at.desc,id.desc&limit=3000	web-pc-chrome154	6b2057a9-ee51-4070-8732-9759d30fd521	41
2026-10-05 16:59:50.282	2026-10-05 18:59:50.282	PATCH	204	/rest/v1/profiles	?id=eq.6b2057a9-ee51-4070-8732-9759d30fd521	serveur-fonction-edge		35
2026-10-05 16:59:50.331	2026-10-05 18:59:50.331	GET	200	/rest/v1/cross_post_jobs	?select=id&user_id=eq.6b2057a9-ee51-4070-8732-9759d30fd521&platform=eq.vinted&status=eq.pending&platform_fields->attente_antirobot_compte=not.is.null&limit=1	serveur-fonction-edge	6b2057a9-ee51-4070-8732-9759d30fd521	34
2026-10-05 16:59:50.380	2026-10-05 18:59:50.380	GET	200	/rest/v1/cross_post_jobs	?select=id,platform,action,status,title,description,price,photos,photo_option,platform_fields,inventaire_id,listing_url,platform_listing_id,created_at,error,inventaire:inventaire_id(vinted_item_id,disparu_le,vinted_status)&status=in.(pending,processing,needs_user)&voie=eq.extension&order=created_at.asc	serveur-fonction-edge	6b2057a9-ee51-4070-8732-9759d30fd521	37
2026-10-05 16:59:50.430	2026-10-05 18:59:50.430	GET	200	/rest/v1/platform_health	?select=platform,paused&paused=eq.true	serveur-fonction-edge	6b2057a9-ee51-4070-8732-9759d30fd521	31
2026-10-05 16:59:50.473	2026-10-05 18:59:50.473	GET	200	/rest/v1/inventaire	?select=id,statut,quantite&id=in.(1791218520498)	serveur-fonction-edge	6b2057a9-ee51-4070-8732-9759d30fd521	32
2026-10-05 16:59:50.517	2026-10-05 18:59:50.517	GET	200	/rest/v1/cross_post_jobs	?select=id,inventaire_id,platform&inventaire_id=in.(1791218520498)&action=in.(publish,republish)&status=eq.published&platform_fields->>sale_signal=eq.sold	serveur-fonction-edge	6b2057a9-ee51-4070-8732-9759d30fd521	34
2026-10-05 16:59:50.562	2026-10-05 18:59:50.562	GET	200	/rest/v1/cross_post_jobs	?select=id,platform,action,status,title,description,price,photos,photo_option,platform_fields,inventaire_id,listing_url,platform_listing_id,created_at,error&platform=eq.leboncoin&action=eq.republish&status=in.(needs_user,failed)&inventaire_id=not.is.null&limit=20	serveur-fonction-edge	6b2057a9-ee51-4070-8732-9759d30fd521	36
2026-10-05 16:59:50.611	2026-10-05 18:59:50.611	GET	200	/rest/v1/vinted_sync_runs	?select=status,items_vus,items_crees,items_maj,total_entries,queued_at,started_at,finished_at,erreur&kind=eq.dressing&order=started_at.desc&limit=1	serveur-fonction-edge	6b2057a9-ee51-4070-8732-9759d30fd521	34
2026-10-05 16:59:50.655	2026-10-05 18:59:50.655	GET	200	/rest/v1/profiles	?select=extension_sessions&id=eq.6b2057a9-ee51-4070-8732-9759d30fd521	serveur-fonction-edge	6b2057a9-ee51-4070-8732-9759d30fd521	32
2026-10-05 16:59:50.696	2026-10-05 18:59:50.696	POST	200	/rest/v1/rpc/plateformes_verite		serveur-fonction-edge	6b2057a9-ee51-4070-8732-9759d30fd521	37
2026-10-05 16:59:50.769	2026-10-05 18:59:50.769	GET	200	/rest/v1/cross_post_jobs	?select=id,inventaire_id&status=eq.needs_user&action=neq.delete	serveur-fonction-edge	6b2057a9-ee51-4070-8732-9759d30fd521	31
2026-10-05 16:59:50.811	2026-10-05 18:59:50.811	GET	200	/rest/v1/coin_config	?select=value&key=eq.keepalive_actif	serveur-fonction-edge	6b2057a9-ee51-4070-8732-9759d30fd521	32
2026-10-05 16:59:50.852	2026-10-05 18:59:50.852	GET	200	/rest/v1/profiles	?select=beta_flags&id=eq.6b2057a9-ee51-4070-8732-9759d30fd521	serveur-fonction-edge	6b2057a9-ee51-4070-8732-9759d30fd521	33
2026-10-05 16:59:50.895	2026-10-05 18:59:50.895	GET	200	/rest/v1/coin_config	?select=value&key=eq.prevol_copie_actif	serveur-fonction-edge	6b2057a9-ee51-4070-8732-9759d30fd521	32
2026-10-05 16:59:51.406	2026-10-05 18:59:51.406	GET	200	/auth/v1/user		serveur-fonction-edge	6b2057a9-ee51-4070-8732-9759d30fd521	42
2026-10-05 16:59:51.467	2026-10-05 18:59:51.467	GET	200	/rest/v1/coin_config	?select=value&key=eq.opla_sortie_le	serveur-fonction-edge	6b2057a9-ee51-4070-8732-9759d30fd521	41
2026-10-05 16:59:51.535	2026-10-05 18:59:51.535	GET	200	/rest/v1/profiles	?select=extension_postes&id=eq.6b2057a9-ee51-4070-8732-9759d30fd521	serveur-fonction-edge		49
2026-10-05 16:59:51.670	2026-10-05 18:59:51.670	PATCH	204	/rest/v1/profiles	?id=eq.6b2057a9-ee51-4070-8732-9759d30fd521	serveur-fonction-edge		49
2026-10-05 16:59:51.742	2026-10-05 18:59:51.742	GET	200	/rest/v1/cross_post_jobs	?select=id&user_id=eq.6b2057a9-ee51-4070-8732-9759d30fd521&platform=eq.vinted&status=eq.pending&platform_fields->attente_antirobot_compte=not.is.null&limit=1	serveur-fonction-edge	6b2057a9-ee51-4070-8732-9759d30fd521	38
2026-10-05 16:59:51.797	2026-10-05 18:59:51.797	GET	200	/rest/v1/cross_post_jobs	?select=id,platform,action,status,title,description,price,photos,photo_option,platform_fields,inventaire_id,listing_url,platform_listing_id,created_at,error,inventaire:inventaire_id(vinted_item_id,disparu_le,vinted_status)&status=in.(pending,processing,needs_user)&voie=eq.extension&order=created_at.asc	serveur-fonction-edge	6b2057a9-ee51-4070-8732-9759d30fd521	49
2026-10-05 16:59:51.876	2026-10-05 18:59:51.876	GET	200	/rest/v1/platform_health	?select=platform,paused&paused=eq.true	serveur-fonction-edge	6b2057a9-ee51-4070-8732-9759d30fd521	36
2026-10-05 16:59:51.926	2026-10-05 18:59:51.926	GET	200	/rest/v1/inventaire	?select=id,statut,quantite&id=in.(1791218520498)	serveur-fonction-edge	6b2057a9-ee51-4070-8732-9759d30fd521	36
2026-10-05 16:59:51.981	2026-10-05 18:59:51.981	GET	200	/rest/v1/cross_post_jobs	?select=id,inventaire_id,platform&inventaire_id=in.(1791218520498)&action=in.(publish,republish)&status=eq.published&platform_fields->>sale_signal=eq.sold	serveur-fonction-edge	6b2057a9-ee51-4070-8732-9759d30fd521	38
2026-10-05 16:59:52.022	2026-10-05 18:59:52.022	GET	200	/rest/v1/profiles	?select=extension_postes,extension_sessions&id=eq.6b2057a9-ee51-4070-8732-9759d30fd521	web-pc-chrome154	6b2057a9-ee51-4070-8732-9759d30fd521	39
2026-10-05 16:59:52.037	2026-10-05 18:59:52.037	GET	200	/rest/v1/cross_post_jobs	?select=id,platform,action,status,title,description,price,photos,photo_option,platform_fields,inventaire_id,listing_url,platform_listing_id,created_at,error&platform=eq.leboncoin&action=eq.republish&status=in.(needs_user,failed)&inventaire_id=not.is.null&limit=20	serveur-fonction-edge	6b2057a9-ee51-4070-8732-9759d30fd521	41
2026-10-05 16:59:52.097	2026-10-05 18:59:52.097	GET	200	/rest/v1/vinted_sync_runs	?select=status,items_vus,items_crees,items_maj,total_entries,queued_at,started_at,finished_at,erreur&kind=eq.dressing&order=started_at.desc&limit=1	serveur-fonction-edge	6b2057a9-ee51-4070-8732-9759d30fd521	35
2026-10-05 16:59:52.146	2026-10-05 18:59:52.146	GET	200	/rest/v1/profiles	?select=extension_sessions&id=eq.6b2057a9-ee51-4070-8732-9759d30fd521	serveur-fonction-edge	6b2057a9-ee51-4070-8732-9759d30fd521	32
2026-10-05 16:59:52.193	2026-10-05 18:59:52.193	POST	200	/rest/v1/rpc/plateformes_verite		serveur-fonction-edge	6b2057a9-ee51-4070-8732-9759d30fd521	36
2026-10-05 16:59:52.239	2026-10-05 18:59:52.239	GET	200	/rest/v1/vinted_sync_runs	?select=finished_at&user_id=eq.6b2057a9-ee51-4070-8732-9759d30fd521&platform=eq.opla&status=eq.done&kind=neq.connexion&finished_at=not.is.null&order=finished_at.desc&limit=1	web-pc-chrome154	6b2057a9-ee51-4070-8732-9759d30fd521	35
2026-10-05 16:59:52.242	2026-10-05 18:59:52.242	GET	200	/rest/v1/vinted_sync_runs	?select=finished_at&user_id=eq.6b2057a9-ee51-4070-8732-9759d30fd521&platform=eq.opla&erreur=ilike.%accès+Opla+non+accordé%&finished_at=not.is.null&order=finished_at.desc&limit=1	web-pc-chrome154	6b2057a9-ee51-4070-8732-9759d30fd521	38
2026-10-05 16:59:52.246	2026-10-05 18:59:52.246	GET	200	/rest/v1/cross_post_jobs	?select=id,inventaire_id&status=eq.needs_user&action=neq.delete	serveur-fonction-edge	6b2057a9-ee51-4070-8732-9759d30fd521	34
2026-10-05 16:59:52.249	2026-10-05 18:59:52.249	GET	200	/rest/v1/vinted_sync_runs	?select=finished_at&user_id=eq.6b2057a9-ee51-4070-8732-9759d30fd521&platform=eq.opla&erreur=ilike.%session+Opla+refus%HTTP+401%&finished_at=not.is.null&order=finished_at.desc&limit=1	web-pc-chrome154	6b2057a9-ee51-4070-8732-9759d30fd521	36
2026-10-05 16:59:52.293	2026-10-05 18:59:52.293	GET	200	/rest/v1/coin_config	?select=value&key=eq.keepalive_actif	serveur-fonction-edge	6b2057a9-ee51-4070-8732-9759d30fd521	37
2026-10-05 16:59:52.342	2026-10-05 18:59:52.342	GET	200	/rest/v1/profiles	?select=beta_flags&id=eq.6b2057a9-ee51-4070-8732-9759d30fd521	serveur-fonction-edge	6b2057a9-ee51-4070-8732-9759d30fd521	34
2026-10-05 16:59:52.392	2026-10-05 18:59:52.392	GET	200	/rest/v1/coin_config	?select=value&key=eq.prevol_copie_actif	serveur-fonction-edge	6b2057a9-ee51-4070-8732-9759d30fd521	35
2026-10-05 16:59:53.912	2026-10-05 18:59:53.912	GET	200	/rest/v1/cross_post_jobs	?select=published_at&user_id=eq.6b2057a9-ee51-4070-8732-9759d30fd521&platform=eq.opla&status=eq.published&published_at=not.is.null&or=(handler_build.is.null,handler_build.neq.releve-annonces)&order=published_at.desc&limit=1	web-pc-chrome154	6b2057a9-ee51-4070-8732-9759d30fd521	41
2026-10-05 16:59:54.115	2026-10-05 18:59:54.115	GET	200	/rest/v1/profiles	?select=is_premium,is_pro,is_business,is_comped,is_founder,apple_original_transaction_id,google_purchase_token,subscription_cancel_at_period_end,subscription_period_end,currency,username,platform_settings,extension_last_seen_at,extension_build,onboarded_at,ebay_voie_api&id=eq.6b2057a9-ee51-4070-8732-9759d30fd521	web-pc-chrome154	6b2057a9-ee51-4070-8732-9759d30fd521	60
2026-10-05 16:59:57.748	2026-10-05 18:59:57.748	GET	200	/auth/v1/user		serveur-fonction-edge	6b2057a9-ee51-4070-8732-9759d30fd521	51
2026-10-05 16:59:57.836	2026-10-05 18:59:57.836	GET	200	/rest/v1/ebay_accounts	?select=*&user_id=eq.6b2057a9-ee51-4070-8732-9759d30fd521	serveur-fonction-edge		70
2026-10-05 17:00:01.005	2026-10-05 19:00:01.005	POST	201	/rest/v1/inventaire	?on_conflict=user_id,vinted_item_id	extension-pc	6b2057a9-ee51-4070-8732-9759d30fd521	230
2026-10-05 17:00:01.887	2026-10-05 19:00:01.887	POST	201	/rest/v1/vinted_listing_snapshots	?on_conflict=user_id,vinted_item_id,captured_on	extension-pc	6b2057a9-ee51-4070-8732-9759d30fd521	57
2026-10-05 17:00:03.748	2026-10-05 19:00:03.748	POST	201	/rest/v1/cross_post_jobs		extension-pc	6b2057a9-ee51-4070-8732-9759d30fd521	39
2026-10-05 17:00:04.379	2026-10-05 19:00:04.379	GET	200	/rest/v1/profiles	?id=eq.6b2057a9-ee51-4070-8732-9759d30fd521&select=extension_sessions	extension-pc	6b2057a9-ee51-4070-8732-9759d30fd521	34
2026-10-05 17:00:05.918	2026-10-05 19:00:05.918	PATCH	204	/rest/v1/vinted_sync_runs	?id=eq.62e212b5-6adc-4cbb-bdea-962e414ee2db	extension-pc	6b2057a9-ee51-4070-8732-9759d30fd521	44
2026-10-05 17:00:07.387	2026-10-05 19:00:07.387	PATCH	204	/rest/v1/profiles	?id=eq.6b2057a9-ee51-4070-8732-9759d30fd521	extension-pc	6b2057a9-ee51-4070-8732-9759d30fd521	58
2026-10-05 17:00:09.311	2026-10-05 19:00:09.311	GET	200	/rest/v1/profiles	?select=id&ebay_voie_api=eq.true&id=in.(c7dc5abb-18f5-4d5e-8b35-52c1cccc4816,42eab075-66f2-49de-8e44-212377cfaf41,2eec0ad9-784e-419f-ad00-0df1fbfbb457,90739125-8f1c-4d26-a4a5-048eed4b1c0f,53efea05-dc2d-4467-a8cd-c6fa52a47a61,b20fb960-7826-4bab-b107-a388d9824009,577dce4b-0a9d-465d-8993-bab4dddba9cb,bfce1264-4aac-49e9-b2fe-3c4706a8e449,f6a86c0d-d617-4a4a-8a8d-c30a07ac3233,3fd46214-cd67-44c5-b05e-8da…	serveur-fonction-edge		12
2026-10-05 17:00:09.335	2026-10-05 19:00:09.335	GET	200	/rest/v1/cross_post_jobs	?select=id,user_id,error,platform_fields&platform=eq.ebay&action=eq.publish&voie=eq.extension&status=eq.pending&user_id=in.(8b78a7ce-3816-49ee-8bb3-511d4f860491,f6a86c0d-d617-4a4a-8a8d-c30a07ac3233,c7dc5abb-18f5-4d5e-8b35-52c1cccc4816,53efea05-dc2d-4467-a8cd-c6fa52a47a61,1661c65c-83ab-43c6-8595-c68f207d1477,52ac8bfb-ed9b-4a55-a632-d71308a0f8da,f8b8bbad-01e4-4800-89b7-f4cf77f1c8df,3d9caa6d-bf05-4ba…	serveur-fonction-edge		14
2026-10-05 17:00:09.431	2026-10-05 19:00:09.431	POST	200	/storage/v1/object/listing-photos/6b2057a9-ee51-4070-8732-9759d30fd521/rapatrie-fiche/1791219480249/1791219605449_0.jpg		serveur-fonction-edge		111
2026-10-05 17:00:09.556	2026-10-05 19:00:09.556	PATCH	204	/rest/v1/inventaire	?id=eq.1791219480249&user_id=eq.6b2057a9-ee51-4070-8732-9759d30fd521	serveur-fonction-edge		11
2026-10-05 17:00:09.577	2026-10-05 19:00:09.577	PATCH	204	/rest/v1/inventaire	?id=eq.1791219480249&user_id=eq.6b2057a9-ee51-4070-8732-9759d30fd521	serveur-fonction-edge		29
2026-10-05 17:00:10.083	2026-10-05 19:00:10.083	POST	200	/storage/v1/object/listing-photos/6b2057a9-ee51-4070-8732-9759d30fd521/rapatrie-fiche/1791219480292/1791219605449_1.jpg		serveur-fonction-edge		75
2026-10-05 17:00:10.188	2026-10-05 19:00:10.188	PATCH	204	/rest/v1/inventaire	?id=eq.1791219480292&user_id=eq.6b2057a9-ee51-4070-8732-9759d30fd521	serveur-fonction-edge		14
2026-10-05 17:00:10.220	2026-10-05 19:00:10.220	POST	200	/storage/v1/object/listing-photos/6b2057a9-ee51-4070-8732-9759d30fd521/rapatrie-fiche/1791219480334/1791219605449_0.jpg		serveur-fonction-edge		88
2026-10-05 17:00:10.317	2026-10-05 19:00:10.317	PATCH	204	/rest/v1/inventaire	?id=eq.1791219480334&user_id=eq.6b2057a9-ee51-4070-8732-9759d30fd521	serveur-fonction-edge		11
2026-10-05 17:00:10.356	2026-10-05 19:00:10.356	PATCH	204	/rest/v1/inventaire	?id=eq.1791219480334&user_id=eq.6b2057a9-ee51-4070-8732-9759d30fd521	serveur-fonction-edge		12
2026-10-05 17:00:10.388	2026-10-05 19:00:10.388	POST	200	/storage/v1/object/listing-photos/6b2057a9-ee51-4070-8732-9759d30fd521/rapatrie-fiche/1791219480367/1791219605449_0.jpg		serveur-fonction-edge		87
2026-10-05 17:00:10.620	2026-10-05 19:00:10.620	POST	200	/storage/v1/object/listing-photos/6b2057a9-ee51-4070-8732-9759d30fd521/rapatrie-fiche/1791219480367/1791219605449_1.jpg		serveur-fonction-edge		75
2026-10-05 17:00:10.970	2026-10-05 19:00:10.970	PATCH	204	/rest/v1/inventaire	?id=eq.1791219480367&user_id=eq.6b2057a9-ee51-4070-8732-9759d30fd521	serveur-fonction-edge		21
2026-10-05 17:00:12.386	2026-10-05 19:00:12.386	GET	200	/rest/v1/inventaire	?user_id=eq.6b2057a9-ee51-4070-8732-9759d30fd521&vinted_item_id=in.("10182223050","10174243674","10174037302","10171734610","10171637082","10171566509","10171451233","10170526558")&select=id,vinted_item_id,first_seen_at,statut,origine,photos,prix_vente	extension-pc	6b2057a9-ee51-4070-8732-9759d30fd521	42
2026-10-05 17:00:12.612	2026-10-05 19:00:12.612	GET	200	/auth/v1/user		serveur-fonction-edge	6b2057a9-ee51-4070-8732-9759d30fd521	101
2026-10-05 17:00:12.842	2026-10-05 19:00:12.842	GET	200	/rest/v1/profiles	?select=extension_postes&id=eq.6b2057a9-ee51-4070-8732-9759d30fd521	serveur-fonction-edge		108
2026-10-05 17:00:13.023	2026-10-05 19:00:13.023	PATCH	204	/rest/v1/profiles	?id=eq.6b2057a9-ee51-4070-8732-9759d30fd521	serveur-fonction-edge		103
2026-10-05 17:00:13.141	2026-10-05 19:00:13.141	GET	200	/rest/v1/cross_post_jobs	?select=id&user_id=eq.6b2057a9-ee51-4070-8732-9759d30fd521&platform=eq.vinted&status=eq.pending&platform_fields->attente_antirobot_compte=not.is.null&limit=1	serveur-fonction-edge	6b2057a9-ee51-4070-8732-9759d30fd521	54
2026-10-05 17:00:13.210	2026-10-05 19:00:13.210	GET	200	/rest/v1/cross_post_jobs	?select=id,platform,action,status,title,description,price,photos,photo_option,platform_fields,inventaire_id,listing_url,platform_listing_id,created_at,error,inventaire:inventaire_id(vinted_item_id,disparu_le,vinted_status)&status=in.(pending,processing,needs_user)&voie=eq.extension&order=created_at.asc	serveur-fonction-edge	6b2057a9-ee51-4070-8732-9759d30fd521	107
2026-10-05 17:00:13.332	2026-10-05 19:00:13.332	GET	200	/rest/v1/platform_health	?select=platform,paused&paused=eq.true	serveur-fonction-edge	6b2057a9-ee51-4070-8732-9759d30fd521	90
2026-10-05 17:00:13.477	2026-10-05 19:00:13.477	GET	200	/rest/v1/cross_post_jobs	?select=id,inventaire_id,platform&inventaire_id=in.(1791218520498)&action=in.(publish,republish)&status=eq.published&platform_fields->>sale_signal=eq.sold	serveur-fonction-edge	6b2057a9-ee51-4070-8732-9759d30fd521	92
2026-10-05 17:00:13.628	2026-10-05 19:00:13.628	GET	200	/rest/v1/vinted_sync_runs	?select=status,items_vus,items_crees,items_maj,total_entries,queued_at,started_at,finished_at,erreur&kind=eq.dressing&order=started_at.desc&limit=1	serveur-fonction-edge	6b2057a9-ee51-4070-8732-9759d30fd521	38
2026-10-05 17:00:13.679	2026-10-05 19:00:13.679	GET	200	/rest/v1/profiles	?select=extension_sessions&id=eq.6b2057a9-ee51-4070-8732-9759d30fd521	serveur-fonction-edge	6b2057a9-ee51-4070-8732-9759d30fd521	91
2026-10-05 17:00:13.780	2026-10-05 19:00:13.780	POST	200	/rest/v1/rpc/plateformes_verite		serveur-fonction-edge	6b2057a9-ee51-4070-8732-9759d30fd521	41
2026-10-05 17:00:13.831	2026-10-05 19:00:13.831	GET	200	/rest/v1/cross_post_jobs	?select=id,inventaire_id&status=eq.needs_user&action=neq.delete	serveur-fonction-edge	6b2057a9-ee51-4070-8732-9759d30fd521	33
2026-10-05 17:00:14.213	2026-10-05 19:00:14.213	GET	200	/rest/v1/cross_post_jobs	?user_id=eq.6b2057a9-ee51-4070-8732-9759d30fd521&platform=eq.vinted&action=in.(publish,republish)&status=in.(published,sold)&inventaire_id=not.is.null&listing_url=not.is.null&select=inventaire_id,platform_listing_id,listing_url&order=created_at.desc&limit=1000	extension-pc	6b2057a9-ee51-4070-8732-9759d30fd521	44
2026-10-05 17:00:14.995	2026-10-05 19:00:14.995	GET	200	/rest/v1/vinted_sync_runs	?select=id,status,page_suivante,total_pages,total_entries,items_vus,items_crees,items_maj,erreur,started_at,finished_at,vinted_login,vinted_user_id&user_id=eq.6b2057a9-ee51-4070-8732-9759d30fd521&kind=eq.dressing&order=started_at.desc&limit=1	web-pc-chrome154	6b2057a9-ee51-4070-8732-9759d30fd521	58
2026-10-05 17:00:15.000	2026-10-05 19:00:15.000	POST	201	/rest/v1/inventaire	?on_conflict=user_id,vinted_item_id	extension-pc	6b2057a9-ee51-4070-8732-9759d30fd521	117
2026-10-05 17:00:16.372	2026-10-05 19:00:16.372	GET	200	/rest/v1/annonces_plateforme	?select=id,platform,listing_id,url,titre,prix,proposition&user_id=eq.6b2057a9-ee51-4070-8732-9759d30fd521&inventaire_id=is.null&ignoree_le=is.null&disparu_le=is.null&proposition=not.is.null&limit=200	web-pc-chrome154	6b2057a9-ee51-4070-8732-9759d30fd521	37
2026-10-05 17:00:16.377	2026-10-05 19:00:16.377	GET	200	/rest/v1/cross_post_jobs	?select=inventaire_id&user_id=eq.6b2057a9-ee51-4070-8732-9759d30fd521&action=eq.republish&status=in.(pending,processing,needs_user)&inventaire_id=not.is.null	web-pc-chrome154	6b2057a9-ee51-4070-8732-9759d30fd521	38
2026-10-05 17:00:20.348	2026-10-05 19:00:20.348	GET	200	/rest/v1/vinted_sync_runs	?select=id,status,page_suivante,total_pages,total_entries,items_vus,items_crees,items_maj,erreur,started_at,finished_at,vinted_login,vinted_user_id&user_id=eq.6b2057a9-ee51-4070-8732-9759d30fd521&kind=eq.dressing&order=started_at.desc&limit=1	web-pc-chrome154	6b2057a9-ee51-4070-8732-9759d30fd521	46
2026-10-05 17:00:21.434	2026-10-05 19:00:21.434	POST	201	/rest/v1/vinted_listing_snapshots	?on_conflict=user_id,vinted_item_id,captured_on	extension-pc	6b2057a9-ee51-4070-8732-9759d30fd521	42
2026-10-05 17:00:21.437	2026-10-05 19:00:21.437	GET	200	/rest/v1/profiles	?select=is_premium,is_pro,is_business,is_comped,is_founder,apple_original_transaction_id,google_purchase_token,subscription_cancel_at_period_end,subscription_period_end,currency,username,platform_settings,extension_last_seen_at,extension_build,onboarded_at,ebay_voie_api&id=eq.6b2057a9-ee51-4070-8732-9759d30fd521	web-pc-chrome154	6b2057a9-ee51-4070-8732-9759d30fd521	42
2026-10-05 17:00:23.530	2026-10-05 19:00:23.530	POST	201	/rest/v1/cross_post_jobs		extension-pc	6b2057a9-ee51-4070-8732-9759d30fd521	47
2026-10-05 17:00:24.225	2026-10-05 19:00:24.225	GET	200	/rest/v1/vinted_sync_runs	?select=id,status,page_suivante,total_pages,total_entries,items_vus,items_crees,items_maj,erreur,started_at,finished_at,vinted_login,vinted_user_id&user_id=eq.6b2057a9-ee51-4070-8732-9759d30fd521&kind=eq.dressing&order=started_at.desc&limit=1	web-pc-chrome154	6b2057a9-ee51-4070-8732-9759d30fd521	37
2026-10-05 17:00:24.228	2026-10-05 19:00:24.228	GET	200	/rest/v1/vinted_sync_runs	?select=id,status,page_suivante,total_pages,total_entries,items_vus,items_crees,items_maj,erreur,started_at,finished_at,vinted_login,vinted_user_id&user_id=eq.6b2057a9-ee51-4070-8732-9759d30fd521&kind=eq.dressing&order=started_at.desc&limit=1	web-pc-chrome154	6b2057a9-ee51-4070-8732-9759d30fd521	38
2026-10-05 17:00:24.251	2026-10-05 19:00:24.251	PATCH	204	/rest/v1/vinted_sync_runs	?id=eq.62e212b5-6adc-4cbb-bdea-962e414ee2db	extension-pc	6b2057a9-ee51-4070-8732-9759d30fd521	39
2026-10-05 17:00:25.083	2026-10-05 19:00:25.083	GET	200	/rest/v1/cross_post_jobs	?select=inventaire_id&user_id=eq.6b2057a9-ee51-4070-8732-9759d30fd521&action=eq.republish&status=in.(pending,processing,needs_user)&inventaire_id=not.is.null	web-pc-chrome154	6b2057a9-ee51-4070-8732-9759d30fd521	43
2026-10-05 17:00:25.132	2026-10-05 19:00:25.132	GET	200	/rest/v1/ventes	?select=*&user_id=eq.6b2057a9-ee51-4070-8732-9759d30fd521&order=created_at.desc,id.desc&limit=3000	web-pc-chrome154	6b2057a9-ee51-4070-8732-9759d30fd521	52
2026-10-05 17:00:25.144	2026-10-05 19:00:25.144	GET	200	/rest/v1/inventaire	?select=*&user_id=eq.6b2057a9-ee51-4070-8732-9759d30fd521&fusionne_dans=is.null&order=created_at.desc,id.desc&limit=3000	web-pc-chrome154	6b2057a9-ee51-4070-8732-9759d30fd521	77
2026-10-05 17:00:25.148	2026-10-05 19:00:25.148	GET	200	/rest/v1/vinted_sync_runs	?select=id,status,page_suivante,total_pages,total_entries,items_vus,items_crees,items_maj,erreur,started_at,finished_at,vinted_login,vinted_user_id&user_id=eq.6b2057a9-ee51-4070-8732-9759d30fd521&kind=eq.dressing&order=started_at.desc&limit=1	web-pc-chrome154	6b2057a9-ee51-4070-8732-9759d30fd521	55
2026-10-05 17:00:25.484	2026-10-05 19:00:25.484	GET	200	/rest/v1/profiles	?select=voice_count_today,voice_count_date&id=eq.6b2057a9-ee51-4070-8732-9759d30fd521	web-pc-chrome154	6b2057a9-ee51-4070-8732-9759d30fd521	45
2026-10-05 17:00:25.978	2026-10-05 19:00:25.978	GET	200	/rest/v1/inventaire	?user_id=eq.6b2057a9-ee51-4070-8732-9759d30fd521&vinted_item_id=in.("10170450531","10170380962","10161767682","10161639845","10161486701","10161389814","10160255699","10160122581")&select=id,vinted_item_id,first_seen_at,statut,origine,photos,prix_vente	extension-pc	6b2057a9-ee51-4070-8732-9759d30fd521	34
2026-10-05 17:00:26.349	2026-10-05 19:00:26.349	GET	200	/rest/v1/vinted_sync_runs	?select=id,status,page_suivante,total_pages,total_entries,items_vus,items_crees,items_maj,erreur,started_at,finished_at,vinted_login,vinted_user_id&user_id=eq.6b2057a9-ee51-4070-8732-9759d30fd521&kind=eq.dressing&order=started_at.desc&limit=1	web-pc-chrome154	6b2057a9-ee51-4070-8732-9759d30fd521	39
2026-10-05 17:00:26.682	2026-10-05 19:00:26.682	GET	200	/rest/v1/cross_post_jobs	?user_id=eq.6b2057a9-ee51-4070-8732-9759d30fd521&platform=eq.vinted&action=in.(publish,republish)&status=in.(published,sold)&inventaire_id=not.is.null&listing_url=not.is.null&select=inventaire_id,platform_listing_id,listing_url&order=created_at.desc&limit=1000	extension-pc	6b2057a9-ee51-4070-8732-9759d30fd521	35
2026-10-05 17:00:27.040	2026-10-05 19:00:27.040	GET	200	/rest/v1/vinted_sync_runs	?select=id,status,page_suivante,total_pages,total_entries,items_vus,items_crees,items_maj,erreur,started_at,finished_at,vinted_login,vinted_user_id&user_id=eq.6b2057a9-ee51-4070-8732-9759d30fd521&kind=eq.dressing&order=started_at.desc&limit=1	web-pc-chrome154	6b2057a9-ee51-4070-8732-9759d30fd521	41
2026-10-05 17:00:27.993	2026-10-05 19:00:27.993	GET	200	/rest/v1/vinted_sync_runs	?select=id,status,page_suivante,total_pages,total_entries,items_vus,items_crees,items_maj,erreur,started_at,finished_at,vinted_login,vinted_user_id&user_id=eq.6b2057a9-ee51-4070-8732-9759d30fd521&kind=eq.dressing&order=started_at.desc&limit=1	web-pc-chrome154	6b2057a9-ee51-4070-8732-9759d30fd521	40
2026-10-05 17:00:28.000	2026-10-05 19:00:28.000	GET	200	/rest/v1/vinted_sync_runs	?select=id,status,page_suivante,total_pages,total_entries,items_vus,items_crees,items_maj,erreur,started_at,finished_at,vinted_login,vinted_user_id&user_id=eq.6b2057a9-ee51-4070-8732-9759d30fd521&kind=eq.dressing&order=started_at.desc&limit=1	web-pc-chrome154	6b2057a9-ee51-4070-8732-9759d30fd521	43
2026-10-05 17:00:28.010	2026-10-05 19:00:28.010	GET	200	/rest/v1/annonces_plateforme	?select=id,platform,listing_id,url,titre,prix,proposition&user_id=eq.6b2057a9-ee51-4070-8732-9759d30fd521&inventaire_id=is.null&ignoree_le=is.null&disparu_le=is.null&proposition=not.is.null&limit=200	web-pc-chrome154	6b2057a9-ee51-4070-8732-9759d30fd521	35
2026-10-05 17:00:28.013	2026-10-05 19:00:28.013	GET	200	/rest/v1/profiles	?select=voice_count_today,voice_count_date&id=eq.6b2057a9-ee51-4070-8732-9759d30fd521	web-pc-chrome154	6b2057a9-ee51-4070-8732-9759d30fd521	41
2026-10-05 17:00:28.016	2026-10-05 19:00:28.016	GET	200	/rest/v1/vinted_sync_runs	?select=id,status,page_suivante,total_pages,total_entries,items_vus,items_crees,items_maj,erreur,started_at,finished_at,vinted_login,vinted_user_id&user_id=eq.6b2057a9-ee51-4070-8732-9759d30fd521&kind=eq.dressing&order=started_at.desc&limit=1	web-pc-chrome154	6b2057a9-ee51-4070-8732-9759d30fd521	36
2026-10-05 17:00:28.849	2026-10-05 19:00:28.849	GET	200	/rest/v1/cross_post_jobs	?select=inventaire_id&user_id=eq.6b2057a9-ee51-4070-8732-9759d30fd521&status=eq.needs_user&inventaire_id=not.is.null&limit=1000	web-pc-chrome154	6b2057a9-ee51-4070-8732-9759d30fd521	36
2026-10-05 17:00:30.939	2026-10-05 19:00:30.939	POST	200	/rest/v1/rpc/quotas_etat		web-pc-chrome154	6b2057a9-ee51-4070-8732-9759d30fd521	44
2026-10-05 17:00:30.941	2026-10-05 19:00:30.941	OPTIONS	200	/rest/v1/vinted_listing_snapshots	?select=vinted_item_id,price&user_id=eq.6b2057a9-ee51-4070-8732-9759d30fd521&vinted_item_id=in.(10170526558,10171451233,10171566509,10171637082,10171734610,10174037302,10174243674,10182223050,10182639045,10182900023,10183162826,10183208864,10186399575,10186438166,10186469776,10186499349)&order=captured_at.desc&limit=1000	web-pc-chrome154		0
2026-10-05 17:00:31.078	2026-10-05 19:00:31.078	GET	200	/rest/v1/profiles	?select=plateformes_visibles&id=eq.6b2057a9-ee51-4070-8732-9759d30fd521	web-pc-chrome154	6b2057a9-ee51-4070-8732-9759d30fd521	39
2026-10-05 17:00:31.083	2026-10-05 19:00:31.083	GET	200	/rest/v1/coin_config	?select=key,value&key=in.(opla_ouvert,opla_extension_min)	web-pc-chrome154	6b2057a9-ee51-4070-8732-9759d30fd521	37
2026-10-05 17:00:31.466	2026-10-05 19:00:31.466	GET	200	/rest/v1/profiles	?select=extension_version&id=eq.6b2057a9-ee51-4070-8732-9759d30fd521	web-pc-chrome154	6b2057a9-ee51-4070-8732-9759d30fd521	52
2026-10-05 17:00:31.723	2026-10-05 19:00:31.723	POST	201	/rest/v1/inventaire	?on_conflict=user_id,vinted_item_id	extension-pc	6b2057a9-ee51-4070-8732-9759d30fd521	54
2026-10-05 17:00:31.740	2026-10-05 19:00:31.740	GET	200	/rest/v1/inventaire_fusions	?select=id,garde,absorbe,created_at,deplacements,champs_repris&user_id=eq.6b2057a9-ee51-4070-8732-9759d30fd521&defait_le=is.null&order=created_at.desc&limit=500	web-pc-chrome154	6b2057a9-ee51-4070-8732-9759d30fd521	40
2026-10-05 17:00:32.008	2026-10-05 19:00:32.008	GET	200	/rest/v1/fiches_annonce	?select=inventaire_id&user_id=eq.6b2057a9-ee51-4070-8732-9759d30fd521&brouillon=eq.true&limit=200	web-pc-chrome154	6b2057a9-ee51-4070-8732-9759d30fd521	36
2026-10-05 17:00:32.283	2026-10-05 19:00:32.283	GET	200	/rest/v1/profiles	?select=extension_postes,extension_sessions&id=eq.6b2057a9-ee51-4070-8732-9759d30fd521	web-pc-chrome154	6b2057a9-ee51-4070-8732-9759d30fd521	44
2026-10-05 17:00:32.288	2026-10-05 19:00:32.288	GET	200	/rest/v1/vinted_sync_runs	?select=finished_at&user_id=eq.6b2057a9-ee51-4070-8732-9759d30fd521&platform=eq.opla&status=eq.done&kind=neq.connexion&finished_at=not.is.null&order=finished_at.desc&limit=1	web-pc-chrome154	6b2057a9-ee51-4070-8732-9759d30fd521	35
2026-10-05 17:00:32.507	2026-10-05 19:00:32.507	GET	200	/rest/v1/vinted_sync_runs	?select=finished_at&user_id=eq.6b2057a9-ee51-4070-8732-9759d30fd521&platform=eq.opla&erreur=ilike.%accès+Opla+non+accordé%&finished_at=not.is.null&order=finished_at.desc&limit=1	web-pc-chrome154	6b2057a9-ee51-4070-8732-9759d30fd521	46
2026-10-05 17:00:32.586	2026-10-05 19:00:32.586	GET	200	/rest/v1/vinted_sync_runs	?select=finished_at&user_id=eq.6b2057a9-ee51-4070-8732-9759d30fd521&platform=eq.opla&erreur=ilike.%session+Opla+refus%HTTP+401%&finished_at=not.is.null&order=finished_at.desc&limit=1	web-pc-chrome154	6b2057a9-ee51-4070-8732-9759d30fd521	40
2026-10-05 17:00:33.057	2026-10-05 19:00:33.057	GET	200	/rest/v1/cross_post_jobs	?select=published_at&user_id=eq.6b2057a9-ee51-4070-8732-9759d30fd521&platform=eq.opla&status=eq.published&published_at=not.is.null&or=(handler_build.is.null,handler_build.neq.releve-annonces)&order=published_at.desc&limit=1	web-pc-chrome154	6b2057a9-ee51-4070-8732-9759d30fd521	40
2026-10-05 17:00:33.252	2026-10-05 19:00:33.252	POST	201	/rest/v1/vinted_listing_snapshots	?on_conflict=user_id,vinted_item_id,captured_on	extension-pc	6b2057a9-ee51-4070-8732-9759d30fd521	40
2026-10-05 17:00:33.259	2026-10-05 19:00:33.259	GET	200	/rest/v1/vinted_sync_runs	?select=id,status,page_suivante,total_pages,total_entries,items_vus,items_crees,items_maj,erreur,started_at,finished_at,vinted_login,vinted_user_id&user_id=eq.6b2057a9-ee51-4070-8732-9759d30fd521&kind=eq.dressing&order=started_at.desc&limit=1	web-pc-chrome154	6b2057a9-ee51-4070-8732-9759d30fd521	43
2026-10-05 17:00:33.376	2026-10-05 19:00:33.376	GET	200	/rest/v1/cross_post_jobs	?select=id,platform,title,inventaire_id,listing_url,platform_listing_id,platform_fields&user_id=eq.6b2057a9-ee51-4070-8732-9759d30fd521&status=eq.cancelled&action=in.(publish,republish)&platform_fields=cs.{"pending_removal":true}&platform_fields->>pending_removal_reporte_le=is.null	web-pc-chrome154	6b2057a9-ee51-4070-8732-9759d30fd521	39
2026-10-05 17:00:33.381	2026-10-05 19:00:33.381	GET	200	/rest/v1/cross_post_jobs	?select=created_at,platform_fields&user_id=eq.6b2057a9-ee51-4070-8732-9759d30fd521&platform=eq.opla&status=eq.needs_user&platform_fields->>needs_user_source=eq.opla_acces&limit=50	web-pc-chrome154	6b2057a9-ee51-4070-8732-9759d30fd521	42
2026-10-05 17:00:33.383	2026-10-05 19:00:33.383	GET	200	/rest/v1/cross_post_jobs	?select=platform_fields&user_id=eq.6b2057a9-ee51-4070-8732-9759d30fd521&platform=eq.opla&platform_fields->>opla_acces_accorde_le=not.is.null&platform_fields->>opla_acces_accorde_par=is.null&order=created_at.desc&limit=20	web-pc-chrome154	6b2057a9-ee51-4070-8732-9759d30fd521	34
2026-10-05 17:00:33.386	2026-10-05 19:00:33.386	POST	200	/rest/v1/rpc/quotas_etat		web-pc-chrome154	6b2057a9-ee51-4070-8732-9759d30fd521	45
2026-10-05 17:00:33.391	2026-10-05 19:00:33.391	GET	200	/rest/v1/platform_health	?select=platform,message_fr,message_en&paused=eq.true	web-pc-chrome154	6b2057a9-ee51-4070-8732-9759d30fd521	36
2026-10-05 17:00:33.892	2026-10-05 19:00:33.892	GET	200	/rest/v1/vinted_sync_runs	?select=id,status,page_suivante,total_pages,total_entries,items_vus,items_crees,items_maj,erreur,started_at,finished_at,vinted_login,vinted_user_id&user_id=eq.6b2057a9-ee51-4070-8732-9759d30fd521&kind=eq.dressing&order=started_at.desc&limit=1	web-pc-chrome154	6b2057a9-ee51-4070-8732-9759d30fd521	45
2026-10-05 17:00:33.895	2026-10-05 19:00:33.895	GET	200	/rest/v1/vinted_listing_snapshots	?select=vinted_item_id,price&user_id=eq.6b2057a9-ee51-4070-8732-9759d30fd521&vinted_item_id=in.(10170526558,10171451233,10171566509,10171637082,10171734610,10174037302,10174243674,10182223050,10182639045,10182900023,10183162826,10183208864,10186399575,10186438166,10186469776,10186499349)&order=captured_at.desc&limit=1000	web-pc-chrome154	6b2057a9-ee51-4070-8732-9759d30fd521	43
2026-10-05 17:00:33.899	2026-10-05 19:00:33.899	GET	200	/rest/v1/vinted_sync_runs	?select=id,status,page_suivante,total_pages,total_entries,items_vus,items_crees,items_maj,erreur,started_at,finished_at,vinted_login,vinted_user_id&user_id=eq.6b2057a9-ee51-4070-8732-9759d30fd521&kind=eq.dressing&order=started_at.desc&limit=1	web-pc-chrome154	6b2057a9-ee51-4070-8732-9759d30fd521	36
2026-10-05 17:00:34.657	2026-10-05 19:00:34.657	GET	200	/auth/v1/user		serveur-fonction-edge	6b2057a9-ee51-4070-8732-9759d30fd521	45
2026-10-05 17:00:34.719	2026-10-05 19:00:34.719	GET	200	/rest/v1/coin_config	?select=value&key=eq.opla_sortie_le	serveur-fonction-edge	6b2057a9-ee51-4070-8732-9759d30fd521	35
2026-10-05 17:00:34.765	2026-10-05 19:00:34.765	GET	200	/rest/v1/cross_post_jobs	?select=id,inventaire_id&status=eq.needs_user&action=neq.delete	serveur-fonction-edge	6b2057a9-ee51-4070-8732-9759d30fd521	33
2026-10-05 17:00:34.812	2026-10-05 19:00:34.812	POST	200	/rest/v1/rpc/republish_planifiee_fenetres_courantes		serveur-fonction-edge	6b2057a9-ee51-4070-8732-9759d30fd521	36
2026-10-05 17:00:34.860	2026-10-05 19:00:34.860	GET	200	/rest/v1/coin_config	?select=key,value&key=in.(republish_plafond_jour,republish_plafond_jour_premium,republish_plafond_jour_pro,republish_plafond_jour_business,republish_pause_apres,republish_pause_duree_min)	serveur-fonction-edge	6b2057a9-ee51-4070-8732-9759d30fd521	36
2026-10-05 17:00:34.907	2026-10-05 19:00:34.907	GET	200	/rest/v1/profiles	?select=is_business,is_pro,is_premium,is_comped&id=eq.6b2057a9-ee51-4070-8732-9759d30fd521	serveur-fonction-edge	6b2057a9-ee51-4070-8732-9759d30fd521	53
2026-10-05 17:00:34.975	2026-10-05 19:00:34.975	GET	200	/rest/v1/cross_post_jobs	?select=published_at&action=eq.republish&status=eq.published&published_at=gte.2026-10-01T17:00:34.965Z&order=published_at.desc&limit=1000	serveur-fonction-edge	6b2057a9-ee51-4070-8732-9759d30fd521	32
2026-10-05 17:00:35.254	2026-10-05 19:00:35.254	GET	200	/rest/v1/cross_post_jobs	?select=id,platform,title,price,inventaire_id,listing_url,platform_fields&user_id=eq.6b2057a9-ee51-4070-8732-9759d30fd521&status=eq.published&action=in.(publish,republish)&platform_fields->>unavailable_since=not.is.null	web-pc-chrome154	6b2057a9-ee51-4070-8732-9759d30fd521	35
2026-10-05 17:00:35.759	2026-10-05 19:00:35.759	GET	200	/rest/v1/vinted_sync_runs	?select=id,status,page_suivante,total_pages,total_entries,items_vus,items_crees,items_maj,erreur,started_at,finished_at,vinted_login,vinted_user_id&user_id=eq.6b2057a9-ee51-4070-8732-9759d30fd521&kind=eq.dressing&order=started_at.desc&limit=1	web-pc-chrome154	6b2057a9-ee51-4070-8732-9759d30fd521	41
2026-10-05 17:00:35.762	2026-10-05 19:00:35.762	GET	200	/rest/v1/annonces_plateforme	?select=id,platform,listing_id,url,titre,prix,proposition&user_id=eq.6b2057a9-ee51-4070-8732-9759d30fd521&inventaire_id=is.null&ignoree_le=is.null&disparu_le=is.null&proposition=not.is.null&limit=200	web-pc-chrome154	6b2057a9-ee51-4070-8732-9759d30fd521	36
2026-10-05 17:00:35.765	2026-10-05 19:00:35.765	GET	200	/rest/v1/cross_post_jobs	?select=inventaire_id&user_id=eq.6b2057a9-ee51-4070-8732-9759d30fd521&action=eq.republish&status=in.(pending,processing,needs_user)&inventaire_id=not.is.null	web-pc-chrome154	6b2057a9-ee51-4070-8732-9759d30fd521	38
2026-10-05 17:00:36.314	2026-10-05 19:00:36.314	GET	200	/rest/v1/vinted_sync_runs	?select=id,status,page_suivante,total_pages,total_entries,items_vus,items_crees,items_maj,erreur,started_at,finished_at,vinted_login,vinted_user_id&user_id=eq.6b2057a9-ee51-4070-8732-9759d30fd521&kind=eq.dressing&order=started_at.desc&limit=1	web-pc-chrome154	6b2057a9-ee51-4070-8732-9759d30fd521	44
2026-10-05 17:00:36.347	2026-10-05 19:00:36.347	GET	200	/rest/v1/profiles	?select=voice_count_today,voice_count_date&id=eq.6b2057a9-ee51-4070-8732-9759d30fd521	web-pc-chrome154	6b2057a9-ee51-4070-8732-9759d30fd521	41
2026-10-05 17:00:36.698	2026-10-05 19:00:36.698	POST	200	/rest/v1/rpc/quotas_etat		web-pc-chrome154	6b2057a9-ee51-4070-8732-9759d30fd521	44
2026-10-05 17:00:36.701	2026-10-05 19:00:36.701	GET	200	/rest/v1/vinted_sync_runs	?select=id,status,page_suivante,total_pages,total_entries,items_vus,items_crees,items_maj,erreur,started_at,finished_at,vinted_login,vinted_user_id&user_id=eq.6b2057a9-ee51-4070-8732-9759d30fd521&kind=eq.dressing&order=started_at.desc&limit=1	web-pc-chrome154	6b2057a9-ee51-4070-8732-9759d30fd521	38
2026-10-05 17:00:37.432	2026-10-05 19:00:37.432	GET	200	/rest/v1/vinted_sync_runs	?select=id,status,page_suivante,total_pages,total_entries,items_vus,items_crees,items_maj,erreur,started_at,finished_at,vinted_login,vinted_user_id&user_id=eq.6b2057a9-ee51-4070-8732-9759d30fd521&kind=eq.dressing&order=started_at.desc&limit=1	web-pc-chrome154	6b2057a9-ee51-4070-8732-9759d30fd521	43
2026-10-05 17:00:39.091	2026-10-05 19:00:39.091	GET	200	/rest/v1/vinted_sync_runs	?select=id,status,page_suivante,total_pages,total_entries,items_vus,items_crees,items_maj,erreur,started_at,finished_at,vinted_login,vinted_user_id&user_id=eq.6b2057a9-ee51-4070-8732-9759d30fd521&kind=eq.dressing&order=started_at.desc&limit=1	web-pc-chrome154	6b2057a9-ee51-4070-8732-9759d30fd521	44
2026-10-05 17:00:40.273	2026-10-05 19:00:40.273	GET	200	/rest/v1/vinted_sync_runs	?select=id,status,page_suivante,total_pages,total_entries,items_vus,items_crees,items_maj,erreur,started_at,finished_at,vinted_login,vinted_user_id&user_id=eq.6b2057a9-ee51-4070-8732-9759d30fd521&kind=eq.dressing&order=started_at.desc&limit=1	web-pc-chrome154	6b2057a9-ee51-4070-8732-9759d30fd521	39
2026-10-05 17:00:40.723	2026-10-05 19:00:40.723	GET	200	/rest/v1/cross_post_jobs	?select=id&user_id=eq.6b2057a9-ee51-4070-8732-9759d30fd521&platform=eq.vinted&status=eq.pending&platform_fields->attente_antirobot_compte=not.is.null&limit=1	serveur-fonction-edge	6b2057a9-ee51-4070-8732-9759d30fd521	41
2026-10-05 17:00:40.779	2026-10-05 19:00:40.779	GET	200	/rest/v1/cross_post_jobs	?select=id,platform,action,status,title,description,price,photos,photo_option,platform_fields,inventaire_id,listing_url,platform_listing_id,created_at,error,inventaire:inventaire_id(vinted_item_id,disparu_le,vinted_status)&status=in.(pending,processing,needs_user)&voie=eq.extension&order=created_at.asc	serveur-fonction-edge	6b2057a9-ee51-4070-8732-9759d30fd521	39
2026-10-05 17:00:40.929	2026-10-05 19:00:40.929	GET	200	/rest/v1/cross_post_jobs	?select=id,inventaire_id,platform&inventaire_id=in.(1791218520498)&action=in.(publish,republish)&status=eq.published&platform_fields->>sale_signal=eq.sold	serveur-fonction-edge	6b2057a9-ee51-4070-8732-9759d30fd521	34
2026-10-05 17:00:41.022	2026-10-05 19:00:41.022	GET	200	/rest/v1/vinted_sync_runs	?select=status,items_vus,items_crees,items_maj,total_entries,queued_at,started_at,finished_at,erreur&kind=eq.dressing&order=started_at.desc&limit=1	serveur-fonction-edge	6b2057a9-ee51-4070-8732-9759d30fd521	61
2026-10-05 17:00:41.137	2026-10-05 19:00:41.137	GET	200	/rest/v1/profiles	?select=extension_sessions&id=eq.6b2057a9-ee51-4070-8732-9759d30fd521	serveur-fonction-edge	6b2057a9-ee51-4070-8732-9759d30fd521	39
2026-10-05 17:00:41.281	2026-10-05 19:00:41.281	GET	200	/rest/v1/coin_config	?select=value&key=eq.keepalive_actif	serveur-fonction-edge	6b2057a9-ee51-4070-8732-9759d30fd521	31
2026-10-05 17:00:41.366	2026-10-05 19:00:41.366	GET	200	/rest/v1/coin_config	?select=value&key=eq.prevol_copie_actif	serveur-fonction-edge	6b2057a9-ee51-4070-8732-9759d30fd521	30
2026-10-05 17:00:45.355	2026-10-05 19:00:45.355	GET	200	/rest/v1/vinted_sync_runs	?select=id,status,page_suivante,total_pages,total_entries,items_vus,items_crees,items_maj,erreur,started_at,finished_at,vinted_login,vinted_user_id&user_id=eq.6b2057a9-ee51-4070-8732-9759d30fd521&kind=eq.dressing&order=started_at.desc&limit=1	web-pc-chrome154	6b2057a9-ee51-4070-8732-9759d30fd521	42
2026-10-05 17:00:46.986	2026-10-05 19:00:46.986	GET	200	/rest/v1/annonces_plateforme	?select=id,platform,inventaire_id,vues,favoris,vu_le&user_id=eq.6b2057a9-ee51-4070-8732-9759d30fd521&inventaire_id=not.is.null&disparu_le=is.null&order=id.asc&limit=500	web-pc-chrome154	6b2057a9-ee51-4070-8732-9759d30fd521	40
2026-10-05 17:00:47.198	2026-10-05 19:00:47.198	GET	200	/rest/v1/vinted_sync_runs	?select=id,status,page_suivante,total_pages,total_entries,items_vus,items_crees,items_maj,erreur,started_at,finished_at,vinted_login,vinted_user_id&user_id=eq.6b2057a9-ee51-4070-8732-9759d30fd521&kind=eq.dressing&order=started_at.desc&limit=1	web-pc-chrome154	6b2057a9-ee51-4070-8732-9759d30fd521	41
2026-10-05 17:00:47.783	2026-10-05 19:00:47.783	GET	200	/rest/v1/vinted_sync_runs	?select=id,status,page_suivante,total_pages,total_entries,items_vus,items_crees,items_maj,erreur,started_at,finished_at,vinted_login,vinted_user_id&user_id=eq.6b2057a9-ee51-4070-8732-9759d30fd521&kind=eq.dressing&order=started_at.desc&limit=1	web-pc-chrome154	6b2057a9-ee51-4070-8732-9759d30fd521	42
2026-10-05 17:00:51.557	2026-10-05 19:00:51.557	GET	200	/rest/v1/annonces_plateforme	?select=id,platform,inventaire_id,vues,favoris,vu_le&user_id=eq.6b2057a9-ee51-4070-8732-9759d30fd521&inventaire_id=not.is.null&disparu_le=is.null&order=id.asc&limit=500&id=gt.f3f1c690-5fa5-4428-b927-5792a6b568d7	web-pc-chrome154	6b2057a9-ee51-4070-8732-9759d30fd521	47
2026-10-05 17:00:51.559	2026-10-05 19:00:51.559	GET	200	/rest/v1/vinted_sync_runs	?select=id,status,page_suivante,total_pages,total_entries,items_vus,items_crees,items_maj,erreur,started_at,finished_at,vinted_login,vinted_user_id&user_id=eq.6b2057a9-ee51-4070-8732-9759d30fd521&kind=eq.dressing&order=started_at.desc&limit=1	web-pc-chrome154	6b2057a9-ee51-4070-8732-9759d30fd521	52
2026-10-05 17:00:52.512	2026-10-05 19:00:52.512	POST	201	/rest/v1/cross_post_jobs		extension-pc	6b2057a9-ee51-4070-8732-9759d30fd521	47
2026-10-05 17:00:54.633	2026-10-05 19:00:54.633	PATCH	204	/rest/v1/vinted_sync_runs	?id=eq.62e212b5-6adc-4cbb-bdea-962e414ee2db	extension-pc	6b2057a9-ee51-4070-8732-9759d30fd521	35
2026-10-05 17:00:55.040	2026-10-05 19:00:55.040	GET	200	/rest/v1/cross_post_jobs	?select=id,status,last_checked_at,sale_signal:platform_fields->>sale_signal,unavailable_since:platform_fields->>unavailable_since,pending_removal:platform_fields->>pending_removal,check_unresolved_since:platform_fields->>check_unresolved_since&user_id=eq.6b2057a9-ee51-4070-8732-9759d30fd521&order=created_at.desc&limit=80	web-pc-chrome154	6b2057a9-ee51-4070-8732-9759d30fd521	52
2026-10-05 17:00:56.957	2026-10-05 19:00:56.957	GET	200	/rest/v1/profiles	?id=eq.6b2057a9-ee51-4070-8732-9759d30fd521&select=extension_sessions	extension-pc	6b2057a9-ee51-4070-8732-9759d30fd521	41
2026-10-05 17:00:56.967	2026-10-05 19:00:56.967	GET	200	/rest/v1/ventes	?select=*&user_id=eq.6b2057a9-ee51-4070-8732-9759d30fd521&order=created_at.desc,id.desc&limit=3000	web-pc-chrome154	6b2057a9-ee51-4070-8732-9759d30fd521	53
2026-10-05 17:00:56.969	2026-10-05 19:00:56.969	GET	200	/rest/v1/vinted_sync_runs	?select=id,status,page_suivante,total_pages,total_entries,items_vus,items_crees,items_maj,erreur,started_at,finished_at,vinted_login,vinted_user_id&user_id=eq.6b2057a9-ee51-4070-8732-9759d30fd521&kind=eq.dressing&order=started_at.desc&limit=1	web-pc-chrome154	6b2057a9-ee51-4070-8732-9759d30fd521	52
2026-10-05 17:00:57.025	2026-10-05 19:00:57.025	GET	200	/rest/v1/inventaire	?select=*&user_id=eq.6b2057a9-ee51-4070-8732-9759d30fd521&fusionne_dans=is.null&order=created_at.desc,id.desc&limit=3000	web-pc-chrome154	6b2057a9-ee51-4070-8732-9759d30fd521	82
2026-10-05 17:00:57.026	2026-10-05 19:00:57.026	GET	200	/rest/v1/profiles	?select=is_premium,is_pro,is_business,is_comped,is_founder,apple_original_transaction_id,google_purchase_token,subscription_cancel_at_period_end,subscription_period_end,currency,username,platform_settings,extension_last_seen_at,extension_build,onboarded_at,ebay_voie_api&id=eq.6b2057a9-ee51-4070-8732-9759d30fd521	web-pc-chrome154	6b2057a9-ee51-4070-8732-9759d30fd521	41
2026-10-05 17:00:58.132	2026-10-05 19:00:58.132	PATCH	204	/rest/v1/profiles	?id=eq.6b2057a9-ee51-4070-8732-9759d30fd521	extension-pc	6b2057a9-ee51-4070-8732-9759d30fd521	37
2026-10-05 17:00:58.140	2026-10-05 19:00:58.140	GET	200	/rest/v1/cross_post_jobs	?select=inventaire_id&user_id=eq.6b2057a9-ee51-4070-8732-9759d30fd521&status=eq.needs_user&inventaire_id=not.is.null&limit=1000	web-pc-chrome154	6b2057a9-ee51-4070-8732-9759d30fd521	38
2026-10-05 17:00:58.141	2026-10-05 19:00:58.141	GET	200	/rest/v1/profiles	?select=plateformes_visibles&id=eq.6b2057a9-ee51-4070-8732-9759d30fd521	web-pc-chrome154	6b2057a9-ee51-4070-8732-9759d30fd521	39
2026-10-05 17:00:58.145	2026-10-05 19:00:58.145	GET	200	/rest/v1/vinted_sync_runs	?select=id,status,page_suivante,total_pages,total_entries,items_vus,items_crees,items_maj,erreur,started_at,finished_at,vinted_login,vinted_user_id&user_id=eq.6b2057a9-ee51-4070-8732-9759d30fd521&kind=eq.dressing&order=started_at.desc&limit=1	web-pc-chrome154	6b2057a9-ee51-4070-8732-9759d30fd521	39
2026-10-05 17:00:58.196	2026-10-05 19:00:58.196	GET	200	/rest/v1/cross_post_jobs	?user_id=eq.6b2057a9-ee51-4070-8732-9759d30fd521&platform=eq.vinted&action=in.(publish,republish)&status=in.(published,sold)&inventaire_id=not.is.null&listing_url=not.is.null&select=inventaire_id,platform_listing_id,listing_url&order=created_at.desc&limit=1000	extension-pc	6b2057a9-ee51-4070-8732-9759d30fd521	53
2026-10-05 17:01:05.518	2026-10-05 19:01:05.518	GET	200	/rest/v1/vinted_sync_runs	?select=id,status,page_suivante,total_pages,total_entries,items_vus,items_crees,items_maj,erreur,started_at,finished_at,vinted_login,vinted_user_id&user_id=eq.6b2057a9-ee51-4070-8732-9759d30fd521&kind=eq.dressing&order=started_at.desc&limit=1	web-pc-chrome154	6b2057a9-ee51-4070-8732-9759d30fd521	56
2026-10-05 17:01:06.631	2026-10-05 19:01:06.631	GET	200	/rest/v1/inventaire_fusions	?select=id,garde,absorbe,created_at,deplacements,champs_repris&user_id=eq.6b2057a9-ee51-4070-8732-9759d30fd521&defait_le=is.null&order=created_at.desc&limit=500	web-pc-chrome154	6b2057a9-ee51-4070-8732-9759d30fd521	38
2026-10-05 17:01:06.652	2026-10-05 19:01:06.652	OPTIONS	200	/rest/v1/vinted_listing_snapshots	?select=vinted_item_id,price&user_id=eq.6b2057a9-ee51-4070-8732-9759d30fd521&vinted_item_id=in.(10135213630,10146459409,10146579584,10158977096,10159200123,10159376941,10159568467,10159717183,10160122581,10160255699,10161389814,10161486701,10161639845,10161767682,10170380962,10170450531)&order=captured_at.desc&limit=1000	web-pc-chrome154		0
2026-10-05 17:01:11.149	2026-10-05 19:01:11.149	GET	200	/rest/v1/coin_config	?select=value&key=eq.opla_sortie_le	serveur-fonction-edge	6b2057a9-ee51-4070-8732-9759d30fd521	45
2026-10-05 17:01:11.388	2026-10-05 19:01:11.388	GET	200	/rest/v1/cross_post_jobs	?select=id&user_id=eq.6b2057a9-ee51-4070-8732-9759d30fd521&platform=eq.vinted&status=eq.pending&platform_fields->attente_antirobot_compte=not.is.null&limit=1	serveur-fonction-edge	6b2057a9-ee51-4070-8732-9759d30fd521	64
2026-10-05 17:01:11.492	2026-10-05 19:01:11.492	GET	200	/rest/v1/cross_post_jobs	?select=id,platform,action,status,title,description,price,photos,photo_option,platform_fields,inventaire_id,listing_url,platform_listing_id,created_at,error,inventaire:inventaire_id(vinted_item_id,disparu_le,vinted_status)&status=in.(pending,processing,needs_user)&voie=eq.extension&order=created_at.asc	serveur-fonction-edge	6b2057a9-ee51-4070-8732-9759d30fd521	43
2026-10-05 17:01:11.550	2026-10-05 19:01:11.550	GET	200	/rest/v1/platform_health	?select=platform,paused&paused=eq.true	serveur-fonction-edge	6b2057a9-ee51-4070-8732-9759d30fd521	32
2026-10-05 17:01:11.592	2026-10-05 19:01:11.592	GET	200	/rest/v1/inventaire	?select=id,statut,quantite&id=in.(1791218520498)	serveur-fonction-edge	6b2057a9-ee51-4070-8732-9759d30fd521	43
2026-10-05 17:01:11.648	2026-10-05 19:01:11.648	GET	200	/rest/v1/cross_post_jobs	?select=id,inventaire_id,platform&inventaire_id=in.(1791218520498)&action=in.(publish,republish)&status=eq.published&platform_fields->>sale_signal=eq.sold	serveur-fonction-edge	6b2057a9-ee51-4070-8732-9759d30fd521	36
2026-10-05 17:01:11.698	2026-10-05 19:01:11.698	GET	200	/rest/v1/cross_post_jobs	?select=id,platform,action,status,title,description,price,photos,photo_option,platform_fields,inventaire_id,listing_url,platform_listing_id,created_at,error&platform=eq.leboncoin&action=eq.republish&status=in.(needs_user,failed)&inventaire_id=not.is.null&limit=20	serveur-fonction-edge	6b2057a9-ee51-4070-8732-9759d30fd521	35
2026-10-05 17:01:11.747	2026-10-05 19:01:11.747	GET	200	/rest/v1/vinted_sync_runs	?select=status,items_vus,items_crees,items_maj,total_entries,queued_at,started_at,finished_at,erreur&kind=eq.dressing&order=started_at.desc&limit=1	serveur-fonction-edge	6b2057a9-ee51-4070-8732-9759d30fd521	33
2026-10-05 17:01:11.792	2026-10-05 19:01:11.792	GET	200	/rest/v1/profiles	?select=extension_sessions&id=eq.6b2057a9-ee51-4070-8732-9759d30fd521	serveur-fonction-edge	6b2057a9-ee51-4070-8732-9759d30fd521	32
2026-10-05 17:01:11.834	2026-10-05 19:01:11.834	POST	200	/rest/v1/rpc/plateformes_verite		serveur-fonction-edge	6b2057a9-ee51-4070-8732-9759d30fd521	36
2026-10-05 17:01:11.925	2026-10-05 19:01:11.925	GET	200	/rest/v1/coin_config	?select=value&key=eq.keepalive_actif	serveur-fonction-edge	6b2057a9-ee51-4070-8732-9759d30fd521	34
2026-10-05 17:01:12.017	2026-10-05 19:01:12.017	GET	200	/rest/v1/coin_config	?select=value&key=eq.prevol_copie_actif	serveur-fonction-edge	6b2057a9-ee51-4070-8732-9759d30fd521	34
2026-10-05 17:01:12.481	2026-10-05 19:01:12.481	GET	200	/rest/v1/vinted_sync_runs	?select=id,status,page_suivante,total_pages,total_entries,items_vus,items_crees,items_maj,erreur,started_at,finished_at,vinted_login,vinted_user_id&user_id=eq.6b2057a9-ee51-4070-8732-9759d30fd521&kind=eq.dressing&order=started_at.desc&limit=1	web-pc-chrome154	6b2057a9-ee51-4070-8732-9759d30fd521	53
2026-10-05 17:01:15.145	2026-10-05 19:01:15.145	GET	200	/rest/v1/cross_post_jobs	?user_id=eq.6b2057a9-ee51-4070-8732-9759d30fd521&platform=eq.vinted&action=in.(publish,republish)&status=eq.published&select=id,inventaire_id,platform_listing_id,listing_url,platform_fields&order=created_at.desc&limit=1000	extension-pc	6b2057a9-ee51-4070-8732-9759d30fd521	48
2026-10-05 17:01:15.150	2026-10-05 19:01:15.150	GET	200	/rest/v1/vinted_sync_runs	?select=id,platform,status,declencheur,items_vus,items_crees,items_maj,total_entries,erreur,queued_at,started_at,finished_at&user_id=eq.6b2057a9-ee51-4070-8732-9759d30fd521&kind=eq.annonces&order=queued_at.desc.nullslast,started_at.desc.nullslast&limit=60	web-pc-chrome154	6b2057a9-ee51-4070-8732-9759d30fd521	42
2026-10-05 17:01:15.154	2026-10-05 19:01:15.154	OPTIONS	200	/rest/v1/cross_post_jobs	?select=id,platform,listing_url,platform_listing_id,created_at&user_id=eq.6b2057a9-ee51-4070-8732-9759d30fd521&action=eq.delete&platform=in.(leboncoin,beebs,ebay,opla)&status=in.(pending,processing,needs_user,deleted)&created_at=gte.2026-08-06T17:01:04.620Z&order=id.asc&limit=500	web-pc-chrome154		0
2026-10-05 17:01:16.960	2026-10-05 19:01:16.960	GET	200	/rest/v1/vinted_sync_runs	?select=id,status,page_suivante,total_pages,total_entries,items_vus,items_crees,items_maj,erreur,started_at,finished_at,vinted_login,vinted_user_id&user_id=eq.6b2057a9-ee51-4070-8732-9759d30fd521&kind=eq.dressing&order=started_at.desc&limit=1	web-pc-chrome154	6b2057a9-ee51-4070-8732-9759d30fd521	39
2026-10-05 17:01:31.074	2026-10-05 19:01:31.074	POST	201	/rest/v1/vinted_listing_snapshots	?on_conflict=user_id,vinted_item_id,captured_on	extension-pc	6b2057a9-ee51-4070-8732-9759d30fd521	37
2026-10-05 17:01:32.088	2026-10-05 19:01:32.088	PATCH	204	/rest/v1/vinted_sync_runs	?id=eq.62e212b5-6adc-4cbb-bdea-962e414ee2db	extension-pc	6b2057a9-ee51-4070-8732-9759d30fd521	54
2026-10-05 17:01:32.211	2026-10-05 19:01:32.211	GET	200	/rest/v1/inventaire	?user_id=eq.6b2057a9-ee51-4070-8732-9759d30fd521&vinted_item_id=in.("10161957127","10161856346","10160029857","10159889355","10146744968","10146667419","10135260970","10135144991")&select=id,vinted_item_id,first_seen_at,statut,origine,photos,prix_vente	extension-pc	6b2057a9-ee51-4070-8732-9759d30fd521	33
2026-10-05 17:01:32.931	2026-10-05 19:01:32.931	GET	200	/rest/v1/cross_post_jobs	?user_id=eq.6b2057a9-ee51-4070-8732-9759d30fd521&platform=eq.vinted&action=in.(publish,republish)&status=in.(published,sold)&inventaire_id=not.is.null&listing_url=not.is.null&select=inventaire_id,platform_listing_id,listing_url&order=created_at.desc&limit=1000	extension-pc	6b2057a9-ee51-4070-8732-9759d30fd521	42
2026-10-05 17:01:33.318	2026-10-05 19:01:33.318	GET	200	/rest/v1/cross_post_jobs	?user_id=eq.6b2057a9-ee51-4070-8732-9759d30fd521&platform=eq.vinted&action=in.(publish,republish)&status=eq.published&select=id,inventaire_id,platform_listing_id,listing_url,platform_fields&order=created_at.desc&limit=1000	extension-pc	6b2057a9-ee51-4070-8732-9759d30fd521	37
2026-10-05 17:01:33.324	2026-10-05 19:01:33.324	GET	200	/storage/v1/object/public/listing-photos/6b2057a9-ee51-4070-8732-9759d30fd521/rapatrie-fiche/1791218520498/1791218520950_3.jpg		web-pc-chrome154		62
2026-10-05 17:01:33.325	2026-10-05 19:01:33.325	GET	200	/storage/v1/object/public/listing-photos/6b2057a9-ee51-4070-8732-9759d30fd521/rapatrie-fiche/1791218520498/1791218520950_2.jpg		web-pc-chrome154		59
2026-10-05 17:01:34.140	2026-10-05 19:01:34.140	GET	200	/rest/v1/fiches_annonce	?select=inventaire_id&user_id=eq.6b2057a9-ee51-4070-8732-9759d30fd521&brouillon=eq.true&limit=200	web-pc-chrome154	6b2057a9-ee51-4070-8732-9759d30fd521	58
2026-10-05 17:01:34.632	2026-10-05 19:01:34.632	GET	200	/storage/v1/object/public/listing-photos/6b2057a9-ee51-4070-8732-9759d30fd521/rapatrie-fiche/1791218520498/1791218520950_1.jpg		web-pc-chrome154		73
2026-10-05 17:01:34.981	2026-10-05 19:01:34.981	OPTIONS	200	/rest/v1/cross_post_jobs	?select=id,platform,listing_url,platform_listing_id,created_at&user_id=eq.6b2057a9-ee51-4070-8732-9759d30fd521&action=eq.delete&platform=in.(leboncoin,beebs,ebay,opla)&status=in.(pending,processing,needs_user,deleted)&created_at=gte.2026-08-06T17:01:04.620Z&order=id.asc&limit=500	web-pc-chrome154		0
2026-10-05 17:01:46.889	2026-10-05 19:01:46.889	GET	200	/rest/v1/vinted_sync_runs	?select=id,status,page_suivante,total_pages,total_entries,items_vus,items_crees,items_maj,erreur,started_at,finished_at,vinted_login,vinted_user_id&user_id=eq.6b2057a9-ee51-4070-8732-9759d30fd521&kind=eq.dressing&order=started_at.desc&limit=1	web-pc-chrome154	6b2057a9-ee51-4070-8732-9759d30fd521	48
2026-10-05 17:01:50.024	2026-10-05 19:01:50.024	GET	200	/rest/v1/vinted_listing_snapshots	?select=vinted_item_id,price&user_id=eq.6b2057a9-ee51-4070-8732-9759d30fd521&vinted_item_id=in.(10135213630,10146459409,10146579584,10158977096,10159200123,10159376941,10159568467,10159717183,10160122581,10160255699,10161389814,10161486701,10161639845,10161767682,10170380962,10170450531)&order=captured_at.desc&limit=1000	web-pc-chrome154	6b2057a9-ee51-4070-8732-9759d30fd521	37
2026-10-05 17:01:51.127	2026-10-05 19:01:51.127	GET	200	/rest/v1/vinted_sync_runs	?select=id,status,page_suivante,total_pages,total_entries,items_vus,items_crees,items_maj,erreur,started_at,finished_at,vinted_login,vinted_user_id&user_id=eq.6b2057a9-ee51-4070-8732-9759d30fd521&kind=eq.dressing&order=started_at.desc&limit=1	web-pc-chrome154	6b2057a9-ee51-4070-8732-9759d30fd521	42
2026-10-05 17:01:51.717	2026-10-05 19:01:51.717	GET	200	/rest/v1/vinted_sync_runs	?select=id,status,page_suivante,total_pages,total_entries,items_vus,items_crees,items_maj,erreur,started_at,finished_at,vinted_login,vinted_user_id&user_id=eq.6b2057a9-ee51-4070-8732-9759d30fd521&kind=eq.dressing&order=started_at.desc&limit=1	web-pc-chrome154	6b2057a9-ee51-4070-8732-9759d30fd521	42
2026-10-05 17:01:52.290	2026-10-05 19:01:52.290	GET	200	/rest/v1/vinted_sync_runs	?select=id,status,page_suivante,total_pages,total_entries,items_vus,items_crees,items_maj,erreur,started_at,finished_at,vinted_login,vinted_user_id&user_id=eq.6b2057a9-ee51-4070-8732-9759d30fd521&kind=eq.dressing&order=started_at.desc&limit=1	web-pc-chrome154	6b2057a9-ee51-4070-8732-9759d30fd521	42
2026-10-05 17:01:52.711	2026-10-05 19:01:52.711	GET	200	/rest/v1/cross_post_jobs	?select=id,platform,listing_url,platform_listing_id,created_at&user_id=eq.6b2057a9-ee51-4070-8732-9759d30fd521&action=eq.delete&platform=in.(leboncoin,beebs,ebay,opla)&status=in.(pending,processing,needs_user,deleted)&created_at=gte.2026-08-06T17:01:04.620Z&order=id.asc&limit=500	web-pc-chrome154	6b2057a9-ee51-4070-8732-9759d30fd521	39
2026-10-05 17:01:53.345	2026-10-05 19:01:53.345	GET	200	/rest/v1/vinted_sync_runs	?select=id,status,page_suivante,total_pages,total_entries,items_vus,items_crees,items_maj,erreur,started_at,finished_at,vinted_login,vinted_user_id&user_id=eq.6b2057a9-ee51-4070-8732-9759d30fd521&kind=eq.dressing&order=started_at.desc&limit=1	web-pc-chrome154	6b2057a9-ee51-4070-8732-9759d30fd521	38
2026-10-05 17:01:53.348	2026-10-05 19:01:53.348	GET	200	/rest/v1/vinted_sync_runs	?select=id,status,page_suivante,total_pages,total_entries,items_vus,items_crees,items_maj,erreur,started_at,finished_at,vinted_login,vinted_user_id&user_id=eq.6b2057a9-ee51-4070-8732-9759d30fd521&kind=eq.dressing&order=started_at.desc&limit=1	web-pc-chrome154	6b2057a9-ee51-4070-8732-9759d30fd521	40
2026-10-05 17:01:54.552	2026-10-05 19:01:54.552	GET	200	/rest/v1/vinted_sync_runs	?select=id,status,page_suivante,total_pages,total_entries,items_vus,items_crees,items_maj,erreur,started_at,finished_at,vinted_login,vinted_user_id&user_id=eq.6b2057a9-ee51-4070-8732-9759d30fd521&kind=eq.dressing&order=started_at.desc&limit=1	web-pc-chrome154	6b2057a9-ee51-4070-8732-9759d30fd521	37
2026-10-05 17:01:55.548	2026-10-05 19:01:55.548	GET	200	/rest/v1/vinted_sync_runs	?select=finished_at&user_id=eq.6b2057a9-ee51-4070-8732-9759d30fd521&platform=eq.opla&status=eq.done&kind=neq.connexion&finished_at=not.is.null&order=finished_at.desc&limit=1	web-pc-chrome154	6b2057a9-ee51-4070-8732-9759d30fd521	42
2026-10-05 17:01:55.731	2026-10-05 19:01:55.731	GET	200	/rest/v1/vinted_sync_runs	?select=finished_at&user_id=eq.6b2057a9-ee51-4070-8732-9759d30fd521&platform=eq.opla&erreur=ilike.%accès+Opla+non+accordé%&finished_at=not.is.null&order=finished_at.desc&limit=1	web-pc-chrome154	6b2057a9-ee51-4070-8732-9759d30fd521	38
2026-10-05 17:01:55.964	2026-10-05 19:01:55.964	GET	200	/rest/v1/vinted_sync_runs	?select=finished_at&user_id=eq.6b2057a9-ee51-4070-8732-9759d30fd521&platform=eq.opla&erreur=ilike.%session+Opla+refus%HTTP+401%&finished_at=not.is.null&order=finished_at.desc&limit=1	web-pc-chrome154	6b2057a9-ee51-4070-8732-9759d30fd521	41
2026-10-05 17:01:57.087	2026-10-05 19:01:57.087	GET	200	/rest/v1/cross_post_jobs	?select=platform_fields&user_id=eq.6b2057a9-ee51-4070-8732-9759d30fd521&platform=eq.opla&platform_fields->>opla_acces_accorde_le=not.is.null&platform_fields->>opla_acces_accorde_par=is.null&order=created_at.desc&limit=20	web-pc-chrome154	6b2057a9-ee51-4070-8732-9759d30fd521	41
2026-10-05 17:01:57.456	2026-10-05 19:01:57.456	GET	200	/rest/v1/vinted_sync_runs	?select=id,status,page_suivante,total_pages,total_entries,items_vus,items_crees,items_maj,erreur,started_at,finished_at,vinted_login,vinted_user_id&user_id=eq.6b2057a9-ee51-4070-8732-9759d30fd521&kind=eq.dressing&order=started_at.desc&limit=1	web-pc-chrome154	6b2057a9-ee51-4070-8732-9759d30fd521	49
2026-10-05 17:01:57.787	2026-10-05 19:01:57.787	GET	200	/rest/v1/profiles	?select=extension_postes,extension_sessions&id=eq.6b2057a9-ee51-4070-8732-9759d30fd521	web-pc-chrome154	6b2057a9-ee51-4070-8732-9759d30fd521	38
2026-10-05 17:01:57.791	2026-10-05 19:01:57.791	GET	200	/rest/v1/vinted_sync_runs	?select=id,status,page_suivante,total_pages,total_entries,items_vus,items_crees,items_maj,erreur,started_at,finished_at,vinted_login,vinted_user_id&user_id=eq.6b2057a9-ee51-4070-8732-9759d30fd521&kind=eq.dressing&order=started_at.desc&limit=1	web-pc-chrome154	6b2057a9-ee51-4070-8732-9759d30fd521	40
2026-10-05 17:01:57.889	2026-10-05 19:01:57.889	GET	200	/rest/v1/vinted_sync_runs	?select=id,status,page_suivante,total_pages,total_entries,items_vus,items_crees,items_maj,erreur,started_at,finished_at,vinted_login,vinted_user_id&user_id=eq.6b2057a9-ee51-4070-8732-9759d30fd521&kind=eq.dressing&order=started_at.desc&limit=1	web-pc-chrome154	6b2057a9-ee51-4070-8732-9759d30fd521	38
2026-10-05 17:01:58.103	2026-10-05 19:01:58.103	GET	200	/rest/v1/cross_post_jobs	?select=created_at,platform_fields&user_id=eq.6b2057a9-ee51-4070-8732-9759d30fd521&platform=eq.opla&status=eq.needs_user&platform_fields->>needs_user_source=eq.opla_acces&limit=50	web-pc-chrome154	6b2057a9-ee51-4070-8732-9759d30fd521	38
2026-10-05 17:01:58.109	2026-10-05 19:01:58.109	GET	200	/rest/v1/cross_post_jobs	?select=published_at&user_id=eq.6b2057a9-ee51-4070-8732-9759d30fd521&platform=eq.opla&status=eq.published&published_at=not.is.null&or=(handler_build.is.null,handler_build.neq.releve-annonces)&order=published_at.desc&limit=1	web-pc-chrome154	6b2057a9-ee51-4070-8732-9759d30fd521	38
2026-10-05 17:01:58.645	2026-10-05 19:01:58.645	GET	200	/rest/v1/vinted_sync_runs	?select=id,status,page_suivante,total_pages,total_entries,items_vus,items_crees,items_maj,erreur,started_at,finished_at,vinted_login,vinted_user_id&user_id=eq.6b2057a9-ee51-4070-8732-9759d30fd521&kind=eq.dressing&order=started_at.desc&limit=1	web-pc-chrome154	6b2057a9-ee51-4070-8732-9759d30fd521	104
2026-10-05 17:01:58.713	2026-10-05 19:01:58.713	GET	200	/rest/v1/platform_health	?select=platform,message_fr,message_en&paused=eq.true	web-pc-chrome154	6b2057a9-ee51-4070-8732-9759d30fd521	39
2026-10-05 17:01:58.893	2026-10-05 19:01:58.893	GET	200	/rest/v1/vinted_sync_runs	?select=id,status,page_suivante,total_pages,total_entries,items_vus,items_crees,items_maj,erreur,started_at,finished_at,vinted_login,vinted_user_id&user_id=eq.6b2057a9-ee51-4070-8732-9759d30fd521&kind=eq.dressing&order=started_at.desc&limit=1	web-pc-chrome154	6b2057a9-ee51-4070-8732-9759d30fd521	41
2026-10-05 17:01:59.546	2026-10-05 19:01:59.546	GET	200	/rest/v1/vinted_sync_runs	?select=id,status,page_suivante,total_pages,total_entries,items_vus,items_crees,items_maj,erreur,started_at,finished_at,vinted_login,vinted_user_id&user_id=eq.6b2057a9-ee51-4070-8732-9759d30fd521&kind=eq.dressing&order=started_at.desc&limit=1	web-pc-chrome154	6b2057a9-ee51-4070-8732-9759d30fd521	45
2026-10-05 17:01:59.619	2026-10-05 19:01:59.619	GET	200	/rest/v1/vinted_sync_runs	?select=id,status,page_suivante,total_pages,total_entries,items_vus,items_crees,items_maj,erreur,started_at,finished_at,vinted_login,vinted_user_id&user_id=eq.6b2057a9-ee51-4070-8732-9759d30fd521&kind=eq.dressing&order=started_at.desc&limit=1	web-pc-chrome154	6b2057a9-ee51-4070-8732-9759d30fd521	38
2026-10-05 17:01:59.753	2026-10-05 19:01:59.753	GET	200	/rest/v1/vinted_sync_runs	?select=id,status,page_suivante,total_pages,total_entries,items_vus,items_crees,items_maj,erreur,started_at,finished_at,vinted_login,vinted_user_id&user_id=eq.6b2057a9-ee51-4070-8732-9759d30fd521&kind=eq.dressing&order=started_at.desc&limit=1	web-pc-chrome154	6b2057a9-ee51-4070-8732-9759d30fd521	42
2026-10-05 17:01:59.757	2026-10-05 19:01:59.757	GET	200	/rest/v1/vinted_sync_runs	?select=id,status,page_suivante,total_pages,total_entries,items_vus,items_crees,items_maj,erreur,started_at,finished_at,vinted_login,vinted_user_id&user_id=eq.6b2057a9-ee51-4070-8732-9759d30fd521&kind=eq.dressing&order=started_at.desc&limit=1	web-pc-chrome154	6b2057a9-ee51-4070-8732-9759d30fd521	38
2026-10-05 17:02:00.154	2026-10-05 19:02:00.154	GET	200	/rest/v1/vinted_sync_runs	?select=id,status,page_suivante,total_pages,total_entries,items_vus,items_crees,items_maj,erreur,started_at,finished_at,vinted_login,vinted_user_id&user_id=eq.6b2057a9-ee51-4070-8732-9759d30fd521&kind=eq.dressing&order=started_at.desc&limit=1	web-pc-chrome154	6b2057a9-ee51-4070-8732-9759d30fd521	69
2026-10-05 17:02:00.157	2026-10-05 19:02:00.157	GET	200	/rest/v1/cross_post_jobs	?select=id,inventaire_id,platform,status,error,created_at,published_at,platform_fields,action,listing_url,title,bulk_batch_id,voie&user_id=eq.6b2057a9-ee51-4070-8732-9759d30fd521&status=in.(pending,processing,published,failed,needs_user,deleted,cancelled,dry_run_completed)&order=created_at.desc,id.desc&offset=0&limit=1000	web-pc-chrome154	6b2057a9-ee51-4070-8732-9759d30fd521	64
2026-10-05 17:02:00.165	2026-10-05 19:02:00.165	GET	200	/rest/v1/vinted_sync_runs	?select=id,status,page_suivante,total_pages,total_entries,items_vus,items_crees,items_maj,erreur,started_at,finished_at,vinted_login,vinted_user_id&user_id=eq.6b2057a9-ee51-4070-8732-9759d30fd521&kind=eq.dressing&order=started_at.desc&limit=1	web-pc-chrome154	6b2057a9-ee51-4070-8732-9759d30fd521	61
2026-10-05 17:02:00.168	2026-10-05 19:02:00.168	GET	200	/rest/v1/cross_post_jobs	?select=id,status,last_checked_at,sale_signal:platform_fields->>sale_signal,unavailable_since:platform_fields->>unavailable_since,pending_removal:platform_fields->>pending_removal,check_unresolved_since:platform_fields->>check_unresolved_since&user_id=eq.6b2057a9-ee51-4070-8732-9759d30fd521&order=created_at.desc&limit=80	web-pc-chrome154	6b2057a9-ee51-4070-8732-9759d30fd521	66
2026-10-05 17:02:00.173	2026-10-05 19:02:00.173	GET	200	/rest/v1/annonces_plateforme	?select=id,platform,listing_id,vu_le,inventaire_id,ignoree_le,disparu_le&user_id=eq.6b2057a9-ee51-4070-8732-9759d30fd521&disparu_le=is.null&order=id.asc&limit=500&id=gt.f3f1c690-5fa5-4428-b927-5792a6b568d7	web-pc-chrome154	6b2057a9-ee51-4070-8732-9759d30fd521	58
2026-10-05 17:02:01.082	2026-10-05 19:02:01.082	GET	200	/rest/v1/vinted_sync_runs	?select=id,status,page_suivante,total_pages,total_entries,items_vus,items_crees,items_maj,erreur,started_at,finished_at,vinted_login,vinted_user_id&user_id=eq.6b2057a9-ee51-4070-8732-9759d30fd521&kind=eq.dressing&order=started_at.desc&limit=1	web-pc-chrome154	6b2057a9-ee51-4070-8732-9759d30fd521	40
2026-10-05 17:02:01.086	2026-10-05 19:02:01.086	GET	200	/rest/v1/vinted_sync_runs	?select=id,status,page_suivante,total_pages,total_entries,items_vus,items_crees,items_maj,erreur,started_at,finished_at,vinted_login,vinted_user_id&user_id=eq.6b2057a9-ee51-4070-8732-9759d30fd521&kind=eq.dressing&order=started_at.desc&limit=1	web-pc-chrome154	6b2057a9-ee51-4070-8732-9759d30fd521	40
2026-10-05 17:02:01.089	2026-10-05 19:02:01.089	GET	200	/rest/v1/vinted_sync_runs	?select=id,status,page_suivante,total_pages,total_entries,items_vus,items_crees,items_maj,erreur,started_at,finished_at,vinted_login,vinted_user_id&user_id=eq.6b2057a9-ee51-4070-8732-9759d30fd521&kind=eq.dressing&order=started_at.desc&limit=1	web-pc-chrome154	6b2057a9-ee51-4070-8732-9759d30fd521	44
2026-10-05 17:02:01.091	2026-10-05 19:02:01.091	GET	200	/rest/v1/cross_post_jobs	?select=id,platform,title,price,inventaire_id,listing_url,platform_fields&user_id=eq.6b2057a9-ee51-4070-8732-9759d30fd521&status=eq.published&action=in.(publish,republish)&platform_fields->>unavailable_since=not.is.null	web-pc-chrome154	6b2057a9-ee51-4070-8732-9759d30fd521	44
2026-10-05 17:02:01.093	2026-10-05 19:02:01.093	GET	200	/rest/v1/vinted_sync_runs	?select=id,status,page_suivante,total_pages,total_entries,items_vus,items_crees,items_maj,erreur,started_at,finished_at,vinted_login,vinted_user_id&user_id=eq.6b2057a9-ee51-4070-8732-9759d30fd521&kind=eq.dressing&order=started_at.desc&limit=1	web-pc-chrome154	6b2057a9-ee51-4070-8732-9759d30fd521	44
2026-10-05 17:02:01.161	2026-10-05 19:02:01.161	GET	200	/rest/v1/vinted_sync_runs	?select=id,status,page_suivante,total_pages,total_entries,items_vus,items_crees,items_maj,erreur,started_at,finished_at,vinted_login,vinted_user_id&user_id=eq.6b2057a9-ee51-4070-8732-9759d30fd521&kind=eq.dressing&order=started_at.desc&limit=1	web-pc-chrome154	6b2057a9-ee51-4070-8732-9759d30fd521	42
2026-10-05 17:02:02.106	2026-10-05 19:02:02.106	GET	200	/rest/v1/vinted_sync_runs	?select=id,status,page_suivante,total_pages,total_entries,items_vus,items_crees,items_maj,erreur,started_at,finished_at,vinted_login,vinted_user_id&user_id=eq.6b2057a9-ee51-4070-8732-9759d30fd521&kind=eq.dressing&order=started_at.desc&limit=1	web-pc-chrome154	6b2057a9-ee51-4070-8732-9759d30fd521	50
2026-10-05 17:02:02.109	2026-10-05 19:02:02.109	GET	200	/rest/v1/vinted_sync_runs	?select=id,status,page_suivante,total_pages,total_entries,items_vus,items_crees,items_maj,erreur,started_at,finished_at,vinted_login,vinted_user_id&user_id=eq.6b2057a9-ee51-4070-8732-9759d30fd521&kind=eq.dressing&order=started_at.desc&limit=1	web-pc-chrome154	6b2057a9-ee51-4070-8732-9759d30fd521	39
2026-10-05 17:02:02.113	2026-10-05 19:02:02.113	GET	200	/rest/v1/cross_post_jobs	?select=id,platform,listing_url,platform_listing_id,created_at&user_id=eq.6b2057a9-ee51-4070-8732-9759d30fd521&action=eq.delete&platform=in.(leboncoin,beebs,ebay,opla)&status=in.(pending,processing,needs_user,deleted)&created_at=gte.2026-08-06T17:01:04.620Z&order=id.asc&limit=500	web-pc-chrome154	6b2057a9-ee51-4070-8732-9759d30fd521	38
2026-10-05 17:02:03.235	2026-10-05 19:02:03.235	GET	200	/rest/v1/vinted_sync_runs	?select=id,status,page_suivante,total_pages,total_entries,items_vus,items_crees,items_maj,erreur,started_at,finished_at,vinted_login,vinted_user_id&user_id=eq.6b2057a9-ee51-4070-8732-9759d30fd521&kind=eq.dressing&order=started_at.desc&limit=1	web-pc-chrome154	6b2057a9-ee51-4070-8732-9759d30fd521	43
2026-10-05 17:02:03.926	2026-10-05 19:02:03.926	GET	200	/rest/v1/profiles	?select=id&ebay_voie_api=eq.true&id=in.(c7dc5abb-18f5-4d5e-8b35-52c1cccc4816,42eab075-66f2-49de-8e44-212377cfaf41,2eec0ad9-784e-419f-ad00-0df1fbfbb457,90739125-8f1c-4d26-a4a5-048eed4b1c0f,53efea05-dc2d-4467-a8cd-c6fa52a47a61,b20fb960-7826-4bab-b107-a388d9824009,577dce4b-0a9d-465d-8993-bab4dddba9cb,bfce1264-4aac-49e9-b2fe-3c4706a8e449,f6a86c0d-d617-4a4a-8a8d-c30a07ac3233,3fd46214-cd67-44c5-b05e-8da…	serveur-fonction-edge		11
2026-10-05 17:02:03.949	2026-10-05 19:02:03.949	GET	200	/rest/v1/cross_post_jobs	?select=id,user_id,error,platform_fields&platform=eq.ebay&action=eq.publish&voie=eq.extension&status=eq.pending&user_id=in.(8b78a7ce-3816-49ee-8bb3-511d4f860491,f6a86c0d-d617-4a4a-8a8d-c30a07ac3233,c7dc5abb-18f5-4d5e-8b35-52c1cccc4816,53efea05-dc2d-4467-a8cd-c6fa52a47a61,1661c65c-83ab-43c6-8595-c68f207d1477,52ac8bfb-ed9b-4a55-a632-d71308a0f8da,f8b8bbad-01e4-4800-89b7-f4cf77f1c8df,3d9caa6d-bf05-4ba…	serveur-fonction-edge		13
2026-10-05 17:02:03.950	2026-10-05 19:02:03.950	GET	200	/rest/v1/vinted_sync_runs	?select=id,status,page_suivante,total_pages,total_entries,items_vus,items_crees,items_maj,erreur,started_at,finished_at,vinted_login,vinted_user_id&user_id=eq.6b2057a9-ee51-4070-8732-9759d30fd521&kind=eq.dressing&order=started_at.desc&limit=1	web-pc-chrome154	6b2057a9-ee51-4070-8732-9759d30fd521	38
2026-10-05 17:02:03.955	2026-10-05 19:02:03.955	GET	200	/rest/v1/vinted_sync_runs	?select=id,status,page_suivante,total_pages,total_entries,items_vus,items_crees,items_maj,erreur,started_at,finished_at,vinted_login,vinted_user_id&user_id=eq.6b2057a9-ee51-4070-8732-9759d30fd521&kind=eq.dressing&order=started_at.desc&limit=1	web-pc-chrome154	6b2057a9-ee51-4070-8732-9759d30fd521	39
2026-10-05 17:02:04.234	2026-10-05 19:02:04.234	GET	200	/rest/v1/vinted_sync_runs	?select=id,status,page_suivante,total_pages,total_entries,items_vus,items_crees,items_maj,erreur,started_at,finished_at,vinted_login,vinted_user_id&user_id=eq.6b2057a9-ee51-4070-8732-9759d30fd521&kind=eq.dressing&order=started_at.desc&limit=1	web-pc-chrome154	6b2057a9-ee51-4070-8732-9759d30fd521	42
2026-10-05 17:02:04.245	2026-10-05 19:02:04.245	GET	200	/rest/v1/annonces_plateforme	?select=id,platform,listing_id,url,titre,prix,proposition&user_id=eq.6b2057a9-ee51-4070-8732-9759d30fd521&inventaire_id=is.null&ignoree_le=is.null&disparu_le=is.null&proposition=not.is.null&limit=200	web-pc-chrome154	6b2057a9-ee51-4070-8732-9759d30fd521	34
2026-10-05 17:02:04.509	2026-10-05 19:02:04.509	GET	200	/rest/v1/cross_post_jobs	?select=inventaire_id&user_id=eq.6b2057a9-ee51-4070-8732-9759d30fd521&action=eq.republish&status=in.(pending,processing,needs_user)&inventaire_id=not.is.null	web-pc-chrome154	6b2057a9-ee51-4070-8732-9759d30fd521	39
2026-10-05 17:02:04.576	2026-10-05 19:02:04.576	GET	200	/rest/v1/vinted_sync_runs	?select=id,status,page_suivante,total_pages,total_entries,items_vus,items_crees,items_maj,erreur,started_at,finished_at,vinted_login,vinted_user_id&user_id=eq.6b2057a9-ee51-4070-8732-9759d30fd521&kind=eq.dressing&order=started_at.desc&limit=1	web-pc-chrome154	6b2057a9-ee51-4070-8732-9759d30fd521	37
2026-10-05 17:02:05.120	2026-10-05 19:02:05.120	GET	200	/rest/v1/profiles	?select=voice_count_today,voice_count_date&id=eq.6b2057a9-ee51-4070-8732-9759d30fd521	web-pc-chrome154	6b2057a9-ee51-4070-8732-9759d30fd521	40
2026-10-05 17:02:05.801	2026-10-05 19:02:05.801	POST	200	/rest/v1/rpc/quotas_etat		web-pc-chrome154	6b2057a9-ee51-4070-8732-9759d30fd521	45
2026-10-05 17:02:06.030	2026-10-05 19:02:06.030	GET	200	/rest/v1/vinted_sync_runs	?select=id,status,page_suivante,total_pages,total_entries,items_vus,items_crees,items_maj,erreur,started_at,finished_at,vinted_login,vinted_user_id&user_id=eq.6b2057a9-ee51-4070-8732-9759d30fd521&kind=eq.dressing&order=started_at.desc&limit=1	web-pc-chrome154	6b2057a9-ee51-4070-8732-9759d30fd521	43
2026-10-05 17:02:06.482	2026-10-05 19:02:06.482	GET	200	/rest/v1/vinted_sync_runs	?select=id,status,page_suivante,total_pages,total_entries,items_vus,items_crees,items_maj,erreur,started_at,finished_at,vinted_login,vinted_user_id&user_id=eq.6b2057a9-ee51-4070-8732-9759d30fd521&kind=eq.dressing&order=started_at.desc&limit=1	web-pc-chrome154	6b2057a9-ee51-4070-8732-9759d30fd521	38
2026-10-05 17:02:09.182	2026-10-05 19:02:09.182	GET	200	/rest/v1/vinted_sync_runs	?select=id,status,page_suivante,total_pages,total_entries,items_vus,items_crees,items_maj,erreur,started_at,finished_at,vinted_login,vinted_user_id&user_id=eq.6b2057a9-ee51-4070-8732-9759d30fd521&kind=eq.dressing&order=started_at.desc&limit=1	web-pc-chrome154	6b2057a9-ee51-4070-8732-9759d30fd521	52
2026-10-05 17:02:10.880	2026-10-05 19:02:10.880	GET	200	/rest/v1/vinted_sync_runs	?select=id,status,page_suivante,total_pages,total_entries,items_vus,items_crees,items_maj,erreur,started_at,finished_at,vinted_login,vinted_user_id&user_id=eq.6b2057a9-ee51-4070-8732-9759d30fd521&kind=eq.dressing&order=started_at.desc&limit=1	web-pc-chrome154	6b2057a9-ee51-4070-8732-9759d30fd521	37
2026-10-05 17:02:17.308	2026-10-05 19:02:17.308	GET	200	/rest/v1/vinted_sync_runs	?select=id,status,page_suivante,total_pages,total_entries,items_vus,items_crees,items_maj,erreur,started_at,finished_at,vinted_login,vinted_user_id&user_id=eq.6b2057a9-ee51-4070-8732-9759d30fd521&kind=eq.dressing&order=started_at.desc&limit=1	web-pc-chrome154	6b2057a9-ee51-4070-8732-9759d30fd521	48
2026-10-05 17:02:38.815	2026-10-05 19:02:38.815	POST	201	/rest/v1/usage_logs		extension-pc	6b2057a9-ee51-4070-8732-9759d30fd521	57
2026-10-05 17:02:38.816	2026-10-05 19:02:38.816	GET	200	/rest/v1/cross_post_jobs	?select=id,platform_fields&platform=eq.opla&status=eq.needs_user&platform_fields->>needs_user_source=eq.opla_acces&limit=200	extension-pc	6b2057a9-ee51-4070-8732-9759d30fd521	55
2026-10-05 17:02:38.817	2026-10-05 19:02:38.817	GET	200	/rest/v1/cross_post_jobs	?select=id,platform,action,title,inventaire_id,created_at,platform_fields&status=eq.processing	extension-pc	6b2057a9-ee51-4070-8732-9759d30fd521	51
2026-10-05 17:02:38.819	2026-10-05 19:02:38.819	GET	200	/rest/v1/vinted_sync_runs	?id=eq.62e212b5-6adc-4cbb-bdea-962e414ee2db&select=id,status,page_suivante,items_vus,updated_at,declencheur&limit=1	extension-pc	6b2057a9-ee51-4070-8732-9759d30fd521	46
2026-10-05 17:02:38.820	2026-10-05 19:02:38.820	GET	200	/rest/v1/vinted_sync_runs	?user_id=eq.6b2057a9-ee51-4070-8732-9759d30fd521&kind=eq.dressing&started_at=gte.2026-10-05T15:02:36.128Z&order=started_at.desc&limit=1&select=id,status,erreur,declencheur,page_suivante	extension-pc	6b2057a9-ee51-4070-8732-9759d30fd521	45
2026-10-05 17:02:39.039	2026-10-05 19:02:39.039	GET	200	/auth/v1/user		serveur-fonction-edge	6b2057a9-ee51-4070-8732-9759d30fd521	52
2026-10-05 17:02:39.117	2026-10-05 19:02:39.117	GET	200	/rest/v1/coin_config	?select=value&key=eq.opla_sortie_le	serveur-fonction-edge	6b2057a9-ee51-4070-8732-9759d30fd521	35
2026-10-05 17:02:39.170	2026-10-05 19:02:39.170	GET	200	/rest/v1/profiles	?select=extension_postes&id=eq.6b2057a9-ee51-4070-8732-9759d30fd521	serveur-fonction-edge		43
2026-10-05 17:02:39.295	2026-10-05 19:02:39.295	PATCH	204	/rest/v1/profiles	?id=eq.6b2057a9-ee51-4070-8732-9759d30fd521	serveur-fonction-edge		36
2026-10-05 17:02:39.348	2026-10-05 19:02:39.348	GET	200	/rest/v1/cross_post_jobs	?select=id&user_id=eq.6b2057a9-ee51-4070-8732-9759d30fd521&platform=eq.vinted&status=eq.pending&platform_fields->attente_antirobot_compte=not.is.null&limit=1	serveur-fonction-edge	6b2057a9-ee51-4070-8732-9759d30fd521	33
2026-10-05 17:02:39.402	2026-10-05 19:02:39.402	GET	200	/rest/v1/cross_post_jobs	?select=id,platform,action,status,title,description,price,photos,photo_option,platform_fields,inventaire_id,listing_url,platform_listing_id,created_at,error,inventaire:inventaire_id(vinted_item_id,disparu_le,vinted_status)&status=in.(pending,processing,needs_user)&voie=eq.extension&order=created_at.asc	serveur-fonction-edge	6b2057a9-ee51-4070-8732-9759d30fd521	40
2026-10-05 17:02:39.460	2026-10-05 19:02:39.460	GET	200	/rest/v1/platform_health	?select=platform,paused&paused=eq.true	serveur-fonction-edge	6b2057a9-ee51-4070-8732-9759d30fd521	35
2026-10-05 17:02:39.516	2026-10-05 19:02:39.516	GET	200	/rest/v1/inventaire	?select=id,statut,quantite&id=in.(1791218520498)	serveur-fonction-edge	6b2057a9-ee51-4070-8732-9759d30fd521	38
2026-10-05 17:02:39.575	2026-10-05 19:02:39.575	GET	200	/rest/v1/cross_post_jobs	?select=id,inventaire_id,platform&inventaire_id=in.(1791218520498)&action=in.(publish,republish)&status=eq.published&platform_fields->>sale_signal=eq.sold	serveur-fonction-edge	6b2057a9-ee51-4070-8732-9759d30fd521	43
2026-10-05 17:02:39.671	2026-10-05 19:02:39.671	GET	200	/rest/v1/cross_post_jobs	?select=id,platform,action,status,title,description,price,photos,photo_option,platform_fields,inventaire_id,listing_url,platform_listing_id,created_at,error&platform=eq.leboncoin&action=eq.republish&status=in.(needs_user,failed)&inventaire_id=not.is.null&limit=20	serveur-fonction-edge	6b2057a9-ee51-4070-8732-9759d30fd521	44
2026-10-05 17:02:39.736	2026-10-05 19:02:39.736	GET	200	/rest/v1/vinted_sync_runs	?select=status,items_vus,items_crees,items_maj,total_entries,queued_at,started_at,finished_at,erreur&kind=eq.dressing&order=started_at.desc&limit=1	serveur-fonction-edge	6b2057a9-ee51-4070-8732-9759d30fd521	49
2026-10-05 17:02:39.807	2026-10-05 19:02:39.807	GET	200	/rest/v1/profiles	?select=extension_sessions&id=eq.6b2057a9-ee51-4070-8732-9759d30fd521	serveur-fonction-edge	6b2057a9-ee51-4070-8732-9759d30fd521	59
2026-10-05 17:02:39.885	2026-10-05 19:02:39.885	POST	200	/rest/v1/rpc/plateformes_verite		serveur-fonction-edge	6b2057a9-ee51-4070-8732-9759d30fd521	53
2026-10-05 17:02:39.899	2026-10-05 19:02:39.899	GET	200	/rest/v1/cross_post_jobs	?select=id,platform_fields&platform=eq.opla&status=eq.needs_user&platform_fields->>needs_user_source=eq.opla_cookies&limit=200	extension-pc	6b2057a9-ee51-4070-8732-9759d30fd521	49
2026-10-05 17:02:39.964	2026-10-05 19:02:39.964	GET	200	/rest/v1/cross_post_jobs	?select=id,inventaire_id&status=eq.needs_user&action=neq.delete	serveur-fonction-edge	6b2057a9-ee51-4070-8732-9759d30fd521	34
2026-10-05 17:02:40.017	2026-10-05 19:02:40.017	GET	200	/rest/v1/coin_config	?select=value&key=eq.keepalive_actif	serveur-fonction-edge	6b2057a9-ee51-4070-8732-9759d30fd521	46
2026-10-05 17:02:40.092	2026-10-05 19:02:40.092	GET	200	/rest/v1/profiles	?select=beta_flags&id=eq.6b2057a9-ee51-4070-8732-9759d30fd521	serveur-fonction-edge	6b2057a9-ee51-4070-8732-9759d30fd521	38
2026-10-05 17:02:40.148	2026-10-05 19:02:40.148	GET	200	/rest/v1/coin_config	?select=value&key=eq.prevol_copie_actif	serveur-fonction-edge	6b2057a9-ee51-4070-8732-9759d30fd521	33
2026-10-05 17:02:40.212	2026-10-05 19:02:40.212	GET	200	/auth/v1/user		serveur-fonction-edge	6b2057a9-ee51-4070-8732-9759d30fd521	40
2026-10-05 17:02:40.327	2026-10-05 19:02:40.327	GET	200	/rest/v1/profiles	?select=extension_postes&id=eq.6b2057a9-ee51-4070-8732-9759d30fd521	serveur-fonction-edge		42
2026-10-05 17:02:40.597	2026-10-05 19:02:40.597	GET	200	/rest/v1/cross_post_jobs	?select=id,user_id,platform,action,status,error,handler_build,platform_fields&user_id=eq.6b2057a9-ee51-4070-8732-9759d30fd521&status=eq.needs_user&platform=in.(ebay,beebs,vinted,leboncoin)&action=in.(publish,republish,delete)&limit=50	serveur-fonction-edge		38
2026-10-05 17:02:40.649	2026-10-05 19:02:40.649	GET	200	/rest/v1/cross_post_jobs	?select=id,platform,action,status,error,inventaire_id,platform_fields&user_id=eq.6b2057a9-ee51-4070-8732-9759d30fd521&status=eq.needs_user&platform=eq.leboncoin&action=eq.republish&platform_fields->gardes->prevol_page->>verdict=eq.bloque&limit=30	serveur-fonction-edge		40
2026-10-05 17:02:40.804	2026-10-05 19:02:40.804	GET	200	/rest/v1/cross_post_jobs	?select=id,platform,action,status,created_at,error,listing_url,platform_listing_id,platform_fields&user_id=eq.6b2057a9-ee51-4070-8732-9759d30fd521&action=eq.delete&status=in.(needs_user,failed)&platform=in.(leboncoin,ebay,beebs,opla)&created_at=gte.2026-09-05T17:02:40.798Z&limit=20	serveur-fonction-edge		37
2026-10-05 17:02:40.854	2026-10-05 19:02:40.854	GET	200	/rest/v1/cross_post_jobs	?select=id,status,created_at,error,platform_listing_id,listing_url,platform_fields&user_id=eq.6b2057a9-ee51-4070-8732-9759d30fd521&platform=eq.vinted&action=eq.delete&status=in.(pending,needs_user,failed)&created_at=gte.2026-09-05T17:02:40.847Z&limit=20	serveur-fonction-edge		41
2026-10-05 17:02:40.910	2026-10-05 19:02:40.910	GET	200	/rest/v1/cross_post_jobs	?select=id,platform_fields&user_id=eq.6b2057a9-ee51-4070-8732-9759d30fd521&platform=eq.beebs&action=in.(publish,republish)&status=eq.published&platform_listing_id=is.null&listing_url=is.null&platform_fields->lien_en_attente=not.is.null&limit=50	serveur-fonction-edge		34
2026-10-05 17:02:40.957	2026-10-05 19:02:40.957	GET	200	/rest/v1/cross_post_jobs	?select=id,platform,action,status,title,error,inventaire_id,platform_fields&user_id=eq.6b2057a9-ee51-4070-8732-9759d30fd521&status=eq.needs_user&platform=eq.vinted&action=eq.republish&platform_fields->>republish_step=eq.deleted&limit=20	serveur-fonction-edge		38
2026-10-05 17:02:41.010	2026-10-05 19:02:41.010	GET	200	/rest/v1/cross_post_jobs	?select=id,inventaire_id,error,platform_fields&user_id=eq.6b2057a9-ee51-4070-8732-9759d30fd521&platform=eq.vinted&action=eq.republish&status=eq.cancelled&platform_fields->gel_livres_le=not.is.null&platform_fields->gel_livres_leve_le=is.null&limit=200	serveur-fonction-edge		36
2026-10-05 17:02:41.060	2026-10-05 19:02:41.060	GET	200	/rest/v1/cross_post_jobs	?select=id&user_id=eq.6b2057a9-ee51-4070-8732-9759d30fd521&platform=eq.vinted&status=eq.pending&platform_fields->attente_antirobot_compte=not.is.null&limit=1	serveur-fonction-edge	6b2057a9-ee51-4070-8732-9759d30fd521	36
2026-10-05 17:02:41.111	2026-10-05 19:02:41.111	POST	200	/rest/v1/rpc/purger_ma_sync_queue		serveur-fonction-edge	6b2057a9-ee51-4070-8732-9759d30fd521	34
2026-10-05 17:02:41.158	2026-10-05 19:02:41.158	GET	200	/rest/v1/vinted_sync_runs	?select=id&kind=eq.dressing&status=eq.queued&queued_at=gte.2026-10-05T11:02:41.149Z&order=queued_at.asc&limit=1	serveur-fonction-edge	6b2057a9-ee51-4070-8732-9759d30fd521	33
2026-10-05 17:02:41.202	2026-10-05 19:02:41.202	GET	200	/rest/v1/vinted_sync_runs	?select=id,kind,platform,declencheur,erreur,queued_at,finished_at&user_id=eq.6b2057a9-ee51-4070-8732-9759d30fd521&status=eq.expired&claimed_at=is.null&queued_at=not.is.null&kind=in.(annonces,dressing)&finished_at=gte.2026-10-02T17:02:41.196Z&order=queued_at.desc&limit=20	serveur-fonction-edge		42
2026-10-05 17:02:41.327	2026-10-05 19:02:41.327	GET	200	/rest/v1/vinted_sync_runs	?select=id,platform,queued_at&kind=eq.annonces&status=eq.queued&queued_at=gte.2026-10-05T11:02:41.322Z&order=queued_at.asc&limit=4	serveur-fonction-edge	6b2057a9-ee51-4070-8732-9759d30fd521	33
2026-10-05 17:02:41.370	2026-10-05 19:02:41.370	GET	200	/rest/v1/vinted_sync_runs	?select=id,platform,declencheur&kind=eq.connexion&status=eq.queued&queued_at=gte.2026-10-05T16:52:41.364Z&order=queued_at.asc&limit=3	serveur-fonction-edge	6b2057a9-ee51-4070-8732-9759d30fd521	34
2026-10-05 17:02:41.416	2026-10-05 19:02:41.416	GET	200	/rest/v1/cross_post_jobs	?select=id,action,platform,platform_fields,inventaire_id,listing_url,platform_listing_id,inventaire:inventaire_id(vinted_account_id)&user_id=eq.6b2057a9-ee51-4070-8732-9759d30fd521&status=eq.needs_user&voie=eq.extension&platform_fields->>needs_user_source=eq.boutique_etrangere&platform_fields->boutique_etrangere->>motif=in.(session_inconnue,origine_inconnue,boutique_etrangere)&order=created_at.asc…	serveur-fonction-edge	6b2057a9-ee51-4070-8732-9759d30fd521	35
2026-10-05 17:02:41.462	2026-10-05 19:02:41.462	GET	200	/rest/v1/cross_post_jobs	?select=id,platform,action,status,title,description,price,photos,photo_option,platform_fields,inventaire_id,listing_url,platform_listing_id,created_at,error&status=in.(pending)&voie=eq.extension&order=created_at.asc	serveur-fonction-edge	6b2057a9-ee51-4070-8732-9759d30fd521	35
2026-10-05 17:02:41.509	2026-10-05 19:02:41.509	GET	200	/rest/v1/platform_health	?select=platform,paused&paused=eq.true	serveur-fonction-edge	6b2057a9-ee51-4070-8732-9759d30fd521	33
2026-10-05 17:02:41.553	2026-10-05 19:02:41.553	GET	200	/rest/v1/cross_post_jobs	?select=*&user_id=eq.6b2057a9-ee51-4070-8732-9759d30fd521&platform=eq.vinted&action=eq.republish&status=eq.needs_user&platform_fields->capture_id=not.is.null&platform_fields->server_required_fields=not.is.null&limit=20	serveur-fonction-edge		37
2026-10-05 17:02:41.603	2026-10-05 19:02:41.603	GET	200	/rest/v1/inventaire	?select=id,statut,quantite&id=in.(1791218520498)	serveur-fonction-edge	6b2057a9-ee51-4070-8732-9759d30fd521	35
2026-10-05 17:02:41.657	2026-10-05 19:02:41.657	GET	200	/rest/v1/cross_post_jobs	?select=id,inventaire_id,platform&inventaire_id=in.(1791218520498)&action=in.(publish,republish)&status=eq.published&platform_fields->>sale_signal=eq.sold	serveur-fonction-edge	6b2057a9-ee51-4070-8732-9759d30fd521	34
2026-10-05 17:02:41.703	2026-10-05 19:02:41.703	GET	200	/rest/v1/profiles	?select=extension_sessions&id=eq.6b2057a9-ee51-4070-8732-9759d30fd521	serveur-fonction-edge	6b2057a9-ee51-4070-8732-9759d30fd521	33
2026-10-05 17:02:41.751	2026-10-05 19:02:41.751	GET	200	/rest/v1/cross_post_jobs	?select=id,platform,action,status,title,description,price,photos,photo_option,platform_fields,inventaire_id,listing_url,platform_listing_id,created_at,error&platform=eq.leboncoin&action=eq.republish&status=in.(needs_user,failed)&inventaire_id=not.is.null&limit=20	serveur-fonction-edge	6b2057a9-ee51-4070-8732-9759d30fd521	38
2026-10-05 17:02:41.801	2026-10-05 19:02:41.801	GET	200	/rest/v1/coin_config	?select=value&key=eq.keepalive_actif	serveur-fonction-edge	6b2057a9-ee51-4070-8732-9759d30fd521	35
2026-10-05 17:02:41.853	2026-10-05 19:02:41.853	GET	200	/rest/v1/profiles	?select=beta_flags&id=eq.6b2057a9-ee51-4070-8732-9759d30fd521	serveur-fonction-edge	6b2057a9-ee51-4070-8732-9759d30fd521	36
2026-10-05 17:02:41.912	2026-10-05 19:02:41.912	GET	200	/rest/v1/coin_config	?select=value&key=eq.prevol_copie_actif	serveur-fonction-edge	6b2057a9-ee51-4070-8732-9759d30fd521	37
2026-10-05 17:02:45.715	2026-10-05 19:02:45.715	PATCH	204	/rest/v1/vinted_sync_runs	?id=eq.cf3d2ad7-65cd-457f-885c-f70d9a99004e&status=eq.queued	extension-pc	6b2057a9-ee51-4070-8732-9759d30fd521	60
2026-10-05 17:02:45.716	2026-10-05 19:02:45.716	GET	200	/rest/v1/cross_post_jobs	?select=id,platform,action,title,created_at,published_at,platform_fields,reservation_id,platform_listing_id&status=eq.published&action=in.(publish,republish)&listing_url=is.null&platform=in.(leboncoin,beebs,ebay)&order=published_at.asc.nullslast,created_at.asc&limit=100	extension-pc	6b2057a9-ee51-4070-8732-9759d30fd521	69
2026-10-05 17:02:45.987	2026-10-05 19:02:45.987	GET	200	/auth/v1/user		serveur-fonction-edge	6b2057a9-ee51-4070-8732-9759d30fd521	49
2026-10-05 17:02:46.314	2026-10-05 19:02:46.314	PATCH	204	/rest/v1/profiles	?id=eq.6b2057a9-ee51-4070-8732-9759d30fd521	serveur-fonction-edge		50
2026-10-05 17:02:46.387	2026-10-05 19:02:46.387	GET	200	/rest/v1/cross_post_jobs	?select=id&user_id=eq.6b2057a9-ee51-4070-8732-9759d30fd521&platform=eq.vinted&status=eq.pending&platform_fields->attente_antirobot_compte=not.is.null&limit=1	serveur-fonction-edge	6b2057a9-ee51-4070-8732-9759d30fd521	35
2026-10-05 17:02:46.438	2026-10-05 19:02:46.438	GET	200	/rest/v1/cross_post_jobs	?select=id,platform,action,status,title,description,price,photos,photo_option,platform_fields,inventaire_id,listing_url,platform_listing_id,created_at,error,inventaire:inventaire_id(vinted_item_id,disparu_le,vinted_status)&status=in.(pending,processing,needs_user)&voie=eq.extension&order=created_at.asc	serveur-fonction-edge	6b2057a9-ee51-4070-8732-9759d30fd521	43
2026-10-05 17:02:46.500	2026-10-05 19:02:46.500	GET	200	/rest/v1/platform_health	?select=platform,paused&paused=eq.true	serveur-fonction-edge	6b2057a9-ee51-4070-8732-9759d30fd521	43
2026-10-05 17:02:46.566	2026-10-05 19:02:46.566	GET	200	/rest/v1/inventaire	?select=id,statut,quantite&id=in.(1791218520498)	serveur-fonction-edge	6b2057a9-ee51-4070-8732-9759d30fd521	40
2026-10-05 17:02:46.681	2026-10-05 19:02:46.681	GET	200	/rest/v1/cross_post_jobs	?select=id,platform,action,status,title,description,price,photos,photo_option,platform_fields,inventaire_id,listing_url,platform_listing_id,created_at,error&platform=eq.leboncoin&action=eq.republish&status=in.(needs_user,failed)&inventaire_id=not.is.null&limit=20	serveur-fonction-edge	6b2057a9-ee51-4070-8732-9759d30fd521	39
2026-10-05 17:02:46.738	2026-10-05 19:02:46.738	GET	200	/rest/v1/vinted_sync_runs	?select=status,items_vus,items_crees,items_maj,total_entries,queued_at,started_at,finished_at,erreur&kind=eq.dressing&order=started_at.desc&limit=1	serveur-fonction-edge	6b2057a9-ee51-4070-8732-9759d30fd521	36
2026-10-05 17:02:46.791	2026-10-05 19:02:46.791	GET	200	/rest/v1/profiles	?select=extension_sessions&id=eq.6b2057a9-ee51-4070-8732-9759d30fd521	serveur-fonction-edge	6b2057a9-ee51-4070-8732-9759d30fd521	37
2026-10-05 17:02:46.849	2026-10-05 19:02:46.849	POST	200	/rest/v1/rpc/plateformes_verite		serveur-fonction-edge	6b2057a9-ee51-4070-8732-9759d30fd521	42
2026-10-05 17:02:47.021	2026-10-05 19:02:47.021	GET	200	/rest/v1/cross_post_jobs	?select=id,platform&inventaire_id=eq.1791218520498&platform=in.(vinted,leboncoin,ebay,beebs,opla)&action=eq.publish&status=in.(pending,processing,needs_user)	serveur-fonction-edge	6b2057a9-ee51-4070-8732-9759d30fd521	37
2026-10-05 17:02:47.337	2026-10-05 19:02:47.337	GET	200	/rest/v1/coin_config	?select=value&key=eq.prevol_copie_actif	serveur-fonction-edge	6b2057a9-ee51-4070-8732-9759d30fd521	37
2026-10-05 17:02:50.161	2026-10-05 19:02:50.161	GET	200	/rest/v1/inventaire_doublons	?select=id,garde,absorbe,niveau,motif,preuves,created_at&user_id=eq.6b2057a9-ee51-4070-8732-9759d30fd521&statut=eq.proposee&order=created_at.desc&limit=200	web-pc-chrome154	6b2057a9-ee51-4070-8732-9759d30fd521	73
2026-10-05 17:02:50.162	2026-10-05 19:02:50.162	GET	200	/rest/v1/coin_config	?select=value&key=eq.republish_maintenance	web-pc-chrome154	6b2057a9-ee51-4070-8732-9759d30fd521	150
2026-10-05 17:02:50.163	2026-10-05 19:02:50.163	GET	200	/rest/v1/vinted_sync_runs	?select=id,status,page_suivante,total_pages,total_entries,items_vus,items_crees,items_maj,erreur,started_at,finished_at,vinted_login,vinted_user_id&user_id=eq.6b2057a9-ee51-4070-8732-9759d30fd521&kind=eq.dressing&order=started_at.desc&limit=1	web-pc-chrome154	6b2057a9-ee51-4070-8732-9759d30fd521	178
2026-10-05 17:02:50.165	2026-10-05 19:02:50.165	GET	200	/rest/v1/vinted_sync_runs	?select=id,finished_at,declencheur,vinted_login,items_vus&user_id=eq.6b2057a9-ee51-4070-8732-9759d30fd521&kind=eq.dressing&status=eq.done&order=finished_at.desc&limit=1	web-pc-chrome154	6b2057a9-ee51-4070-8732-9759d30fd521	86
2026-10-05 17:02:50.166	2026-10-05 19:02:50.166	GET	200	/rest/v1/vinted_sync_runs	?select=id,status,page_suivante,total_pages,total_entries,items_vus,items_crees,items_maj,erreur,started_at,finished_at,vinted_login,vinted_user_id&user_id=eq.6b2057a9-ee51-4070-8732-9759d30fd521&kind=eq.dressing&order=started_at.desc&limit=1	web-pc-chrome154	6b2057a9-ee51-4070-8732-9759d30fd521	73
2026-10-05 17:02:50.168	2026-10-05 19:02:50.168	GET	200	/rest/v1/vinted_sync_runs	?select=finished_at&user_id=eq.6b2057a9-ee51-4070-8732-9759d30fd521&platform=eq.opla&erreur=ilike.%accès+Opla+non+accordé%&finished_at=not.is.null&order=finished_at.desc&limit=1	web-pc-chrome154	6b2057a9-ee51-4070-8732-9759d30fd521	72
2026-10-05 17:02:50.170	2026-10-05 19:02:50.170	GET	200	/rest/v1/profiles	?select=extension_postes,extension_sessions&id=eq.6b2057a9-ee51-4070-8732-9759d30fd521	web-pc-chrome154	6b2057a9-ee51-4070-8732-9759d30fd521	60
2026-10-05 17:02:50.170	2026-10-05 19:02:50.170	GET	200	/rest/v1/coin_config	?select=value&key=eq.republication_multi_ouverte	web-pc-chrome154	6b2057a9-ee51-4070-8732-9759d30fd521	45
2026-10-05 17:02:50.170	2026-10-05 19:02:50.170	GET	200	/rest/v1/cross_post_jobs	?select=published_at&user_id=eq.6b2057a9-ee51-4070-8732-9759d30fd521&platform=eq.opla&status=eq.published&published_at=not.is.null&or=(handler_build.is.null,handler_build.neq.releve-annonces)&order=published_at.desc&limit=1	web-pc-chrome154	6b2057a9-ee51-4070-8732-9759d30fd521	121
2026-10-05 17:02:50.171	2026-10-05 19:02:50.171	GET	200	/rest/v1/profiles	?select=extension_last_seen_at,extension_version&id=eq.6b2057a9-ee51-4070-8732-9759d30fd521	web-pc-chrome154	6b2057a9-ee51-4070-8732-9759d30fd521	64
2026-10-05 17:02:50.171	2026-10-05 19:02:50.171	GET	200	/rest/v1/vinted_sync_runs	?select=id,status,page_suivante,total_pages,total_entries,items_vus,items_crees,items_maj,erreur,started_at,finished_at,vinted_login,vinted_user_id&user_id=eq.6b2057a9-ee51-4070-8732-9759d30fd521&kind=eq.dressing&order=started_at.desc&limit=1	web-pc-chrome154	6b2057a9-ee51-4070-8732-9759d30fd521	132
2026-10-05 17:02:50.172	2026-10-05 19:02:50.172	GET	200	/rest/v1/vinted_sync_runs	?select=id,status,page_suivante,total_pages,total_entries,items_vus,items_crees,items_maj,erreur,started_at,finished_at,vinted_login,vinted_user_id&user_id=eq.6b2057a9-ee51-4070-8732-9759d30fd521&kind=eq.dressing&order=started_at.desc&limit=1	web-pc-chrome154	6b2057a9-ee51-4070-8732-9759d30fd521	71
2026-10-05 17:02:50.172	2026-10-05 19:02:50.172	GET	200	/rest/v1/vinted_sync_runs	?select=id,status,page_suivante,total_pages,total_entries,items_vus,items_crees,items_maj,erreur,started_at,finished_at,vinted_login,vinted_user_id&user_id=eq.6b2057a9-ee51-4070-8732-9759d30fd521&kind=eq.dressing&order=started_at.desc&limit=1	web-pc-chrome154	6b2057a9-ee51-4070-8732-9759d30fd521	55
2026-10-05 17:02:50.172	2026-10-05 19:02:50.172	OPTIONS	200	/rest/v1/vinted_listing_snapshots	?select=vinted_item_id,price&user_id=eq.6b2057a9-ee51-4070-8732-9759d30fd521&vinted_item_id=in.(10135213630,10146459409,10146579584,10158977096,10159200123,10159376941,10159568467,10159717183,10160122581,10160255699,10161389814,10161486701,10161639845,10161767682,10170380962,10170450531,10170526558,10171451233,10171566509,10171637082,10171734610,10174037302,10174243674,10182223050,10182639045,1018…	web-pc-chrome154		14
2026-10-05 17:02:50.174	2026-10-05 19:02:50.174	GET	200	/rest/v1/profiles	?select=extension_session_rejetee_at&id=eq.6b2057a9-ee51-4070-8732-9759d30fd521	web-pc-chrome154	6b2057a9-ee51-4070-8732-9759d30fd521	68
2026-10-05 17:02:50.174	2026-10-05 19:02:50.174	GET	200	/rest/v1/vinted_sync_runs	?select=id,status,page_suivante,total_pages,total_entries,items_vus,items_crees,items_maj,erreur,started_at,finished_at,vinted_login,vinted_user_id&user_id=eq.6b2057a9-ee51-4070-8732-9759d30fd521&kind=eq.dressing&order=started_at.desc&limit=1	web-pc-chrome154	6b2057a9-ee51-4070-8732-9759d30fd521	156
2026-10-05 17:02:50.175	2026-10-05 19:02:50.175	GET	200	/rest/v1/coin_config	?select=value&key=eq.price_republish	web-pc-chrome154	6b2057a9-ee51-4070-8732-9759d30fd521	63
2026-10-05 17:02:50.175	2026-10-05 19:02:50.175	GET	200	/rest/v1/fiches_annonce	?select=inventaire_id,fiche,updated_at&user_id=eq.6b2057a9-ee51-4070-8732-9759d30fd521&brouillon=eq.true&order=updated_at.desc&limit=200	web-pc-chrome154	6b2057a9-ee51-4070-8732-9759d30fd521	53
2026-10-05 17:02:50.176	2026-10-05 19:02:50.176	GET	200	/rest/v1/platform_health	?select=platform,message_fr,message_en&paused=eq.true	web-pc-chrome154	6b2057a9-ee51-4070-8732-9759d30fd521	118
2026-10-05 17:02:50.182	2026-10-05 19:02:50.182	GET	200	/rest/v1/cross_post_jobs	?select=id,inventaire_id,platform,status,error,created_at,published_at,platform_fields,action,listing_url,title,bulk_batch_id,voie&user_id=eq.6b2057a9-ee51-4070-8732-9759d30fd521&status=in.(pending,processing,published,failed,needs_user,deleted,cancelled,dry_run_completed)&order=created_at.desc,id.desc&offset=0&limit=1000	web-pc-chrome154	6b2057a9-ee51-4070-8732-9759d30fd521	73
2026-10-05 17:02:52.180	2026-10-05 19:02:52.180	POST	200	/rest/v1/rpc/republish_planifiee_etat_multi		web-pc-chrome154	6b2057a9-ee51-4070-8732-9759d30fd521	49
2026-10-05 17:02:52.181	2026-10-05 19:02:52.181	GET	200	/rest/v1/cross_post_jobs	?select=created_at,platform_fields&user_id=eq.6b2057a9-ee51-4070-8732-9759d30fd521&platform=eq.opla&status=eq.needs_user&platform_fields->>needs_user_source=eq.opla_acces&limit=50	web-pc-chrome154	6b2057a9-ee51-4070-8732-9759d30fd521	37
2026-10-05 17:02:52.182	2026-10-05 19:02:52.182	GET	200	/rest/v1/vinted_sync_runs	?select=id,status,page_suivante,total_pages,total_entries,items_vus,items_crees,items_maj,erreur,started_at,finished_at,vinted_login,vinted_user_id&user_id=eq.6b2057a9-ee51-4070-8732-9759d30fd521&kind=eq.dressing&order=started_at.desc&limit=1	web-pc-chrome154	6b2057a9-ee51-4070-8732-9759d30fd521	37
2026-10-05 17:02:52.184	2026-10-05 19:02:52.184	GET	200	/rest/v1/vinted_listing_snapshots	?select=vinted_item_id,price&user_id=eq.6b2057a9-ee51-4070-8732-9759d30fd521&vinted_item_id=in.(10135213630,10146459409,10146579584,10158977096,10159200123,10159376941,10159568467,10159717183,10160122581,10160255699,10161389814,10161486701,10161639845,10161767682,10170380962,10170450531,10170526558,10171451233,10171566509,10171637082,10171734610,10174037302,10174243674,10182223050,10182639045,1018…	web-pc-chrome154	6b2057a9-ee51-4070-8732-9759d30fd521	43
2026-10-05 17:02:52.184	2026-10-05 19:02:52.184	GET	200	/rest/v1/vinted_sync_runs	?select=finished_at&user_id=eq.6b2057a9-ee51-4070-8732-9759d30fd521&platform=eq.opla&status=eq.done&kind=neq.connexion&finished_at=not.is.null&order=finished_at.desc&limit=1	web-pc-chrome154	6b2057a9-ee51-4070-8732-9759d30fd521	37
2026-10-05 17:02:52.381	2026-10-05 19:02:52.381	GET	200	/rest/v1/profiles	?select=extension_last_seen_at,extension_version&id=eq.6b2057a9-ee51-4070-8732-9759d30fd521	web-pc-chrome154	6b2057a9-ee51-4070-8732-9759d30fd521	44
2026-10-05 17:02:52.622	2026-10-05 19:02:52.622	GET	200	/rest/v1/profiles	?select=created_at,onboarded_at,is_premium,is_pro,is_business,is_comped&id=eq.6b2057a9-ee51-4070-8732-9759d30fd521	serveur-fonction-edge		45
2026-10-05 17:02:52.623	2026-10-05 19:02:52.623	GET	200	/rest/v1/cross_post_jobs	?select=id,action,status,created_at,published_at,handler_build,pdr:platform_fields->pas_de_rouge,rs:platform_fields->retenue_serveur,rl:platform_fields->retenue_levee,os:platform_fields->opla_sortie&user_id=eq.6b2057a9-ee51-4070-8732-9759d30fd521&action=in.(publish,republish,delete)&or=(handler_build.is.null,and(handler_build.not.ilike.*releve-annonces*,handler_build.not.ilike.*sync-dressing*))&or…	serveur-fonction-edge		102
2026-10-05 17:02:52.624	2026-10-05 19:02:52.624	GET	200	/rest/v1/cross_post_jobs	?select=id,action,status,created_at,handler_build,ps:platform_fields->>processing_since,naa:platform_fields->>next_action_after,os:platform_fields->opla_sortie&user_id=eq.6b2057a9-ee51-4070-8732-9759d30fd521&action=in.(publish,republish,delete)&status=in.(needs_user,failed,processing,pending)&or=(handler_build.is.null,and(handler_build.not.ilike.*releve-annonces*,handler_build.not.ilike.*sync-dres…	serveur-fonction-edge		46
2026-10-05 17:02:54.174	2026-10-05 19:02:54.174	GET	200	/rest/v1/cross_post_jobs	?select=id,platform,action,inventaire_id,listing_url,last_checked_at,published_at,created_at,platform_fields&status=eq.published&action=in.(publish,republish)&listing_url=not.is.null&order=last_checked_at.asc.nullsfirst&limit=60	extension-pc	6b2057a9-ee51-4070-8732-9759d30fd521	54
2026-10-05 17:02:54.180	2026-10-05 19:02:54.180	GET	200	/storage/v1/object/public/listing-photos/6b2057a9-ee51-4070-8732-9759d30fd521/rapatrie-fiche/1791218520498/1791218520950_0.jpg		extension-pc		74
2026-10-05 17:02:56.676	2026-10-05 19:02:56.676	GET	200	/rest/v1/vinted_sync_runs	?select=id,finished_at,declencheur,vinted_login,items_vus&user_id=eq.6b2057a9-ee51-4070-8732-9759d30fd521&kind=eq.dressing&status=eq.done&order=finished_at.desc&limit=1	web-pc-chrome154	6b2057a9-ee51-4070-8732-9759d30fd521	71
2026-10-05 17:02:56.680	2026-10-05 19:02:56.680	GET	200	/rest/v1/annonces_plateforme	?select=id,platform,inventaire_id,vues,favoris,vu_le&user_id=eq.6b2057a9-ee51-4070-8732-9759d30fd521&inventaire_id=not.is.null&disparu_le=is.null&order=id.asc&limit=500	web-pc-chrome154	6b2057a9-ee51-4070-8732-9759d30fd521	45
2026-10-05 17:02:56.681	2026-10-05 19:02:56.681	OPTIONS	200	/rest/v1/cross_post_jobs	?select=id,platform,listing_url,platform_listing_id,created_at&user_id=eq.6b2057a9-ee51-4070-8732-9759d30fd521&action=eq.delete&platform=in.(leboncoin,beebs,ebay,opla)&status=in.(pending,processing,needs_user,deleted)&created_at=gte.2026-08-06T17:02:52.306Z&order=id.asc&limit=500	web-pc-chrome154		7
2026-10-05 17:02:56.683	2026-10-05 19:02:56.683	GET	200	/rest/v1/annonces_plateforme	?select=id,platform,listing_id,url,titre,prix,photo_url,statut_plateforme,proposition,vu_le&user_id=eq.6b2057a9-ee51-4070-8732-9759d30fd521&inventaire_id=is.null&ignoree_le=is.null&disparu_le=is.null&order=vu_le.desc&limit=300	web-pc-chrome154	6b2057a9-ee51-4070-8732-9759d30fd521	52
2026-10-05 17:02:56.684	2026-10-05 19:02:56.684	GET	200	/rest/v1/vinted_sync_runs	?select=id,platform,status,declencheur,items_vus,items_crees,items_maj,total_entries,erreur,queued_at,started_at,finished_at&user_id=eq.6b2057a9-ee51-4070-8732-9759d30fd521&kind=eq.annonces&order=queued_at.desc.nullslast,started_at.desc.nullslast&limit=60	web-pc-chrome154	6b2057a9-ee51-4070-8732-9759d30fd521	56
2026-10-05 17:02:56.915	2026-10-05 19:02:56.915	GET	200	/auth/v1/user		serveur-fonction-edge	6b2057a9-ee51-4070-8732-9759d30fd521	51
2026-10-05 17:02:56.992	2026-10-05 19:02:56.992	GET	200	/rest/v1/coin_config	?select=value&key=eq.opla_sortie_le	serveur-fonction-edge	6b2057a9-ee51-4070-8732-9759d30fd521	35
2026-10-05 17:02:57.048	2026-10-05 19:02:57.048	GET	200	/rest/v1/cross_post_jobs	?select=id,inventaire_id&status=eq.needs_user&action=neq.delete	serveur-fonction-edge	6b2057a9-ee51-4070-8732-9759d30fd521	38
2026-10-05 17:02:57.102	2026-10-05 19:02:57.102	POST	200	/rest/v1/rpc/republish_planifiee_fenetres_courantes		serveur-fonction-edge	6b2057a9-ee51-4070-8732-9759d30fd521	40
2026-10-05 17:02:57.166	2026-10-05 19:02:57.166	GET	200	/rest/v1/coin_config	?select=key,value&key=in.(republish_plafond_jour,republish_plafond_jour_premium,republish_plafond_jour_pro,republish_plafond_jour_business,republish_pause_apres,republish_pause_duree_min)	serveur-fonction-edge	6b2057a9-ee51-4070-8732-9759d30fd521	35
2026-10-05 17:02:57.216	2026-10-05 19:02:57.216	GET	200	/rest/v1/profiles	?select=is_business,is_pro,is_premium,is_comped&id=eq.6b2057a9-ee51-4070-8732-9759d30fd521	serveur-fonction-edge	6b2057a9-ee51-4070-8732-9759d30fd521	44
2026-10-05 17:02:57.288	2026-10-05 19:02:57.288	GET	200	/rest/v1/cross_post_jobs	?select=published_at&action=eq.republish&status=eq.published&published_at=gte.2026-10-01T17:02:57.278Z&order=published_at.desc&limit=1000	serveur-fonction-edge	6b2057a9-ee51-4070-8732-9759d30fd521	32
2026-10-05 17:02:58.439	2026-10-05 19:02:58.439	GET	200	/rest/v1/profiles	?id=eq.6b2057a9-ee51-4070-8732-9759d30fd521&select=is_pro,is_business,platform_settings	extension-pc	6b2057a9-ee51-4070-8732-9759d30fd521	34
2026-10-05 17:02:58.442	2026-10-05 19:02:58.442	GET	200	/rest/v1/vinted_sync_runs	?select=id,platform,status,items_vus,erreur,queued_at,started_at,finished_at&user_id=eq.6b2057a9-ee51-4070-8732-9759d30fd521&kind=eq.dressing&status=eq.done&order=finished_at.desc.nullslast&limit=1	web-pc-chrome154	6b2057a9-ee51-4070-8732-9759d30fd521	50
2026-10-05 17:02:59.150	2026-10-05 19:02:59.150	GET	200	/rest/v1/annonces_plateforme	?select=id,platform,inventaire_id,vues,favoris,vu_le&user_id=eq.6b2057a9-ee51-4070-8732-9759d30fd521&inventaire_id=not.is.null&disparu_le=is.null&order=id.asc&limit=500&id=gt.f3f1c690-5fa5-4428-b927-5792a6b568d7	web-pc-chrome154	6b2057a9-ee51-4070-8732-9759d30fd521	43
2026-10-05 17:02:59.151	2026-10-05 19:02:59.151	GET	200	/rest/v1/coin_config	?key=eq.sync_multi_ouverte&select=value	extension-pc	6b2057a9-ee51-4070-8732-9759d30fd521	36
2026-10-05 17:02:59.152	2026-10-05 19:02:59.152	GET	200	/rest/v1/cross_post_jobs	?select=id,platform,listing_url,platform_listing_id,created_at&user_id=eq.6b2057a9-ee51-4070-8732-9759d30fd521&action=eq.delete&platform=in.(leboncoin,beebs,ebay,opla)&status=in.(pending,processing,needs_user,deleted)&created_at=gte.2026-08-06T17:02:52.306Z&order=id.asc&limit=500	web-pc-chrome154	6b2057a9-ee51-4070-8732-9759d30fd521	38
2026-10-05 17:02:59.585	2026-10-05 19:02:59.585	GET	200	/rest/v1/cross_post_jobs	?select=id,platform,listing_url,platform_listing_id,created_at&user_id=eq.6b2057a9-ee51-4070-8732-9759d30fd521&action=eq.delete&platform=in.(leboncoin,beebs,ebay,opla)&status=in.(pending,processing,needs_user,deleted)&created_at=gte.2026-08-06T17:02:52.306Z&order=id.asc&limit=500	web-pc-chrome154	6b2057a9-ee51-4070-8732-9759d30fd521	45
2026-10-05 17:02:59.587	2026-10-05 19:02:59.587	PATCH	200	/rest/v1/vinted_sync_runs	?id=eq.4e8fcda4-9f41-443f-9c10-c9c306b06750&status=eq.queued	extension-pc	6b2057a9-ee51-4070-8732-9759d30fd521	49
2026-10-05 17:03:01.375	2026-10-05 19:03:01.375	GET	200	/rest/v1/vinted_sync_runs	?select=id,status,page_suivante,total_pages,total_entries,items_vus,items_crees,items_maj,erreur,started_at,finished_at,vinted_login,vinted_user_id&user_id=eq.6b2057a9-ee51-4070-8732-9759d30fd521&kind=eq.dressing&order=started_at.desc&limit=1	web-pc-chrome154	6b2057a9-ee51-4070-8732-9759d30fd521	34
2026-10-05 17:03:03.443	2026-10-05 19:03:03.443	GET	200	/rest/v1/vinted_sync_runs	?select=id,status,page_suivante,total_pages,total_entries,items_vus,items_crees,items_maj,erreur,started_at,finished_at,vinted_login,vinted_user_id&user_id=eq.6b2057a9-ee51-4070-8732-9759d30fd521&kind=eq.dressing&order=started_at.desc&limit=1	web-pc-chrome154	6b2057a9-ee51-4070-8732-9759d30fd521	43
2026-10-05 17:03:05.658	2026-10-05 19:03:05.658	GET	200	/rest/v1/vinted_sync_runs	?select=id,status,page_suivante,total_pages,total_entries,items_vus,items_crees,items_maj,erreur,started_at,finished_at,vinted_login,vinted_user_id&user_id=eq.6b2057a9-ee51-4070-8732-9759d30fd521&kind=eq.dressing&order=started_at.desc&limit=1	web-pc-chrome154	6b2057a9-ee51-4070-8732-9759d30fd521	43
2026-10-05 17:03:05.921	2026-10-05 19:03:05.921	GET	200	/rest/v1/profiles	?id=eq.6b2057a9-ee51-4070-8732-9759d30fd521&select=extension_sessions	extension-pc	6b2057a9-ee51-4070-8732-9759d30fd521	51
2026-10-05 17:03:06.498	2026-10-05 19:03:06.498	PATCH	204	/rest/v1/profiles	?id=eq.6b2057a9-ee51-4070-8732-9759d30fd521	extension-pc	6b2057a9-ee51-4070-8732-9759d30fd521	40
2026-10-05 17:03:07.321	2026-10-05 19:03:07.321	PATCH	200	/rest/v1/cross_post_jobs	?user_id=eq.6b2057a9-ee51-4070-8732-9759d30fd521&status=eq.needs_user&action=eq.republish&platform=eq.vinted&platform_fields->>needs_user_source=eq.session_vinted	extension-pc	6b2057a9-ee51-4070-8732-9759d30fd521	36
2026-10-05 17:03:08.376	2026-10-05 19:03:08.376	GET	200	/rest/v1/cross_post_jobs	?user_id=eq.6b2057a9-ee51-4070-8732-9759d30fd521&status=eq.pending&action=eq.republish&platform=eq.vinted&platform_fields->attente_boutique->>user_id=eq.141014731&select=id,platform_fields&limit=200	extension-pc	6b2057a9-ee51-4070-8732-9759d30fd521	45
2026-10-05 17:03:08.876	2026-10-05 19:03:08.876	GET	200	/rest/v1/vinted_sync_runs	?select=id,status,page_suivante,total_pages,total_entries,items_vus,items_crees,items_maj,erreur,started_at,finished_at,vinted_login,vinted_user_id&user_id=eq.6b2057a9-ee51-4070-8732-9759d30fd521&kind=eq.dressing&order=started_at.desc&limit=1	web-pc-chrome154	6b2057a9-ee51-4070-8732-9759d30fd521	40
2026-10-05 17:03:09.535	2026-10-05 19:03:09.535	GET	200	/rest/v1/vinted_sync_runs	?select=id,status,page_suivante,total_pages,total_entries,items_vus,items_crees,items_maj,erreur,started_at,finished_at,vinted_login,vinted_user_id&user_id=eq.6b2057a9-ee51-4070-8732-9759d30fd521&kind=eq.dressing&order=started_at.desc&limit=1	web-pc-chrome154	6b2057a9-ee51-4070-8732-9759d30fd521	46
2026-10-05 17:03:11.425	2026-10-05 19:03:11.425	GET	200	/rest/v1/vinted_sync_runs	?select=id,status,page_suivante,total_pages,total_entries,items_vus,items_crees,items_maj,erreur,started_at,finished_at,vinted_login,vinted_user_id&user_id=eq.6b2057a9-ee51-4070-8732-9759d30fd521&kind=eq.dressing&order=started_at.desc&limit=1	web-pc-chrome154	6b2057a9-ee51-4070-8732-9759d30fd521	140
2026-10-05 17:03:16.798	2026-10-05 19:03:16.798	GET	200	/rest/v1/vinted_sync_runs	?select=id,status,page_suivante,total_pages,total_entries,items_vus,items_crees,items_maj,erreur,started_at,finished_at,vinted_login,vinted_user_id&user_id=eq.6b2057a9-ee51-4070-8732-9759d30fd521&kind=eq.dressing&order=started_at.desc&limit=1	web-pc-chrome154	6b2057a9-ee51-4070-8732-9759d30fd521	56
2026-10-05 17:03:18.569	2026-10-05 19:03:18.569	GET	200	/rest/v1/vinted_sync_runs	?select=id,status,page_suivante,total_pages,total_entries,items_vus,items_crees,items_maj,erreur,started_at,finished_at,vinted_login,vinted_user_id&user_id=eq.6b2057a9-ee51-4070-8732-9759d30fd521&kind=eq.dressing&order=started_at.desc&limit=1	web-pc-chrome154	6b2057a9-ee51-4070-8732-9759d30fd521	45
2026-10-05 17:03:19.540	2026-10-05 19:03:19.540	GET	200	/rest/v1/vinted_sync_runs	?select=id,status,page_suivante,total_pages,total_entries,items_vus,items_crees,items_maj,erreur,started_at,finished_at,vinted_login,vinted_user_id&user_id=eq.6b2057a9-ee51-4070-8732-9759d30fd521&kind=eq.dressing&order=started_at.desc&limit=1	web-pc-chrome154	6b2057a9-ee51-4070-8732-9759d30fd521	60
2026-10-05 17:03:20.832	2026-10-05 19:03:20.832	GET	200	/rest/v1/vinted_sync_runs	?select=id,status,page_suivante,total_pages,total_entries,items_vus,items_crees,items_maj,erreur,started_at,finished_at,vinted_login,vinted_user_id&user_id=eq.6b2057a9-ee51-4070-8732-9759d30fd521&kind=eq.dressing&order=started_at.desc&limit=1	web-pc-chrome154	6b2057a9-ee51-4070-8732-9759d30fd521	53
2026-10-05 17:03:21.397	2026-10-05 19:03:21.397	GET	200	/rest/v1/vinted_sync_runs	?select=id,status,page_suivante,total_pages,total_entries,items_vus,items_crees,items_maj,erreur,started_at,finished_at,vinted_login,vinted_user_id&user_id=eq.6b2057a9-ee51-4070-8732-9759d30fd521&kind=eq.dressing&order=started_at.desc&limit=1	web-pc-chrome154	6b2057a9-ee51-4070-8732-9759d30fd521	37
2026-10-05 17:03:34.837	2026-10-05 19:03:34.837	GET	200	/rest/v1/vinted_sync_runs	?select=id,status,page_suivante,total_pages,total_entries,items_vus,items_crees,items_maj,erreur,started_at,finished_at,vinted_login,vinted_user_id&user_id=eq.6b2057a9-ee51-4070-8732-9759d30fd521&kind=eq.dressing&order=started_at.desc&limit=1	web-pc-chrome154	6b2057a9-ee51-4070-8732-9759d30fd521	52
2026-10-05 17:03:36.811	2026-10-05 19:03:36.811	GET	200	/rest/v1/annonces_plateforme	?user_id=eq.6b2057a9-ee51-4070-8732-9759d30fd521&platform=eq.beebs&disparu_le=is.null&select=listing_id&order=vu_le.desc&limit=200	extension-pc	6b2057a9-ee51-4070-8732-9759d30fd521	63
2026-10-05 17:03:37.389	2026-10-05 19:03:37.389	GET	200	/rest/v1/vinted_sync_runs	?select=id,status,page_suivante,total_pages,total_entries,items_vus,items_crees,items_maj,erreur,started_at,finished_at,vinted_login,vinted_user_id&user_id=eq.6b2057a9-ee51-4070-8732-9759d30fd521&kind=eq.dressing&order=started_at.desc&limit=1	web-pc-chrome154	6b2057a9-ee51-4070-8732-9759d30fd521	40
2026-10-05 17:03:37.456	2026-10-05 19:03:37.456	GET	200	/rest/v1/vinted_sync_runs	?select=id,status,page_suivante,total_pages,total_entries,items_vus,items_crees,items_maj,erreur,started_at,finished_at,vinted_login,vinted_user_id&user_id=eq.6b2057a9-ee51-4070-8732-9759d30fd521&kind=eq.dressing&order=started_at.desc&limit=1	web-pc-chrome154	6b2057a9-ee51-4070-8732-9759d30fd521	39
2026-10-05 17:03:37.511	2026-10-05 19:03:37.511	GET	200	/rest/v1/vinted_sync_runs	?select=id,status,page_suivante,total_pages,total_entries,items_vus,items_crees,items_maj,erreur,started_at,finished_at,vinted_login,vinted_user_id&user_id=eq.6b2057a9-ee51-4070-8732-9759d30fd521&kind=eq.dressing&order=started_at.desc&limit=1	web-pc-chrome154	6b2057a9-ee51-4070-8732-9759d30fd521	46
2026-10-05 17:03:37.576	2026-10-05 19:03:37.576	GET	200	/rest/v1/vinted_sync_runs	?select=id,status,page_suivante,total_pages,total_entries,items_vus,items_crees,items_maj,erreur,started_at,finished_at,vinted_login,vinted_user_id&user_id=eq.6b2057a9-ee51-4070-8732-9759d30fd521&kind=eq.dressing&order=started_at.desc&limit=1	web-pc-chrome154	6b2057a9-ee51-4070-8732-9759d30fd521	35
2026-10-05 17:03:37.630	2026-10-05 19:03:37.630	GET	200	/rest/v1/vinted_sync_runs	?select=id,status,page_suivante,total_pages,total_entries,items_vus,items_crees,items_maj,erreur,started_at,finished_at,vinted_login,vinted_user_id&user_id=eq.6b2057a9-ee51-4070-8732-9759d30fd521&kind=eq.dressing&order=started_at.desc&limit=1	web-pc-chrome154	6b2057a9-ee51-4070-8732-9759d30fd521	39
2026-10-05 17:03:37.634	2026-10-05 19:03:37.634	GET	200	/rest/v1/profiles	?id=eq.6b2057a9-ee51-4070-8732-9759d30fd521&select=extension_sessions	extension-pc	6b2057a9-ee51-4070-8732-9759d30fd521	40
2026-10-05 17:03:37.634	2026-10-05 19:03:37.634	PATCH	204	/rest/v1/vinted_sync_runs	?id=eq.4e8fcda4-9f41-443f-9c10-c9c306b06750&status=eq.running	extension-pc	6b2057a9-ee51-4070-8732-9759d30fd521	42
2026-10-05 17:03:37.687	2026-10-05 19:03:37.687	GET	200	/rest/v1/vinted_sync_runs	?select=id,status,page_suivante,total_pages,total_entries,items_vus,items_crees,items_maj,erreur,started_at,finished_at,vinted_login,vinted_user_id&user_id=eq.6b2057a9-ee51-4070-8732-9759d30fd521&kind=eq.dressing&order=started_at.desc&limit=1	web-pc-chrome154	6b2057a9-ee51-4070-8732-9759d30fd521	48
2026-10-05 17:03:37.705	2026-10-05 19:03:37.705	GET	200	/rest/v1/annonces_plateforme	?select=vues,favoris&limit=1	extension-pc	6b2057a9-ee51-4070-8732-9759d30fd521	42
2026-10-05 17:03:37.707	2026-10-05 19:03:37.707	PATCH	204	/rest/v1/profiles	?id=eq.6b2057a9-ee51-4070-8732-9759d30fd521	extension-pc	6b2057a9-ee51-4070-8732-9759d30fd521	38
2026-10-05 17:03:37.756	2026-10-05 19:03:37.756	GET	200	/rest/v1/vinted_sync_runs	?select=id,status,page_suivante,total_pages,total_entries,items_vus,items_crees,items_maj,erreur,started_at,finished_at,vinted_login,vinted_user_id&user_id=eq.6b2057a9-ee51-4070-8732-9759d30fd521&kind=eq.dressing&order=started_at.desc&limit=1	web-pc-chrome154	6b2057a9-ee51-4070-8732-9759d30fd521	38
2026-10-05 17:03:37.766	2026-10-05 19:03:37.766	POST	200	/rest/v1/annonces_plateforme	?on_conflict=user_id,platform,listing_id	extension-pc	6b2057a9-ee51-4070-8732-9759d30fd521	39
2026-10-05 17:03:37.825	2026-10-05 19:03:37.825	GET	200	/rest/v1/annonces_plateforme	?user_id=eq.6b2057a9-ee51-4070-8732-9759d30fd521&platform=eq.beebs&select=listing_id,capture_le,inventaire_id,ligne:capture->ligne&limit=5000	extension-pc	6b2057a9-ee51-4070-8732-9759d30fd521	45
2026-10-05 17:03:39.520	2026-10-05 19:03:39.520	GET	200	/rest/v1/vinted_sync_runs	?select=id,status,page_suivante,total_pages,total_entries,items_vus,items_crees,items_maj,erreur,started_at,finished_at,vinted_login,vinted_user_id&user_id=eq.6b2057a9-ee51-4070-8732-9759d30fd521&kind=eq.dressing&order=started_at.desc&limit=1	web-pc-chrome154	6b2057a9-ee51-4070-8732-9759d30fd521	36
2026-10-05 17:03:47.156	2026-10-05 19:03:47.156	GET	200	/rest/v1/inventaire_doublons	?select=id,garde,absorbe,niveau,motif,preuves,created_at&user_id=eq.6b2057a9-ee51-4070-8732-9759d30fd521&statut=eq.proposee&order=created_at.desc&limit=200	web-pc-chrome154	6b2057a9-ee51-4070-8732-9759d30fd521	90
2026-10-05 17:03:48.124	2026-10-05 19:03:48.124	GET	200	/rest/v1/ventes	?select=*&user_id=eq.6b2057a9-ee51-4070-8732-9759d30fd521&order=created_at.desc,id.desc&limit=3000	web-pc-chrome154	6b2057a9-ee51-4070-8732-9759d30fd521	58
2026-10-05 17:03:48.125	2026-10-05 19:03:48.125	GET	200	/rest/v1/profiles	?select=is_premium,is_pro,is_business,is_comped,is_founder,apple_original_transaction_id,google_purchase_token,subscription_cancel_at_period_end,subscription_period_end,currency,username,platform_settings,extension_last_seen_at,extension_build,onboarded_at,ebay_voie_api&id=eq.6b2057a9-ee51-4070-8732-9759d30fd521	web-pc-chrome154	6b2057a9-ee51-4070-8732-9759d30fd521	50
2026-10-05 17:03:48.127	2026-10-05 19:03:48.127	GET	200	/rest/v1/lens_scans	?select=scan_id,statut,resultat,motif,photos,created_at&statut=in.(preparation,en_cours,termine)&created_at=gte.2026-10-05T15:03:43.459Z&order=created_at.desc&limit=1	web-pc-chrome154	6b2057a9-ee51-4070-8732-9759d30fd521	64
2026-10-05 17:03:48.128	2026-10-05 19:03:48.128	GET	200	/rest/v1/vinted_sync_runs	?select=id,status,page_suivante,total_pages,total_entries,items_vus,items_crees,items_maj,erreur,started_at,finished_at,vinted_login,vinted_user_id&user_id=eq.6b2057a9-ee51-4070-8732-9759d30fd521&kind=eq.dressing&order=started_at.desc&limit=1	web-pc-chrome154	6b2057a9-ee51-4070-8732-9759d30fd521	58
2026-10-05 17:03:48.128	2026-10-05 19:03:48.128	GET	200	/rest/v1/cross_post_jobs	?select=inventaire_id&user_id=eq.6b2057a9-ee51-4070-8732-9759d30fd521&status=eq.needs_user&inventaire_id=not.is.null&limit=1000	web-pc-chrome154	6b2057a9-ee51-4070-8732-9759d30fd521	55
2026-10-05 17:03:48.129	2026-10-05 19:03:48.129	GET	200	/rest/v1/profiles	?select=plateformes_visibles&id=eq.6b2057a9-ee51-4070-8732-9759d30fd521	web-pc-chrome154	6b2057a9-ee51-4070-8732-9759d30fd521	53
2026-10-05 17:03:48.130	2026-10-05 19:03:48.130	GET	200	/rest/v1/profiles	?select=extension_version&id=eq.6b2057a9-ee51-4070-8732-9759d30fd521	web-pc-chrome154	6b2057a9-ee51-4070-8732-9759d30fd521	115
2026-10-05 17:03:48.131	2026-10-05 19:03:48.131	GET	200	/rest/v1/inventaire_fusions	?select=id,garde,absorbe,created_at,deplacements,champs_repris&user_id=eq.6b2057a9-ee51-4070-8732-9759d30fd521&defait_le=is.null&order=created_at.desc&limit=500	web-pc-chrome154	6b2057a9-ee51-4070-8732-9759d30fd521	50
2026-10-05 17:03:48.132	2026-10-05 19:03:48.132	GET	200	/rest/v1/cross_post_jobs	?select=id,platform,title,inventaire_id,listing_url,platform_listing_id,platform_fields&user_id=eq.6b2057a9-ee51-4070-8732-9759d30fd521&status=eq.cancelled&action=in.(publish,republish)&platform_fields=cs.{"pending_removal":true}&platform_fields->>pending_removal_reporte_le=is.null	web-pc-chrome154	6b2057a9-ee51-4070-8732-9759d30fd521	46
2026-10-05 17:03:48.135	2026-10-05 19:03:48.135	GET	200	/rest/v1/cross_post_jobs	?select=id,inventaire_id,platform,status,error,created_at,published_at,platform_fields,action,listing_url,title,bulk_batch_id,voie&user_id=eq.6b2057a9-ee51-4070-8732-9759d30fd521&or=(status.in.(pending,processing,needs_user),created_at.gte."2026-10-05T17:00:52.538299+00:00",id.in.(c08572f6-2a16-44cf-85bb-dc816759da95))&order=created_at.desc,id.desc&limit=1000	web-pc-chrome154	6b2057a9-ee51-4070-8732-9759d30fd521	54
2026-10-05 17:03:48.387	2026-10-05 19:03:48.387	GET	200	/rest/v1/annonces_plateforme	?select=id,platform,listing_id,vu_le,inventaire_id,ignoree_le,disparu_le&user_id=eq.6b2057a9-ee51-4070-8732-9759d30fd521&disparu_le=is.null&order=id.asc&limit=500&id=gt.f3f1c690-5fa5-4428-b927-5792a6b568d7	web-pc-chrome154	6b2057a9-ee51-4070-8732-9759d30fd521	46
2026-10-05 17:03:48.387	2026-10-05 19:03:48.387	GET	200	/rest/v1/cross_post_jobs	?select=id,platform,listing_url,platform_listing_id,created_at&user_id=eq.6b2057a9-ee51-4070-8732-9759d30fd521&action=eq.delete&platform=in.(leboncoin,beebs,ebay,opla)&status=in.(pending,processing,needs_user,deleted)&created_at=gte.2026-08-06T17:03:43.473Z&order=id.asc&limit=500	web-pc-chrome154	6b2057a9-ee51-4070-8732-9759d30fd521	33
2026-10-05 17:03:48.388	2026-10-05 19:03:48.388	GET	200	/rest/v1/annonces_plateforme	?user_id=eq.6b2057a9-ee51-4070-8732-9759d30fd521&platform=eq.beebs&listing_id=eq.34078210&select=capture	extension-pc	6b2057a9-ee51-4070-8732-9759d30fd521	43
2026-10-05 17:03:48.485	2026-10-05 19:03:48.485	GET	200	/rest/v1/vinted_sync_runs	?select=id,status,page_suivante,total_pages,total_entries,items_vus,items_crees,items_maj,erreur,started_at,finished_at,vinted_login,vinted_user_id&user_id=eq.6b2057a9-ee51-4070-8732-9759d30fd521&kind=eq.dressing&order=started_at.desc&limit=1	web-pc-chrome154	6b2057a9-ee51-4070-8732-9759d30fd521	40
2026-10-05 17:03:48.488	2026-10-05 19:03:48.488	GET	200	/rest/v1/vinted_listing_snapshots	?select=vinted_item_id,price&user_id=eq.6b2057a9-ee51-4070-8732-9759d30fd521&vinted_item_id=in.(10170625962,10171504960,10174116815,10174206208,10183248639,10184840189,10186532041,10201654122)&order=captured_at.desc&limit=1000	web-pc-chrome154	6b2057a9-ee51-4070-8732-9759d30fd521	34
2026-10-05 17:03:48.505	2026-10-05 19:03:48.505	GET	200	/rest/v1/cross_post_jobs	?select=id,platform,title,price,inventaire_id,listing_url,platform_fields&user_id=eq.6b2057a9-ee51-4070-8732-9759d30fd521&status=eq.published&action=in.(publish,republish)&platform_fields->>unavailable_since=not.is.null	web-pc-chrome154	6b2057a9-ee51-4070-8732-9759d30fd521	36
2026-10-05 17:03:48.560	2026-10-05 19:03:48.560	GET	200	/auth/v1/user		serveur-fonction-edge	6b2057a9-ee51-4070-8732-9759d30fd521	90
2026-10-05 17:03:48.670	2026-10-05 19:03:48.670	GET	200	/rest/v1/ebay_accounts	?select=*&user_id=eq.6b2057a9-ee51-4070-8732-9759d30fd521	serveur-fonction-edge		40
2026-10-05 17:03:48.765	2026-10-05 19:03:48.765	PATCH	200	/rest/v1/annonces_plateforme	?user_id=eq.6b2057a9-ee51-4070-8732-9759d30fd521&platform=eq.beebs&listing_id=eq.34078210&select=inventaire_id	extension-pc	6b2057a9-ee51-4070-8732-9759d30fd521	46
2026-10-05 17:03:49.625	2026-10-05 19:03:49.625	GET	200	/rest/v1/cross_post_jobs	?select=inventaire_id&user_id=eq.6b2057a9-ee51-4070-8732-9759d30fd521&status=eq.needs_user&inventaire_id=not.is.null&limit=1000	web-pc-chrome154	6b2057a9-ee51-4070-8732-9759d30fd521	37
2026-10-05 17:03:49.627	2026-10-05 19:03:49.627	GET	200	/rest/v1/inventaire	?id=eq.1791219480249&user_id=eq.6b2057a9-ee51-4070-8732-9759d30fd521&select=id,titre,photos,description,marque,prix_vente,attributs	extension-pc	6b2057a9-ee51-4070-8732-9759d30fd521	48
2026-10-05 17:03:49.627	2026-10-05 19:03:49.627	GET	200	/rest/v1/profiles	?select=extension_version&id=eq.6b2057a9-ee51-4070-8732-9759d30fd521	web-pc-chrome154	6b2057a9-ee51-4070-8732-9759d30fd521	47
2026-10-05 17:03:49.628	2026-10-05 19:03:49.628	GET	200	/rest/v1/inventaire_fusions	?select=id,garde,absorbe,created_at,deplacements,champs_repris&user_id=eq.6b2057a9-ee51-4070-8732-9759d30fd521&defait_le=is.null&order=created_at.desc&limit=500	web-pc-chrome154	6b2057a9-ee51-4070-8732-9759d30fd521	48
2026-10-05 17:03:49.630	2026-10-05 19:03:49.630	GET	200	/rest/v1/vinted_sync_runs	?select=id,status,page_suivante,total_pages,total_entries,items_vus,items_crees,items_maj,erreur,started_at,finished_at,vinted_login,vinted_user_id&user_id=eq.6b2057a9-ee51-4070-8732-9759d30fd521&kind=eq.dressing&order=started_at.desc&limit=1	web-pc-chrome154	6b2057a9-ee51-4070-8732-9759d30fd521	40
2026-10-05 17:03:49.631	2026-10-05 19:03:49.631	GET	200	/rest/v1/annonces_plateforme	?select=id,platform,listing_id,url,titre,prix,proposition&user_id=eq.6b2057a9-ee51-4070-8732-9759d30fd521&inventaire_id=is.null&ignoree_le=is.null&disparu_le=is.null&proposition=not.is.null&limit=200	web-pc-chrome154	6b2057a9-ee51-4070-8732-9759d30fd521	42
2026-10-05 17:03:49.632	2026-10-05 19:03:49.632	GET	200	/rest/v1/vinted_listing_snapshots	?select=vinted_item_id,price&user_id=eq.6b2057a9-ee51-4070-8732-9759d30fd521&vinted_item_id=in.(10170625962,10171504960,10174116815,10174206208,10183248639,10184840189,10186532041,10201654122)&order=captured_at.desc&limit=1000	web-pc-chrome154	6b2057a9-ee51-4070-8732-9759d30fd521	44
2026-10-05 17:03:49.632	2026-10-05 19:03:49.632	GET	200	/rest/v1/cross_post_jobs	?select=id,platform,title,inventaire_id,listing_url,platform_listing_id,platform_fields&user_id=eq.6b2057a9-ee51-4070-8732-9759d30fd521&status=eq.cancelled&action=in.(publish,republish)&platform_fields=cs.{"pending_removal":true}&platform_fields->>pending_removal_reporte_le=is.null	web-pc-chrome154	6b2057a9-ee51-4070-8732-9759d30fd521	42
2026-10-05 17:03:49.637	2026-10-05 19:03:49.637	GET	200	/rest/v1/cross_post_jobs	?select=inventaire_id&user_id=eq.6b2057a9-ee51-4070-8732-9759d30fd521&action=eq.republish&status=in.(pending,processing,needs_user)&inventaire_id=not.is.null	web-pc-chrome154	6b2057a9-ee51-4070-8732-9759d30fd521	37
2026-10-05 17:03:49.858	2026-10-05 19:03:49.858	GET	200	/rest/v1/vinted_sync_runs	?select=id,status,page_suivante,total_pages,total_entries,items_vus,items_crees,items_maj,erreur,started_at,finished_at,vinted_login,vinted_user_id&user_id=eq.6b2057a9-ee51-4070-8732-9759d30fd521&kind=eq.dressing&order=started_at.desc&limit=1	web-pc-chrome154	6b2057a9-ee51-4070-8732-9759d30fd521	40
2026-10-05 17:03:49.860	2026-10-05 19:03:49.860	GET	200	/rest/v1/profiles	?select=voice_count_today,voice_count_date&id=eq.6b2057a9-ee51-4070-8732-9759d30fd521	web-pc-chrome154	6b2057a9-ee51-4070-8732-9759d30fd521	36
2026-10-05 17:03:49.861	2026-10-05 19:03:49.861	PATCH	204	/rest/v1/inventaire	?id=eq.1791219480249&user_id=eq.6b2057a9-ee51-4070-8732-9759d30fd521	extension-pc	6b2057a9-ee51-4070-8732-9759d30fd521	40
2026-10-05 17:03:49.862	2026-10-05 19:03:49.862	GET	200	/rest/v1/cross_post_jobs	?select=id,platform,title,price,inventaire_id,listing_url,platform_fields&user_id=eq.6b2057a9-ee51-4070-8732-9759d30fd521&status=eq.published&action=in.(publish,republish)&platform_fields->>unavailable_since=not.is.null	web-pc-chrome154	6b2057a9-ee51-4070-8732-9759d30fd521	40
2026-10-05 17:03:50.367	2026-10-05 19:03:50.367	GET	200	/rest/v1/annonces_plateforme	?select=id,platform,listing_id,url,titre,prix,proposition&user_id=eq.6b2057a9-ee51-4070-8732-9759d30fd521&inventaire_id=is.null&ignoree_le=is.null&disparu_le=is.null&proposition=not.is.null&limit=200	web-pc-chrome154	6b2057a9-ee51-4070-8732-9759d30fd521	46
2026-10-05 17:03:51.215	2026-10-05 19:03:51.215	GET	200	/rest/v1/profiles	?select=voice_count_today,voice_count_date&id=eq.6b2057a9-ee51-4070-8732-9759d30fd521	web-pc-chrome154	6b2057a9-ee51-4070-8732-9759d30fd521	35
2026-10-05 17:03:51.745	2026-10-05 19:03:51.745	GET	200	/rest/v1/vinted_sync_runs	?select=id,status,page_suivante,total_pages,total_entries,items_vus,items_crees,items_maj,erreur,started_at,finished_at,vinted_login,vinted_user_id&user_id=eq.6b2057a9-ee51-4070-8732-9759d30fd521&kind=eq.dressing&order=started_at.desc&limit=1	web-pc-chrome154	6b2057a9-ee51-4070-8732-9759d30fd521	42
2026-10-05 17:03:52.391	2026-10-05 19:03:52.391	POST	200	/rest/v1/rpc/quotas_etat		web-pc-chrome154	6b2057a9-ee51-4070-8732-9759d30fd521	36
2026-10-05 17:03:54.585	2026-10-05 19:03:54.585	GET	200	/rest/v1/vinted_sync_runs	?select=id,status,page_suivante,total_pages,total_entries,items_vus,items_crees,items_maj,erreur,started_at,finished_at,vinted_login,vinted_user_id&user_id=eq.6b2057a9-ee51-4070-8732-9759d30fd521&kind=eq.dressing&order=started_at.desc&limit=1	web-pc-chrome154	6b2057a9-ee51-4070-8732-9759d30fd521	46
2026-10-05 17:03:56.762	2026-10-05 19:03:56.762	GET	200	/rest/v1/vinted_sync_runs	?select=id,status,page_suivante,total_pages,total_entries,items_vus,items_crees,items_maj,erreur,started_at,finished_at,vinted_login,vinted_user_id&user_id=eq.6b2057a9-ee51-4070-8732-9759d30fd521&kind=eq.dressing&order=started_at.desc&limit=1	web-pc-chrome154	6b2057a9-ee51-4070-8732-9759d30fd521	46
2026-10-05 17:03:57.756	2026-10-05 19:03:57.756	GET	200	/rest/v1/vinted_sync_runs	?select=id,status,page_suivante,total_pages,total_entries,items_vus,items_crees,items_maj,erreur,started_at,finished_at,vinted_login,vinted_user_id&user_id=eq.6b2057a9-ee51-4070-8732-9759d30fd521&kind=eq.dressing&order=started_at.desc&limit=1	web-pc-chrome154	6b2057a9-ee51-4070-8732-9759d30fd521	49
2026-10-05 17:03:59.625	2026-10-05 19:03:59.625	GET	200	/rest/v1/vinted_sync_runs	?select=id,status,page_suivante,total_pages,total_entries,items_vus,items_crees,items_maj,erreur,started_at,finished_at,vinted_login,vinted_user_id&user_id=eq.6b2057a9-ee51-4070-8732-9759d30fd521&kind=eq.dressing&order=started_at.desc&limit=1	web-pc-chrome154	6b2057a9-ee51-4070-8732-9759d30fd521	42
2026-10-05 17:04:01.591	2026-10-05 19:04:01.591	GET	200	/rest/v1/vinted_sync_runs	?select=id,status,page_suivante,total_pages,total_entries,items_vus,items_crees,items_maj,erreur,started_at,finished_at,vinted_login,vinted_user_id&user_id=eq.6b2057a9-ee51-4070-8732-9759d30fd521&kind=eq.dressing&order=started_at.desc&limit=1	web-pc-chrome154	6b2057a9-ee51-4070-8732-9759d30fd521	43
2026-10-05 17:04:03.514	2026-10-05 19:04:03.514	GET	200	/rest/v1/vinted_sync_runs	?select=id,status,page_suivante,total_pages,total_entries,items_vus,items_crees,items_maj,erreur,started_at,finished_at,vinted_login,vinted_user_id&user_id=eq.6b2057a9-ee51-4070-8732-9759d30fd521&kind=eq.dressing&order=started_at.desc&limit=1	web-pc-chrome154	6b2057a9-ee51-4070-8732-9759d30fd521	47
2026-10-05 17:04:04.075	2026-10-05 19:04:04.075	GET	200	/rest/v1/profiles	?select=id&ebay_voie_api=eq.true&id=in.(c7dc5abb-18f5-4d5e-8b35-52c1cccc4816,42eab075-66f2-49de-8e44-212377cfaf41,2eec0ad9-784e-419f-ad00-0df1fbfbb457,90739125-8f1c-4d26-a4a5-048eed4b1c0f,53efea05-dc2d-4467-a8cd-c6fa52a47a61,b20fb960-7826-4bab-b107-a388d9824009,577dce4b-0a9d-465d-8993-bab4dddba9cb,bfce1264-4aac-49e9-b2fe-3c4706a8e449,f6a86c0d-d617-4a4a-8a8d-c30a07ac3233,3fd46214-cd67-44c5-b05e-8da…	serveur-fonction-edge		11
2026-10-05 17:04:04.097	2026-10-05 19:04:04.097	GET	200	/rest/v1/cross_post_jobs	?select=id,user_id,error,platform_fields&platform=eq.ebay&action=eq.publish&voie=eq.extension&status=eq.pending&user_id=in.(8b78a7ce-3816-49ee-8bb3-511d4f860491,f6a86c0d-d617-4a4a-8a8d-c30a07ac3233,c7dc5abb-18f5-4d5e-8b35-52c1cccc4816,53efea05-dc2d-4467-a8cd-c6fa52a47a61,1661c65c-83ab-43c6-8595-c68f207d1477,52ac8bfb-ed9b-4a55-a632-d71308a0f8da,f8b8bbad-01e4-4800-89b7-f4cf77f1c8df,3d9caa6d-bf05-4ba…	serveur-fonction-edge		13
2026-10-05 17:04:05.380	2026-10-05 19:04:05.380	GET	200	/rest/v1/vinted_sync_runs	?select=id,status,page_suivante,total_pages,total_entries,items_vus,items_crees,items_maj,erreur,started_at,finished_at,vinted_login,vinted_user_id&user_id=eq.6b2057a9-ee51-4070-8732-9759d30fd521&kind=eq.dressing&order=started_at.desc&limit=1	web-pc-chrome154	6b2057a9-ee51-4070-8732-9759d30fd521	40
2026-10-05 17:04:08.279	2026-10-05 19:04:08.279	GET	200	/rest/v1/vinted_sync_runs	?select=id,status,page_suivante,total_pages,total_entries,items_vus,items_crees,items_maj,erreur,started_at,finished_at,vinted_login,vinted_user_id&user_id=eq.6b2057a9-ee51-4070-8732-9759d30fd521&kind=eq.dressing&order=started_at.desc&limit=1	web-pc-chrome154	6b2057a9-ee51-4070-8732-9759d30fd521	48
2026-10-05 17:04:09.750	2026-10-05 19:04:09.750	GET	200	/rest/v1/vinted_sync_runs	?select=id,status,page_suivante,total_pages,total_entries,items_vus,items_crees,items_maj,erreur,started_at,finished_at,vinted_login,vinted_user_id&user_id=eq.6b2057a9-ee51-4070-8732-9759d30fd521&kind=eq.dressing&order=started_at.desc&limit=1	web-pc-chrome154	6b2057a9-ee51-4070-8732-9759d30fd521	44
2026-10-05 17:04:09.753	2026-10-05 19:04:09.753	GET	200	/rest/v1/annonces_plateforme	?user_id=eq.6b2057a9-ee51-4070-8732-9759d30fd521&platform=eq.beebs&listing_id=eq.34056436&select=capture	extension-pc	6b2057a9-ee51-4070-8732-9759d30fd521	42
2026-10-05 17:04:10.251	2026-10-05 19:04:10.251	PATCH	200	/rest/v1/annonces_plateforme	?user_id=eq.6b2057a9-ee51-4070-8732-9759d30fd521&platform=eq.beebs&listing_id=eq.34056436&select=inventaire_id	extension-pc	6b2057a9-ee51-4070-8732-9759d30fd521	47
2026-10-05 17:04:10.723	2026-10-05 19:04:10.723	GET	200	/rest/v1/inventaire	?id=eq.1791219480334&user_id=eq.6b2057a9-ee51-4070-8732-9759d30fd521&select=id,titre,photos,description,marque,prix_vente,attributs	extension-pc	6b2057a9-ee51-4070-8732-9759d30fd521	36
2026-10-05 17:04:11.657	2026-10-05 19:04:11.657	GET	200	/rest/v1/vinted_sync_runs	?select=id,status,page_suivante,total_pages,total_entries,items_vus,items_crees,items_maj,erreur,started_at,finished_at,vinted_login,vinted_user_id&user_id=eq.6b2057a9-ee51-4070-8732-9759d30fd521&kind=eq.dressing&order=started_at.desc&limit=1	web-pc-chrome154	6b2057a9-ee51-4070-8732-9759d30fd521	41
2026-10-05 17:04:11.659	2026-10-05 19:04:11.659	PATCH	204	/rest/v1/inventaire	?id=eq.1791219480334&user_id=eq.6b2057a9-ee51-4070-8732-9759d30fd521	extension-pc	6b2057a9-ee51-4070-8732-9759d30fd521	39
2026-10-05 17:04:14.708	2026-10-05 19:04:14.708	POST	200	/rest/v1/rpc/rapprocher_releve		extension-pc	6b2057a9-ee51-4070-8732-9759d30fd521	91
2026-10-05 17:04:15.323	2026-10-05 19:04:15.323	PATCH	204	/rest/v1/vinted_sync_runs	?id=eq.4e8fcda4-9f41-443f-9c10-c9c306b06750	extension-pc	6b2057a9-ee51-4070-8732-9759d30fd521	52
2026-10-05 17:04:22.946	2026-10-05 19:04:22.946	GET	200	/rest/v1/vinted_sync_runs	?select=id,status,page_suivante,total_pages,total_entries,items_vus,items_crees,items_maj,erreur,started_at,finished_at,vinted_login,vinted_user_id&user_id=eq.6b2057a9-ee51-4070-8732-9759d30fd521&kind=eq.dressing&order=started_at.desc&limit=1	web-pc-chrome154	6b2057a9-ee51-4070-8732-9759d30fd521	40
2026-10-05 17:04:23.377	2026-10-05 19:04:23.377	GET	200	/rest/v1/vinted_sync_runs	?select=id,status,page_suivante,total_pages,total_entries,items_vus,items_crees,items_maj,erreur,started_at,finished_at,vinted_login,vinted_user_id&user_id=eq.6b2057a9-ee51-4070-8732-9759d30fd521&kind=eq.dressing&order=started_at.desc&limit=1	web-pc-chrome154	6b2057a9-ee51-4070-8732-9759d30fd521	34
2026-10-05 17:04:25.403	2026-10-05 19:04:25.403	GET	200	/rest/v1/vinted_sync_runs	?select=id,status,page_suivante,total_pages,total_entries,items_vus,items_crees,items_maj,erreur,started_at,finished_at,vinted_login,vinted_user_id&user_id=eq.6b2057a9-ee51-4070-8732-9759d30fd521&kind=eq.dressing&order=started_at.desc&limit=1	web-pc-chrome154	6b2057a9-ee51-4070-8732-9759d30fd521	78
2026-10-05 17:04:29.958	2026-10-05 19:04:29.958	GET	200	/rest/v1/vinted_sync_runs	?select=id,status,page_suivante,total_pages,total_entries,items_vus,items_crees,items_maj,erreur,started_at,finished_at,vinted_login,vinted_user_id&user_id=eq.6b2057a9-ee51-4070-8732-9759d30fd521&kind=eq.dressing&order=started_at.desc&limit=1	web-pc-chrome154	6b2057a9-ee51-4070-8732-9759d30fd521	37
2026-10-05 17:04:30.186	2026-10-05 19:04:30.186	GET	200	/rest/v1/vinted_sync_runs	?select=id,status,page_suivante,total_pages,total_entries,items_vus,items_crees,items_maj,erreur,started_at,finished_at,vinted_login,vinted_user_id&user_id=eq.6b2057a9-ee51-4070-8732-9759d30fd521&kind=eq.dressing&order=started_at.desc&limit=1	web-pc-chrome154	6b2057a9-ee51-4070-8732-9759d30fd521	35
2026-10-05 17:04:31.571	2026-10-05 19:04:31.571	GET	200	/rest/v1/vinted_sync_runs	?select=id,status,page_suivante,total_pages,total_entries,items_vus,items_crees,items_maj,erreur,started_at,finished_at,vinted_login,vinted_user_id&user_id=eq.6b2057a9-ee51-4070-8732-9759d30fd521&kind=eq.dressing&order=started_at.desc&limit=1	web-pc-chrome154	6b2057a9-ee51-4070-8732-9759d30fd521	41
2026-10-05 17:04:33.499	2026-10-05 19:04:33.499	GET	200	/rest/v1/vinted_sync_runs	?select=id,status,page_suivante,total_pages,total_entries,items_vus,items_crees,items_maj,erreur,started_at,finished_at,vinted_login,vinted_user_id&user_id=eq.6b2057a9-ee51-4070-8732-9759d30fd521&kind=eq.dressing&order=started_at.desc&limit=1	web-pc-chrome154	6b2057a9-ee51-4070-8732-9759d30fd521	45
2026-10-05 17:04:35.380	2026-10-05 19:04:35.380	GET	200	/rest/v1/vinted_sync_runs	?select=id,status,page_suivante,total_pages,total_entries,items_vus,items_crees,items_maj,erreur,started_at,finished_at,vinted_login,vinted_user_id&user_id=eq.6b2057a9-ee51-4070-8732-9759d30fd521&kind=eq.dressing&order=started_at.desc&limit=1	web-pc-chrome154	6b2057a9-ee51-4070-8732-9759d30fd521	43
2026-10-05 17:04:36.337	2026-10-05 19:04:36.337	GET	200	/rest/v1/vinted_sync_runs	?id=eq.62e212b5-6adc-4cbb-bdea-962e414ee2db&select=id,status,page_suivante,items_vus,updated_at,declencheur&limit=1	extension-pc	6b2057a9-ee51-4070-8732-9759d30fd521	45
2026-10-05 17:04:36.338	2026-10-05 19:04:36.338	GET	200	/rest/v1/cross_post_jobs	?select=id,platform,action,title,inventaire_id,created_at,platform_fields&status=eq.processing	extension-pc	6b2057a9-ee51-4070-8732-9759d30fd521	43
2026-10-05 17:04:36.639	2026-10-05 19:04:36.639	GET	200	/auth/v1/user		serveur-fonction-edge	6b2057a9-ee51-4070-8732-9759d30fd521	43
2026-10-05 17:04:36.652	2026-10-05 19:04:36.652	GET	200	/auth/v1/user		serveur-fonction-edge	6b2057a9-ee51-4070-8732-9759d30fd521	44
2026-10-05 17:04:36.703	2026-10-05 19:04:36.703	GET	200	/rest/v1/coin_config	?select=value&key=eq.opla_sortie_le	serveur-fonction-edge	6b2057a9-ee51-4070-8732-9759d30fd521	38
2026-10-05 17:04:36.721	2026-10-05 19:04:36.721	GET	200	/rest/v1/coin_config	?select=value&key=eq.opla_sortie_le	serveur-fonction-edge	6b2057a9-ee51-4070-8732-9759d30fd521	33
2026-10-05 17:04:36.769	2026-10-05 19:04:36.769	GET	200	/rest/v1/profiles	?select=extension_postes&id=eq.6b2057a9-ee51-4070-8732-9759d30fd521	serveur-fonction-edge		47
2026-10-05 17:04:36.932	2026-10-05 19:04:36.932	PATCH	204	/rest/v1/profiles	?id=eq.6b2057a9-ee51-4070-8732-9759d30fd521	serveur-fonction-edge		36
2026-10-05 17:04:37.025	2026-10-05 19:04:37.025	GET	200	/rest/v1/cross_post_jobs	?select=id,platform,action,status,title,description,price,photos,photo_option,platform_fields,inventaire_id,listing_url,platform_listing_id,created_at,error,inventaire:inventaire_id(vinted_item_id,disparu_le,vinted_status)&status=in.(pending,processing,needs_user)&voie=eq.extension&order=created_at.asc	serveur-fonction-edge	6b2057a9-ee51-4070-8732-9759d30fd521	46
2026-10-05 17:04:37.044	2026-10-05 19:04:37.044	GET	200	/rest/v1/cross_post_jobs	?select=id,platform,action,status,error,inventaire_id,platform_fields&user_id=eq.6b2057a9-ee51-4070-8732-9759d30fd521&status=eq.needs_user&platform=eq.leboncoin&action=eq.republish&platform_fields->gardes->prevol_page->>verdict=eq.bloque&limit=30	serveur-fonction-edge		47
2026-10-05 17:04:37.095	2026-10-05 19:04:37.095	GET	200	/rest/v1/platform_health	?select=platform,paused&paused=eq.true	serveur-fonction-edge	6b2057a9-ee51-4070-8732-9759d30fd521	37
2026-10-05 17:04:37.149	2026-10-05 19:04:37.149	GET	200	/rest/v1/inventaire	?select=id,statut,quantite&id=in.(1791218520498)	serveur-fonction-edge	6b2057a9-ee51-4070-8732-9759d30fd521	34
2026-10-05 17:04:37.167	2026-10-05 19:04:37.167	GET	200	/rest/v1/cross_post_jobs	?select=id,platform,action,title,error,platform_fields&user_id=eq.6b2057a9-ee51-4070-8732-9759d30fd521&status=in.(needs_user,failed)&platform=in.(vinted,ebay)&created_at=gte.2026-09-21T17:04:37.159Z&limit=60	serveur-fonction-edge		71
2026-10-05 17:04:37.199	2026-10-05 19:04:37.199	GET	200	/rest/v1/cross_post_jobs	?select=id,inventaire_id,platform&inventaire_id=in.(1791218520498)&action=in.(publish,republish)&status=eq.published&platform_fields->>sale_signal=eq.sold	serveur-fonction-edge	6b2057a9-ee51-4070-8732-9759d30fd521	34
2026-10-05 17:04:37.255	2026-10-05 19:04:37.255	GET	200	/rest/v1/cross_post_jobs	?select=id,platform,action,status,created_at,error,listing_url,platform_listing_id,platform_fields&user_id=eq.6b2057a9-ee51-4070-8732-9759d30fd521&action=eq.delete&status=in.(needs_user,failed)&platform=in.(leboncoin,ebay,beebs,opla)&created_at=gte.2026-09-05T17:04:37.249Z&limit=20	serveur-fonction-edge		44
2026-10-05 17:04:37.368	2026-10-05 19:04:37.368	GET	200	/rest/v1/profiles	?select=extension_sessions&id=eq.6b2057a9-ee51-4070-8732-9759d30fd521	serveur-fonction-edge	6b2057a9-ee51-4070-8732-9759d30fd521	37
2026-10-05 17:04:37.387	2026-10-05 19:04:37.387	GET	200	/rest/v1/vinted_sync_runs	?select=id,status,page_suivante,total_pages,total_entries,items_vus,items_crees,items_maj,erreur,started_at,finished_at,vinted_login,vinted_user_id&user_id=eq.6b2057a9-ee51-4070-8732-9759d30fd521&kind=eq.dressing&order=started_at.desc&limit=1	web-pc-chrome154	6b2057a9-ee51-4070-8732-9759d30fd521	43
2026-10-05 17:04:37.409	2026-10-05 19:04:37.409	GET	200	/rest/v1/cross_post_jobs	?select=id,platform,action,status,title,error,inventaire_id,platform_fields&user_id=eq.6b2057a9-ee51-4070-8732-9759d30fd521&status=eq.needs_user&platform=eq.vinted&action=eq.republish&platform_fields->>republish_step=eq.deleted&limit=20	serveur-fonction-edge		34
2026-10-05 17:04:37.421	2026-10-05 19:04:37.421	POST	200	/rest/v1/rpc/plateformes_verite		serveur-fonction-edge	6b2057a9-ee51-4070-8732-9759d30fd521	35
2026-10-05 17:04:37.453	2026-10-05 19:04:37.453	GET	200	/rest/v1/cross_post_jobs	?select=id,inventaire_id,error,platform_fields&user_id=eq.6b2057a9-ee51-4070-8732-9759d30fd521&platform=eq.vinted&action=eq.republish&status=eq.cancelled&platform_fields->gel_livres_le=not.is.null&platform_fields->gel_livres_leve_le=is.null&limit=200	serveur-fonction-edge		41
2026-10-05 17:04:37.471	2026-10-05 19:04:37.471	GET	200	/rest/v1/cross_post_jobs	?select=id,inventaire_id&status=eq.needs_user&action=neq.delete	serveur-fonction-edge	6b2057a9-ee51-4070-8732-9759d30fd521	37
2026-10-05 17:04:37.586	2026-10-05 19:04:37.586	POST	200	/rest/v1/rpc/purger_ma_sync_queue		serveur-fonction-edge	6b2057a9-ee51-4070-8732-9759d30fd521	32
2026-10-05 17:04:37.634	2026-10-05 19:04:37.634	GET	200	/rest/v1/inventaire	?select=id,attributs,titre,vinted_catalog_id&id=in.(1791218520498)	serveur-fonction-edge	6b2057a9-ee51-4070-8732-9759d30fd521	37
2026-10-05 17:04:37.671	2026-10-05 19:04:37.671	GET	200	/rest/v1/vinted_sync_runs	?select=id,kind,platform,declencheur,erreur,queued_at,finished_at&user_id=eq.6b2057a9-ee51-4070-8732-9759d30fd521&status=eq.expired&claimed_at=is.null&queued_at=not.is.null&kind=in.(annonces,dressing)&finished_at=gte.2026-10-02T17:04:37.665Z&order=queued_at.desc&limit=20	serveur-fonction-edge		37
2026-10-05 17:04:37.686	2026-10-05 19:04:37.686	GET	200	/rest/v1/profiles	?select=platform_settings&id=eq.6b2057a9-ee51-4070-8732-9759d30fd521	serveur-fonction-edge	6b2057a9-ee51-4070-8732-9759d30fd521	38
2026-10-05 17:04:37.762	2026-10-05 19:04:37.762	GET	200	/rest/v1/coin_config	?select=value&key=eq.keepalive_actif	serveur-fonction-edge	6b2057a9-ee51-4070-8732-9759d30fd521	35
2026-10-05 17:04:37.766	2026-10-05 19:04:37.766	GET	200	/rest/v1/vinted_sync_runs	?select=id,platform,queued_at&kind=eq.annonces&status=eq.queued&queued_at=gte.2026-10-05T11:04:37.760Z&order=queued_at.asc&limit=4	serveur-fonction-edge	6b2057a9-ee51-4070-8732-9759d30fd521	39
2026-10-05 17:04:37.822	2026-10-05 19:04:37.822	GET	200	/rest/v1/vinted_sync_runs	?select=id,platform,declencheur&kind=eq.connexion&status=eq.queued&queued_at=gte.2026-10-05T16:54:37.813Z&order=queued_at.asc&limit=3	serveur-fonction-edge	6b2057a9-ee51-4070-8732-9759d30fd521	33
2026-10-05 17:04:37.864	2026-10-05 19:04:37.864	GET	200	/rest/v1/coin_config	?select=value&key=eq.prevol_copie_actif	serveur-fonction-edge	6b2057a9-ee51-4070-8732-9759d30fd521	37
2026-10-05 17:04:37.877	2026-10-05 19:04:37.877	GET	200	/rest/v1/cross_post_jobs	?select=id,action,platform,platform_fields,inventaire_id,listing_url,platform_listing_id,inventaire:inventaire_id(vinted_account_id)&user_id=eq.6b2057a9-ee51-4070-8732-9759d30fd521&status=eq.needs_user&voie=eq.extension&platform_fields->>needs_user_source=eq.boutique_etrangere&platform_fields->boutique_etrangere->>motif=in.(session_inconnue,origine_inconnue,boutique_etrangere)&order=created_at.asc…	serveur-fonction-edge	6b2057a9-ee51-4070-8732-9759d30fd521	33
2026-10-05 17:04:37.920	2026-10-05 19:04:37.920	GET	200	/rest/v1/cross_post_jobs	?select=id,platform,action,status,title,description,price,photos,photo_option,platform_fields,inventaire_id,listing_url,platform_listing_id,created_at,error&status=in.(pending)&voie=eq.extension&order=created_at.asc	serveur-fonction-edge	6b2057a9-ee51-4070-8732-9759d30fd521	39
2026-10-05 17:04:37.972	2026-10-05 19:04:37.972	GET	200	/rest/v1/platform_health	?select=platform,paused&paused=eq.true	serveur-fonction-edge	6b2057a9-ee51-4070-8732-9759d30fd521	34
2026-10-05 17:04:38.015	2026-10-05 19:04:38.015	GET	200	/rest/v1/cross_post_jobs	?select=*&user_id=eq.6b2057a9-ee51-4070-8732-9759d30fd521&platform=eq.vinted&action=eq.republish&status=eq.needs_user&platform_fields->capture_id=not.is.null&platform_fields->server_required_fields=not.is.null&limit=20	serveur-fonction-edge		36
2026-10-05 17:04:38.065	2026-10-05 19:04:38.065	GET	200	/rest/v1/inventaire	?select=id,statut,quantite&id=in.(1791218520498)	serveur-fonction-edge	6b2057a9-ee51-4070-8732-9759d30fd521	32
2026-10-05 17:04:38.107	2026-10-05 19:04:38.107	GET	200	/rest/v1/cross_post_jobs	?select=id,inventaire_id,platform&inventaire_id=in.(1791218520498)&action=in.(publish,republish)&status=eq.published&platform_fields->>sale_signal=eq.sold	serveur-fonction-edge	6b2057a9-ee51-4070-8732-9759d30fd521	33
2026-10-05 17:04:38.149	2026-10-05 19:04:38.149	GET	200	/rest/v1/profiles	?select=extension_sessions&id=eq.6b2057a9-ee51-4070-8732-9759d30fd521	serveur-fonction-edge	6b2057a9-ee51-4070-8732-9759d30fd521	34
2026-10-05 17:04:38.194	2026-10-05 19:04:38.194	GET	200	/rest/v1/cross_post_jobs	?select=id,platform,action,status,title,description,price,photos,photo_option,platform_fields,inventaire_id,listing_url,platform_listing_id,created_at,error&platform=eq.leboncoin&action=eq.republish&status=in.(needs_user,failed)&inventaire_id=not.is.null&limit=20	serveur-fonction-edge	6b2057a9-ee51-4070-8732-9759d30fd521	37
2026-10-05 17:04:38.250	2026-10-05 19:04:38.250	GET	200	/rest/v1/profiles	?select=extension_sessions,vinted_sync_pin&id=eq.6b2057a9-ee51-4070-8732-9759d30fd521	serveur-fonction-edge	6b2057a9-ee51-4070-8732-9759d30fd521	37
2026-10-05 17:04:38.303	2026-10-05 19:04:38.303	GET	200	/rest/v1/inventaire	?select=id,vinted_account_id&id=in.(1791218520498)	serveur-fonction-edge	6b2057a9-ee51-4070-8732-9759d30fd521	39
2026-10-05 17:04:38.354	2026-10-05 19:04:38.354	GET	200	/rest/v1/inventaire	?select=id,attributs,titre,vinted_catalog_id&id=in.(1791218520498)	serveur-fonction-edge	6b2057a9-ee51-4070-8732-9759d30fd521	35
2026-10-05 17:04:38.401	2026-10-05 19:04:38.401	GET	200	/rest/v1/profiles	?select=platform_settings&id=eq.6b2057a9-ee51-4070-8732-9759d30fd521	serveur-fonction-edge	6b2057a9-ee51-4070-8732-9759d30fd521	34
2026-10-05 17:04:38.632	2026-10-05 19:04:38.632	GET	200	/rest/v1/profiles	?select=beta_flags&id=eq.6b2057a9-ee51-4070-8732-9759d30fd521	serveur-fonction-edge	6b2057a9-ee51-4070-8732-9759d30fd521	36
2026-10-05 17:04:38.681	2026-10-05 19:04:38.681	GET	200	/rest/v1/coin_config	?select=value&key=eq.prevol_copie_actif	serveur-fonction-edge	6b2057a9-ee51-4070-8732-9759d30fd521	35
2026-10-05 17:04:40.663	2026-10-05 19:04:40.663	GET	200	/auth/v1/user		serveur-fonction-edge	6b2057a9-ee51-4070-8732-9759d30fd521	57
2026-10-05 17:04:40.808	2026-10-05 19:04:40.808	GET	200	/rest/v1/cross_post_jobs	?select=platform&id=eq.c08572f6-2a16-44cf-85bb-dc816759da95	serveur-fonction-edge	6b2057a9-ee51-4070-8732-9759d30fd521	40
2026-10-05 17:04:44.091	2026-10-05 19:04:44.091	GET	200	/rest/v1/vinted_sync_runs	?select=id,status,page_suivante,total_pages,total_entries,items_vus,items_crees,items_maj,erreur,started_at,finished_at,vinted_login,vinted_user_id&user_id=eq.6b2057a9-ee51-4070-8732-9759d30fd521&kind=eq.dressing&order=started_at.desc&limit=1	web-pc-chrome154	6b2057a9-ee51-4070-8732-9759d30fd521	52
2026-10-05 17:04:45.111	2026-10-05 19:04:45.111	GET	200	/rest/v1/vinted_sync_runs	?select=id,status,page_suivante,total_pages,total_entries,items_vus,items_crees,items_maj,erreur,started_at,finished_at,vinted_login,vinted_user_id&user_id=eq.6b2057a9-ee51-4070-8732-9759d30fd521&kind=eq.dressing&order=started_at.desc&limit=1	web-pc-chrome154	6b2057a9-ee51-4070-8732-9759d30fd521	38
2026-10-05 17:04:46.712	2026-10-05 19:04:46.712	GET	200	/rest/v1/vinted_sync_runs	?select=id,status,page_suivante,total_pages,total_entries,items_vus,items_crees,items_maj,erreur,started_at,finished_at,vinted_login,vinted_user_id&user_id=eq.6b2057a9-ee51-4070-8732-9759d30fd521&kind=eq.dressing&order=started_at.desc&limit=1	web-pc-chrome154	6b2057a9-ee51-4070-8732-9759d30fd521	40
2026-10-05 17:04:53.357	2026-10-05 19:04:53.357	GET	200	/rest/v1/annonces_plateforme	?select=id,platform,inventaire_id,vues,favoris,vu_le&user_id=eq.6b2057a9-ee51-4070-8732-9759d30fd521&inventaire_id=not.is.null&disparu_le=is.null&order=id.asc&limit=500	web-pc-chrome154	6b2057a9-ee51-4070-8732-9759d30fd521	44
2026-10-05 17:04:54.278	2026-10-05 19:04:54.278	GET	200	/rest/v1/annonces_plateforme	?select=id,platform,inventaire_id,vues,favoris,vu_le&user_id=eq.6b2057a9-ee51-4070-8732-9759d30fd521&inventaire_id=not.is.null&disparu_le=is.null&order=id.asc&limit=500&id=gt.f3f1c690-5fa5-4428-b927-5792a6b568d7	web-pc-chrome154	6b2057a9-ee51-4070-8732-9759d30fd521	36
2026-10-05 17:05:12.409	2026-10-05 19:05:12.409	GET	200	/rest/v1/cross_post_jobs	?id=eq.c08572f6-2a16-44cf-85bb-dc816759da95&select=status	extension-pc	6b2057a9-ee51-4070-8732-9759d30fd521	45
2026-10-05 17:05:12.981	2026-10-05 19:05:12.981	GET	200	/auth/v1/user		serveur-fonction-edge	6b2057a9-ee51-4070-8732-9759d30fd521	50
2026-10-05 17:05:13.115	2026-10-05 19:05:13.115	GET	200	/rest/v1/cross_post_jobs	?select=platform&id=eq.c08572f6-2a16-44cf-85bb-dc816759da95	serveur-fonction-edge	6b2057a9-ee51-4070-8732-9759d30fd521	36
2026-10-05 17:05:13.224	2026-10-05 19:05:13.224	GET	200	/rest/v1/cross_post_jobs	?select=action,platform,platform_fields&id=eq.c08572f6-2a16-44cf-85bb-dc816759da95	serveur-fonction-edge	6b2057a9-ee51-4070-8732-9759d30fd521	34
2026-10-05 17:05:13.277	2026-10-05 19:05:13.277	GET	200	/rest/v1/cross_post_jobs	?select=status,error,platform_fields&id=eq.c08572f6-2a16-44cf-85bb-dc816759da95	serveur-fonction-edge	6b2057a9-ee51-4070-8732-9759d30fd521	38
2026-10-05 17:05:14.161	2026-10-05 19:05:14.161	GET	200	/rest/v1/cross_post_jobs	?select=id,platform,action,title,created_at,published_at,platform_fields,reservation_id,platform_listing_id&status=eq.published&action=in.(publish,republish)&listing_url=is.null&platform=in.(leboncoin,beebs,ebay)&order=published_at.asc.nullslast,created_at.asc&limit=100	extension-pc	6b2057a9-ee51-4070-8732-9759d30fd521	38
2026-10-05 17:05:14.499	2026-10-05 19:05:14.499	GET	200	/auth/v1/user		serveur-fonction-edge	6b2057a9-ee51-4070-8732-9759d30fd521	44
2026-10-05 17:05:14.562	2026-10-05 19:05:14.562	GET	200	/rest/v1/coin_config	?select=value&key=eq.opla_sortie_le	serveur-fonction-edge	6b2057a9-ee51-4070-8732-9759d30fd521	51
2026-10-05 17:05:14.628	2026-10-05 19:05:14.628	GET	200	/rest/v1/profiles	?select=extension_postes&id=eq.6b2057a9-ee51-4070-8732-9759d30fd521	serveur-fonction-edge		40
2026-10-05 17:05:14.741	2026-10-05 19:05:14.741	PATCH	204	/rest/v1/profiles	?id=eq.6b2057a9-ee51-4070-8732-9759d30fd521	serveur-fonction-edge		46
2026-10-05 17:05:14.802	2026-10-05 19:05:14.802	GET	200	/rest/v1/cross_post_jobs	?select=id&user_id=eq.6b2057a9-ee51-4070-8732-9759d30fd521&platform=eq.vinted&status=eq.pending&platform_fields->attente_antirobot_compte=not.is.null&limit=1	serveur-fonction-edge	6b2057a9-ee51-4070-8732-9759d30fd521	39
2026-10-05 17:05:14.854	2026-10-05 19:05:14.854	GET	200	/rest/v1/cross_post_jobs	?select=id,platform,action,status,title,description,price,photos,photo_option,platform_fields,inventaire_id,listing_url,platform_listing_id,created_at,error,inventaire:inventaire_id(vinted_item_id,disparu_le,vinted_status)&status=in.(pending,processing,needs_user)&voie=eq.extension&order=created_at.asc	serveur-fonction-edge	6b2057a9-ee51-4070-8732-9759d30fd521	40
2026-10-05 17:05:14.907	2026-10-05 19:05:14.907	GET	200	/rest/v1/platform_health	?select=platform,paused&paused=eq.true	serveur-fonction-edge	6b2057a9-ee51-4070-8732-9759d30fd521	38
2026-10-05 17:05:14.956	2026-10-05 19:05:14.956	GET	200	/rest/v1/inventaire	?select=id,statut,quantite&id=in.(1791218520498)	serveur-fonction-edge	6b2057a9-ee51-4070-8732-9759d30fd521	34
2026-10-05 17:05:15.054	2026-10-05 19:05:15.054	GET	200	/rest/v1/cross_post_jobs	?select=id,platform,action,status,title,description,price,photos,photo_option,platform_fields,inventaire_id,listing_url,platform_listing_id,created_at,error&platform=eq.leboncoin&action=eq.republish&status=in.(needs_user,failed)&inventaire_id=not.is.null&limit=20	serveur-fonction-edge	6b2057a9-ee51-4070-8732-9759d30fd521	37
2026-10-05 17:05:15.153	2026-10-05 19:05:15.153	GET	200	/rest/v1/profiles	?select=extension_sessions&id=eq.6b2057a9-ee51-4070-8732-9759d30fd521	serveur-fonction-edge	6b2057a9-ee51-4070-8732-9759d30fd521	33
2026-10-05 17:05:15.196	2026-10-05 19:05:15.196	POST	200	/rest/v1/rpc/plateformes_verite		serveur-fonction-edge	6b2057a9-ee51-4070-8732-9759d30fd521	42
2026-10-05 17:05:15.249	2026-10-05 19:05:15.249	GET	200	/rest/v1/cross_post_jobs	?select=id,inventaire_id&status=eq.needs_user&action=neq.delete	serveur-fonction-edge	6b2057a9-ee51-4070-8732-9759d30fd521	37
2026-10-05 17:05:15.361	2026-10-05 19:05:15.361	GET	200	/rest/v1/cross_post_jobs	?select=id,platform&inventaire_id=eq.1791218520498&platform=in.(vinted,leboncoin,ebay,beebs,opla)&action=eq.publish&status=in.(pending,processing,needs_user)	serveur-fonction-edge	6b2057a9-ee51-4070-8732-9759d30fd521	40
2026-10-05 17:05:15.506	2026-10-05 19:05:15.506	GET	200	/rest/v1/profiles	?select=beta_flags&id=eq.6b2057a9-ee51-4070-8732-9759d30fd521	serveur-fonction-edge	6b2057a9-ee51-4070-8732-9759d30fd521	33
2026-10-05 17:05:16.052	2026-10-05 19:05:16.052	GET	200	/rest/v1/cross_post_jobs	?select=id,platform,action,inventaire_id,listing_url,last_checked_at,published_at,created_at,platform_fields&status=eq.published&action=in.(publish,republish)&listing_url=not.is.null&order=last_checked_at.asc.nullsfirst&limit=60	extension-pc	6b2057a9-ee51-4070-8732-9759d30fd521	39
2026-10-05 17:05:16.549	2026-10-05 19:05:16.549	GET	200	/rest/v1/profiles	?id=eq.6b2057a9-ee51-4070-8732-9759d30fd521&select=is_pro,is_business,platform_settings	extension-pc	6b2057a9-ee51-4070-8732-9759d30fd521	35
2026-10-05 17:05:46.454	2026-10-05 19:05:46.454	POST	200	/rest/v1/rpc/plateforme_ecarter		extension-pc	6b2057a9-ee51-4070-8732-9759d30fd521	54
2026-10-05 17:05:48.690	2026-10-05 19:05:48.690	GET	200	/rest/v1/cross_post_jobs	?select=id,platform_fields&platform=eq.opla&status=eq.needs_user&platform_fields->>needs_user_source=eq.opla_acces&limit=200	extension-pc	6b2057a9-ee51-4070-8732-9759d30fd521	35
2026-10-05 17:05:48.885	2026-10-05 19:05:48.885	GET	200	/auth/v1/user		serveur-fonction-edge	6b2057a9-ee51-4070-8732-9759d30fd521	52
2026-10-05 17:05:48.969	2026-10-05 19:05:48.969	GET	200	/rest/v1/coin_config	?select=value&key=eq.opla_sortie_le	serveur-fonction-edge	6b2057a9-ee51-4070-8732-9759d30fd521	37
2026-10-05 17:05:49.024	2026-10-05 19:05:49.024	GET	200	/rest/v1/profiles	?select=extension_postes&id=eq.6b2057a9-ee51-4070-8732-9759d30fd521	serveur-fonction-edge		61
2026-10-05 17:05:49.268	2026-10-05 19:05:49.268	PATCH	204	/rest/v1/profiles	?id=eq.6b2057a9-ee51-4070-8732-9759d30fd521	serveur-fonction-edge		46
2026-10-05 17:05:49.332	2026-10-05 19:05:49.332	GET	200	/rest/v1/cross_post_jobs	?select=id&user_id=eq.6b2057a9-ee51-4070-8732-9759d30fd521&platform=eq.vinted&status=eq.pending&platform_fields->attente_antirobot_compte=not.is.null&limit=1	serveur-fonction-edge	6b2057a9-ee51-4070-8732-9759d30fd521	41
2026-10-05 17:05:49.398	2026-10-05 19:05:49.398	GET	200	/rest/v1/cross_post_jobs	?select=id,platform,action,status,title,description,price,photos,photo_option,platform_fields,inventaire_id,listing_url,platform_listing_id,created_at,error,inventaire:inventaire_id(vinted_item_id,disparu_le,vinted_status)&status=in.(pending,processing,needs_user)&voie=eq.extension&order=created_at.asc	serveur-fonction-edge	6b2057a9-ee51-4070-8732-9759d30fd521	94
2026-10-05 17:05:49.524	2026-10-05 19:05:49.524	GET	200	/rest/v1/platform_health	?select=platform,paused&paused=eq.true	serveur-fonction-edge	6b2057a9-ee51-4070-8732-9759d30fd521	57
2026-10-05 17:05:49.619	2026-10-05 19:05:49.619	GET	200	/rest/v1/inventaire	?select=id,statut,quantite&id=in.(1791218520498)	serveur-fonction-edge	6b2057a9-ee51-4070-8732-9759d30fd521	60
2026-10-05 17:05:49.726	2026-10-05 19:05:49.726	GET	200	/rest/v1/cross_post_jobs	?select=id,inventaire_id,platform&inventaire_id=in.(1791218520498)&action=in.(publish,republish)&status=eq.published&platform_fields->>sale_signal=eq.sold	serveur-fonction-edge	6b2057a9-ee51-4070-8732-9759d30fd521	52
2026-10-05 17:05:49.819	2026-10-05 19:05:49.819	GET	200	/rest/v1/cross_post_jobs	?select=id,platform,action,status,title,description,price,photos,photo_option,platform_fields,inventaire_id,listing_url,platform_listing_id,created_at,error&platform=eq.leboncoin&action=eq.republish&status=in.(needs_user,failed)&inventaire_id=not.is.null&limit=20	serveur-fonction-edge	6b2057a9-ee51-4070-8732-9759d30fd521	51
2026-10-05 17:05:49.851	2026-10-05 19:05:49.851	GET	200	/rest/v1/cross_post_jobs	?select=id,platform_fields&platform=eq.opla&status=eq.needs_user&platform_fields->>needs_user_source=eq.opla_cookies&limit=200	extension-pc	6b2057a9-ee51-4070-8732-9759d30fd521	35
2026-10-05 17:05:49.906	2026-10-05 19:05:49.906	GET	200	/rest/v1/vinted_sync_runs	?select=status,items_vus,items_crees,items_maj,total_entries,queued_at,started_at,finished_at,erreur&kind=eq.dressing&order=started_at.desc&limit=1	serveur-fonction-edge	6b2057a9-ee51-4070-8732-9759d30fd521	40
2026-10-05 17:05:51.377	2026-10-05 19:05:51.377	POST	200	/rest/v1/rpc/plateforme_ecarter		extension-pc	6b2057a9-ee51-4070-8732-9759d30fd521	49
2026-10-05 17:05:53.663	2026-10-05 19:05:53.663	GET	200	/auth/v1/user		serveur-fonction-edge	6b2057a9-ee51-4070-8732-9759d30fd521	65
2026-10-05 17:05:53.749	2026-10-05 19:05:53.749	GET	200	/rest/v1/coin_config	?select=value&key=eq.opla_sortie_le	serveur-fonction-edge	6b2057a9-ee51-4070-8732-9759d30fd521	36
2026-10-05 17:05:53.796	2026-10-05 19:05:53.796	GET	200	/rest/v1/profiles	?select=extension_postes&id=eq.6b2057a9-ee51-4070-8732-9759d30fd521	serveur-fonction-edge		60
2026-10-05 17:05:53.925	2026-10-05 19:05:53.925	PATCH	204	/rest/v1/profiles	?id=eq.6b2057a9-ee51-4070-8732-9759d30fd521	serveur-fonction-edge		44
2026-10-05 17:05:53.982	2026-10-05 19:05:53.982	GET	200	/rest/v1/cross_post_jobs	?select=id&user_id=eq.6b2057a9-ee51-4070-8732-9759d30fd521&platform=eq.vinted&status=eq.pending&platform_fields->attente_antirobot_compte=not.is.null&limit=1	serveur-fonction-edge	6b2057a9-ee51-4070-8732-9759d30fd521	34
2026-10-05 17:05:54.027	2026-10-05 19:05:54.027	GET	200	/rest/v1/cross_post_jobs	?select=id,platform,action,status,title,description,price,photos,photo_option,platform_fields,inventaire_id,listing_url,platform_listing_id,created_at,error,inventaire:inventaire_id(vinted_item_id,disparu_le,vinted_status)&status=in.(pending,processing,needs_user)&voie=eq.extension&order=created_at.asc	serveur-fonction-edge	6b2057a9-ee51-4070-8732-9759d30fd521	39
2026-10-05 17:05:54.081	2026-10-05 19:05:54.081	GET	200	/rest/v1/platform_health	?select=platform,paused&paused=eq.true	serveur-fonction-edge	6b2057a9-ee51-4070-8732-9759d30fd521	36
2026-10-05 17:05:54.132	2026-10-05 19:05:54.132	GET	200	/rest/v1/inventaire	?select=id,statut,quantite&id=in.(1791218520498)	serveur-fonction-edge	6b2057a9-ee51-4070-8732-9759d30fd521	34
2026-10-05 17:05:54.180	2026-10-05 19:05:54.180	GET	200	/rest/v1/cross_post_jobs	?select=id,inventaire_id,platform&inventaire_id=in.(1791218520498)&action=in.(publish,republish)&status=eq.published&platform_fields->>sale_signal=eq.sold	serveur-fonction-edge	6b2057a9-ee51-4070-8732-9759d30fd521	35
2026-10-05 17:05:54.228	2026-10-05 19:05:54.228	GET	200	/rest/v1/cross_post_jobs	?select=id,platform,action,status,title,description,price,photos,photo_option,platform_fields,inventaire_id,listing_url,platform_listing_id,created_at,error&platform=eq.leboncoin&action=eq.republish&status=in.(needs_user,failed)&inventaire_id=not.is.null&limit=20	serveur-fonction-edge	6b2057a9-ee51-4070-8732-9759d30fd521	36
2026-10-05 17:05:54.275	2026-10-05 19:05:54.275	GET	200	/rest/v1/vinted_sync_runs	?select=status,items_vus,items_crees,items_maj,total_entries,queued_at,started_at,finished_at,erreur&kind=eq.dressing&order=started_at.desc&limit=1	serveur-fonction-edge	6b2057a9-ee51-4070-8732-9759d30fd521	35
2026-10-05 17:05:54.322	2026-10-05 19:05:54.322	GET	200	/rest/v1/profiles	?select=extension_sessions&id=eq.6b2057a9-ee51-4070-8732-9759d30fd521	serveur-fonction-edge	6b2057a9-ee51-4070-8732-9759d30fd521	35
2026-10-05 17:05:54.369	2026-10-05 19:05:54.369	POST	200	/rest/v1/rpc/plateformes_verite		serveur-fonction-edge	6b2057a9-ee51-4070-8732-9759d30fd521	37
2026-10-05 17:05:54.415	2026-10-05 19:05:54.415	GET	200	/rest/v1/cross_post_jobs	?select=id,inventaire_id&status=eq.needs_user&action=neq.delete	serveur-fonction-edge	6b2057a9-ee51-4070-8732-9759d30fd521	38
2026-10-05 17:05:54.464	2026-10-05 19:05:54.464	GET	200	/rest/v1/inventaire	?select=id,attributs,titre,vinted_catalog_id&id=in.(1791218520498)	serveur-fonction-edge	6b2057a9-ee51-4070-8732-9759d30fd521	34
2026-10-05 17:05:54.511	2026-10-05 19:05:54.511	GET	200	/rest/v1/coin_config	?select=value&key=eq.keepalive_actif	serveur-fonction-edge	6b2057a9-ee51-4070-8732-9759d30fd521	34
2026-10-05 17:05:54.558	2026-10-05 19:05:54.558	GET	200	/rest/v1/profiles	?select=beta_flags&id=eq.6b2057a9-ee51-4070-8732-9759d30fd521	serveur-fonction-edge	6b2057a9-ee51-4070-8732-9759d30fd521	36
2026-10-05 17:05:54.604	2026-10-05 19:05:54.604	GET	200	/rest/v1/coin_config	?select=value&key=eq.prevol_copie_actif	serveur-fonction-edge	6b2057a9-ee51-4070-8732-9759d30fd521	37
2026-10-05 17:06:02.369	2026-10-05 19:06:02.369	GET	200	/rest/v1/profiles	?select=id,extension_last_seen_at&id=in.(197618d0-2a10-433c-acb4-1b6fa777cfc9,28865d04-f043-43de-8963-10ee3521b825,42eab075-66f2-49de-8e44-212377cfaf41,44ebf889-b371-458b-948a-2c4d77fb1a24,4920948d-9479-46b6-9c9e-33a710ca33e0,63b80b36-be5a-41a4-bf31-c5f680e28dd6,6b2057a9-ee51-4070-8732-9759d30fd521,7c5f4407-2322-4ab6-9915-c5b33fdc34bf,7ef60490-cbf1-45ad-a135-af8b1520b52f,82e64f14-4d39-4385-b871-ce…	serveur-fonction-edge		21
2026-10-05 17:06:03.964	2026-10-05 19:06:03.964	GET	200	/rest/v1/profiles	?select=id&ebay_voie_api=eq.true&id=in.(c7dc5abb-18f5-4d5e-8b35-52c1cccc4816,42eab075-66f2-49de-8e44-212377cfaf41,2eec0ad9-784e-419f-ad00-0df1fbfbb457,90739125-8f1c-4d26-a4a5-048eed4b1c0f,53efea05-dc2d-4467-a8cd-c6fa52a47a61,b20fb960-7826-4bab-b107-a388d9824009,577dce4b-0a9d-465d-8993-bab4dddba9cb,bfce1264-4aac-49e9-b2fe-3c4706a8e449,f6a86c0d-d617-4a4a-8a8d-c30a07ac3233,3fd46214-cd67-44c5-b05e-8da…	serveur-fonction-edge		18
2026-10-05 17:06:04.015	2026-10-05 19:06:04.015	GET	200	/rest/v1/cross_post_jobs	?select=id,user_id,error,platform_fields&platform=eq.ebay&action=eq.publish&voie=eq.extension&status=eq.pending&user_id=in.(8b78a7ce-3816-49ee-8bb3-511d4f860491,f6a86c0d-d617-4a4a-8a8d-c30a07ac3233,c7dc5abb-18f5-4d5e-8b35-52c1cccc4816,53efea05-dc2d-4467-a8cd-c6fa52a47a61,1661c65c-83ab-43c6-8595-c68f207d1477,52ac8bfb-ed9b-4a55-a632-d71308a0f8da,f8b8bbad-01e4-4800-89b7-f4cf77f1c8df,3d9caa6d-bf05-4ba…	serveur-fonction-edge		13
2026-10-05 17:06:06.521	2026-10-05 19:06:06.521	POST	200	/storage/v1/object/listing-photos/6b2057a9-ee51-4070-8732-9759d30fd521/rapatrie-fiche/1791219480249/1791219961404_0.jpg		serveur-fonction-edge		82
2026-10-05 17:06:06.738	2026-10-05 19:06:06.738	POST	200	/storage/v1/object/listing-photos/6b2057a9-ee51-4070-8732-9759d30fd521/rapatrie-fiche/1791219480249/1791219961404_1.jpg		serveur-fonction-edge		91
2026-10-05 17:06:06.964	2026-10-05 19:06:06.964	POST	200	/storage/v1/object/listing-photos/6b2057a9-ee51-4070-8732-9759d30fd521/rapatrie-fiche/1791219480249/1791219961404_2.jpg		serveur-fonction-edge		84
2026-10-05 17:06:07.061	2026-10-05 19:06:07.061	PATCH	204	/rest/v1/inventaire	?id=eq.1791219480249&user_id=eq.6b2057a9-ee51-4070-8732-9759d30fd521	serveur-fonction-edge		15
2026-10-05 17:06:07.089	2026-10-05 19:06:07.089	PATCH	204	/rest/v1/inventaire	?id=eq.1791219480249&user_id=eq.6b2057a9-ee51-4070-8732-9759d30fd521	serveur-fonction-edge		16
2026-10-05 17:06:07.134	2026-10-05 19:06:07.134	POST	200	/storage/v1/object/listing-photos/6b2057a9-ee51-4070-8732-9759d30fd521/rapatrie-fiche/1791219480334/1791219961404_0.jpg		serveur-fonction-edge		93
2026-10-05 17:06:07.339	2026-10-05 19:06:07.339	POST	200	/storage/v1/object/listing-photos/6b2057a9-ee51-4070-8732-9759d30fd521/rapatrie-fiche/1791219480334/1791219961404_1.jpg		serveur-fonction-edge		67
2026-10-05 17:06:07.419	2026-10-05 19:06:07.419	PATCH	204	/rest/v1/inventaire	?id=eq.1791219480334&user_id=eq.6b2057a9-ee51-4070-8732-9759d30fd521	serveur-fonction-edge		14
2026-10-05 17:06:07.447	2026-10-05 19:06:07.447	PATCH	204	/rest/v1/inventaire	?id=eq.1791219480334&user_id=eq.6b2057a9-ee51-4070-8732-9759d30fd521	serveur-fonction-edge		14
2026-10-05 17:06:38.943	2026-10-05 19:06:38.943	GET	200	/rest/v1/cross_post_jobs	?select=id,platform,action,title,inventaire_id,created_at,platform_fields&status=eq.processing	extension-pc	6b2057a9-ee51-4070-8732-9759d30fd521	42
2026-10-05 17:06:38.943	2026-10-05 19:06:38.943	GET	200	/rest/v1/cross_post_jobs	?select=id,platform_fields&platform=eq.opla&status=eq.needs_user&platform_fields->>needs_user_source=eq.opla_acces&limit=200	extension-pc	6b2057a9-ee51-4070-8732-9759d30fd521	53
2026-10-05 17:06:38.944	2026-10-05 19:06:38.944	GET	200	/rest/v1/vinted_sync_runs	?id=eq.62e212b5-6adc-4cbb-bdea-962e414ee2db&select=id,status,page_suivante,items_vus,updated_at,declencheur&limit=1	extension-pc	6b2057a9-ee51-4070-8732-9759d30fd521	46
2026-10-05 17:06:39.114	2026-10-05 19:06:39.114	GET	200	/auth/v1/user		serveur-fonction-edge	6b2057a9-ee51-4070-8732-9759d30fd521	50
2026-10-05 17:06:39.183	2026-10-05 19:06:39.183	GET	200	/rest/v1/coin_config	?select=value&key=eq.opla_sortie_le	serveur-fonction-edge	6b2057a9-ee51-4070-8732-9759d30fd521	53
2026-10-05 17:06:39.262	2026-10-05 19:06:39.262	GET	200	/rest/v1/profiles	?select=extension_postes&id=eq.6b2057a9-ee51-4070-8732-9759d30fd521	serveur-fonction-edge		49
2026-10-05 17:06:39.377	2026-10-05 19:06:39.377	PATCH	204	/rest/v1/profiles	?id=eq.6b2057a9-ee51-4070-8732-9759d30fd521	serveur-fonction-edge		44
2026-10-05 17:06:39.443	2026-10-05 19:06:39.443	GET	200	/rest/v1/cross_post_jobs	?select=id&user_id=eq.6b2057a9-ee51-4070-8732-9759d30fd521&platform=eq.vinted&status=eq.pending&platform_fields->attente_antirobot_compte=not.is.null&limit=1	serveur-fonction-edge	6b2057a9-ee51-4070-8732-9759d30fd521	33
2026-10-05 17:06:39.488	2026-10-05 19:06:39.488	GET	200	/rest/v1/cross_post_jobs	?select=id,platform,action,status,title,description,price,photos,photo_option,platform_fields,inventaire_id,listing_url,platform_listing_id,created_at,error,inventaire:inventaire_id(vinted_item_id,disparu_le,vinted_status)&status=in.(pending,processing,needs_user)&voie=eq.extension&order=created_at.asc	serveur-fonction-edge	6b2057a9-ee51-4070-8732-9759d30fd521	37
2026-10-05 17:06:39.537	2026-10-05 19:06:39.537	GET	200	/rest/v1/platform_health	?select=platform,paused&paused=eq.true	serveur-fonction-edge	6b2057a9-ee51-4070-8732-9759d30fd521	34
2026-10-05 17:06:39.603	2026-10-05 19:06:39.603	GET	200	/rest/v1/inventaire	?select=id,statut,quantite&id=in.(1791218520498)	serveur-fonction-edge	6b2057a9-ee51-4070-8732-9759d30fd521	31
2026-10-05 17:06:39.648	2026-10-05 19:06:39.648	GET	200	/rest/v1/cross_post_jobs	?select=id,inventaire_id,platform&inventaire_id=in.(1791218520498)&action=in.(publish,republish)&status=eq.published&platform_fields->>sale_signal=eq.sold	serveur-fonction-edge	6b2057a9-ee51-4070-8732-9759d30fd521	39
2026-10-05 17:06:39.699	2026-10-05 19:06:39.699	GET	200	/rest/v1/cross_post_jobs	?select=id,platform,action,status,title,description,price,photos,photo_option,platform_fields,inventaire_id,listing_url,platform_listing_id,created_at,error&platform=eq.leboncoin&action=eq.republish&status=in.(needs_user,failed)&inventaire_id=not.is.null&limit=20	serveur-fonction-edge	6b2057a9-ee51-4070-8732-9759d30fd521	36
2026-10-05 17:06:39.749	2026-10-05 19:06:39.749	GET	200	/rest/v1/vinted_sync_runs	?select=status,items_vus,items_crees,items_maj,total_entries,queued_at,started_at,finished_at,erreur&kind=eq.dressing&order=started_at.desc&limit=1	serveur-fonction-edge	6b2057a9-ee51-4070-8732-9759d30fd521	36
2026-10-05 17:06:39.797	2026-10-05 19:06:39.797	GET	200	/rest/v1/profiles	?select=extension_sessions&id=eq.6b2057a9-ee51-4070-8732-9759d30fd521	serveur-fonction-edge	6b2057a9-ee51-4070-8732-9759d30fd521	31
2026-10-05 17:06:39.838	2026-10-05 19:06:39.838	POST	200	/rest/v1/rpc/plateformes_verite		serveur-fonction-edge	6b2057a9-ee51-4070-8732-9759d30fd521	38
2026-10-05 17:06:39.886	2026-10-05 19:06:39.886	GET	200	/rest/v1/cross_post_jobs	?select=id,inventaire_id&status=eq.needs_user&action=neq.delete	serveur-fonction-edge	6b2057a9-ee51-4070-8732-9759d30fd521	33
2026-10-05 17:06:39.930	2026-10-05 19:06:39.930	GET	200	/rest/v1/inventaire	?select=id,attributs,titre,vinted_catalog_id&id=in.(1791218520498)	serveur-fonction-edge	6b2057a9-ee51-4070-8732-9759d30fd521	56
2026-10-05 17:06:39.997	2026-10-05 19:06:39.997	GET	200	/rest/v1/coin_config	?select=value&key=eq.keepalive_actif	serveur-fonction-edge	6b2057a9-ee51-4070-8732-9759d30fd521	41
2026-10-05 17:06:40.053	2026-10-05 19:06:40.053	GET	200	/rest/v1/profiles	?select=beta_flags&id=eq.6b2057a9-ee51-4070-8732-9759d30fd521	serveur-fonction-edge	6b2057a9-ee51-4070-8732-9759d30fd521	35
2026-10-05 17:06:40.098	2026-10-05 19:06:40.098	GET	200	/rest/v1/coin_config	?select=value&key=eq.prevol_copie_actif	serveur-fonction-edge	6b2057a9-ee51-4070-8732-9759d30fd521	31
2026-10-05 17:06:40.179	2026-10-05 19:06:40.179	GET	200	/rest/v1/cross_post_jobs	?select=id,platform_fields&platform=eq.opla&status=eq.needs_user&platform_fields->>needs_user_source=eq.opla_cookies&limit=200	extension-pc	6b2057a9-ee51-4070-8732-9759d30fd521	44
2026-10-05 17:06:40.403	2026-10-05 19:06:40.403	GET	200	/auth/v1/user		serveur-fonction-edge	6b2057a9-ee51-4070-8732-9759d30fd521	65
2026-10-05 17:06:40.519	2026-10-05 19:06:40.519	GET	200	/rest/v1/coin_config	?select=value&key=eq.opla_sortie_le	serveur-fonction-edge	6b2057a9-ee51-4070-8732-9759d30fd521	41
2026-10-05 17:06:40.586	2026-10-05 19:06:40.586	GET	200	/rest/v1/profiles	?select=extension_postes&id=eq.6b2057a9-ee51-4070-8732-9759d30fd521	serveur-fonction-edge		47
2026-10-05 17:06:40.770	2026-10-05 19:06:40.770	PATCH	204	/rest/v1/profiles	?id=eq.6b2057a9-ee51-4070-8732-9759d30fd521	serveur-fonction-edge		38
2026-10-05 17:06:40.826	2026-10-05 19:06:40.826	GET	200	/rest/v1/cross_post_jobs	?select=id,user_id,platform,action,status,error,handler_build,platform_fields&user_id=eq.6b2057a9-ee51-4070-8732-9759d30fd521&status=eq.needs_user&platform=in.(ebay,beebs,vinted,leboncoin)&action=in.(publish,republish,delete)&limit=50	serveur-fonction-edge		37
2026-10-05 17:06:40.879	2026-10-05 19:06:40.879	GET	200	/rest/v1/cross_post_jobs	?select=id,platform,action,status,error,inventaire_id,platform_fields&user_id=eq.6b2057a9-ee51-4070-8732-9759d30fd521&status=eq.needs_user&platform=eq.leboncoin&action=eq.republish&platform_fields->gardes->prevol_page->>verdict=eq.bloque&limit=30	serveur-fonction-edge		39
2026-10-05 17:06:40.934	2026-10-05 19:06:40.934	GET	200	/rest/v1/cross_post_jobs	?select=id,error,platform_fields&user_id=eq.6b2057a9-ee51-4070-8732-9759d30fd521&status=eq.needs_user&platform=eq.vinted&action=eq.republish&platform_fields->>republish_step=eq.captured&platform_fields->canal_coupe_rejoue=not.is.null&limit=30	serveur-fonction-edge		37
2026-10-05 17:06:40.989	2026-10-05 19:06:40.989	GET	200	/rest/v1/cross_post_jobs	?select=id,platform,action,title,error,platform_fields&user_id=eq.6b2057a9-ee51-4070-8732-9759d30fd521&status=in.(needs_user,failed)&platform=in.(vinted,ebay)&created_at=gte.2026-09-21T17:06:40.980Z&limit=60	serveur-fonction-edge		48
2026-10-05 17:06:41.054	2026-10-05 19:06:41.054	GET	200	/rest/v1/cross_post_jobs	?select=id,platform,action,status,created_at,error,listing_url,platform_listing_id,platform_fields&user_id=eq.6b2057a9-ee51-4070-8732-9759d30fd521&action=eq.delete&status=in.(needs_user,failed)&platform=in.(leboncoin,ebay,beebs,opla)&created_at=gte.2026-09-05T17:06:41.043Z&limit=20	serveur-fonction-edge		41
2026-10-05 17:06:41.113	2026-10-05 19:06:41.113	GET	200	/rest/v1/cross_post_jobs	?select=id,status,created_at,error,platform_listing_id,listing_url,platform_fields&user_id=eq.6b2057a9-ee51-4070-8732-9759d30fd521&platform=eq.vinted&action=eq.delete&status=in.(pending,needs_user,failed)&created_at=gte.2026-09-05T17:06:41.103Z&limit=20	serveur-fonction-edge		42
2026-10-05 17:06:41.170	2026-10-05 19:06:41.170	GET	200	/rest/v1/cross_post_jobs	?select=id,platform_fields&user_id=eq.6b2057a9-ee51-4070-8732-9759d30fd521&platform=eq.beebs&action=in.(publish,republish)&status=eq.published&platform_listing_id=is.null&listing_url=is.null&platform_fields->lien_en_attente=not.is.null&limit=50	serveur-fonction-edge		37
2026-10-05 17:06:41.226	2026-10-05 19:06:41.226	GET	200	/rest/v1/cross_post_jobs	?select=id,platform,action,status,title,error,inventaire_id,platform_fields&user_id=eq.6b2057a9-ee51-4070-8732-9759d30fd521&status=eq.needs_user&platform=eq.vinted&action=eq.republish&platform_fields->>republish_step=eq.deleted&limit=20	serveur-fonction-edge		37
2026-10-05 17:06:41.282	2026-10-05 19:06:41.282	GET	200	/rest/v1/cross_post_jobs	?select=id,inventaire_id,error,platform_fields&user_id=eq.6b2057a9-ee51-4070-8732-9759d30fd521&platform=eq.vinted&action=eq.republish&status=eq.cancelled&platform_fields->gel_livres_le=not.is.null&platform_fields->gel_livres_leve_le=is.null&limit=200	serveur-fonction-edge		37
2026-10-05 17:06:41.340	2026-10-05 19:06:41.340	GET	200	/rest/v1/cross_post_jobs	?select=id&user_id=eq.6b2057a9-ee51-4070-8732-9759d30fd521&platform=eq.vinted&status=eq.pending&platform_fields->attente_antirobot_compte=not.is.null&limit=1	serveur-fonction-edge	6b2057a9-ee51-4070-8732-9759d30fd521	35
2026-10-05 17:06:41.391	2026-10-05 19:06:41.391	POST	200	/rest/v1/rpc/purger_ma_sync_queue		serveur-fonction-edge	6b2057a9-ee51-4070-8732-9759d30fd521	38
2026-10-05 17:06:41.445	2026-10-05 19:06:41.445	GET	200	/rest/v1/vinted_sync_runs	?select=id&kind=eq.dressing&status=eq.queued&queued_at=gte.2026-10-05T11:06:41.434Z&order=queued_at.asc&limit=1	serveur-fonction-edge	6b2057a9-ee51-4070-8732-9759d30fd521	36
2026-10-05 17:06:41.497	2026-10-05 19:06:41.497	GET	200	/rest/v1/vinted_sync_runs	?select=id,kind,platform,declencheur,erreur,queued_at,finished_at&user_id=eq.6b2057a9-ee51-4070-8732-9759d30fd521&status=eq.expired&claimed_at=is.null&queued_at=not.is.null&kind=in.(annonces,dressing)&finished_at=gte.2026-10-02T17:06:41.487Z&order=queued_at.desc&limit=20	serveur-fonction-edge		40
2026-10-05 17:06:41.613	2026-10-05 19:06:41.613	GET	200	/rest/v1/vinted_sync_runs	?select=id,platform,queued_at&kind=eq.annonces&status=eq.queued&queued_at=gte.2026-10-05T11:06:41.601Z&order=queued_at.asc&limit=4	serveur-fonction-edge	6b2057a9-ee51-4070-8732-9759d30fd521	43
2026-10-05 17:06:41.673	2026-10-05 19:06:41.673	GET	200	/rest/v1/vinted_sync_runs	?select=id,platform,declencheur&kind=eq.connexion&status=eq.queued&queued_at=gte.2026-10-05T16:56:41.662Z&order=queued_at.asc&limit=3	serveur-fonction-edge	6b2057a9-ee51-4070-8732-9759d30fd521	36
2026-10-05 17:06:41.728	2026-10-05 19:06:41.728	GET	200	/rest/v1/cross_post_jobs	?select=id,action,platform,platform_fields,inventaire_id,listing_url,platform_listing_id,inventaire:inventaire_id(vinted_account_id)&user_id=eq.6b2057a9-ee51-4070-8732-9759d30fd521&status=eq.needs_user&voie=eq.extension&platform_fields->>needs_user_source=eq.boutique_etrangere&platform_fields->boutique_etrangere->>motif=in.(session_inconnue,origine_inconnue,boutique_etrangere)&order=created_at.asc…	serveur-fonction-edge	6b2057a9-ee51-4070-8732-9759d30fd521	36
2026-10-05 17:06:41.778	2026-10-05 19:06:41.778	GET	200	/rest/v1/cross_post_jobs	?select=id,platform,action,status,title,description,price,photos,photo_option,platform_fields,inventaire_id,listing_url,platform_listing_id,created_at,error&status=in.(pending)&voie=eq.extension&order=created_at.asc	serveur-fonction-edge	6b2057a9-ee51-4070-8732-9759d30fd521	38
2026-10-05 17:06:41.832	2026-10-05 19:06:41.832	GET	200	/rest/v1/platform_health	?select=platform,paused&paused=eq.true	serveur-fonction-edge	6b2057a9-ee51-4070-8732-9759d30fd521	35
2026-10-05 17:06:41.879	2026-10-05 19:06:41.879	GET	200	/rest/v1/cross_post_jobs	?select=*&user_id=eq.6b2057a9-ee51-4070-8732-9759d30fd521&platform=eq.vinted&action=eq.republish&status=eq.needs_user&platform_fields->capture_id=not.is.null&platform_fields->server_required_fields=not.is.null&limit=20	serveur-fonction-edge		39
2026-10-05 17:06:41.936	2026-10-05 19:06:41.936	GET	200	/rest/v1/cross_post_jobs	?select=id,platform,action,status,title,description,price,photos,photo_option,platform_fields,inventaire_id,listing_url,platform_listing_id,created_at,error&platform=eq.leboncoin&action=eq.republish&status=in.(needs_user,failed)&inventaire_id=not.is.null&limit=20	serveur-fonction-edge	6b2057a9-ee51-4070-8732-9759d30fd521	37
2026-10-05 17:06:42.001	2026-10-05 19:06:42.001	GET	200	/rest/v1/coin_config	?select=value&key=eq.keepalive_actif	serveur-fonction-edge	6b2057a9-ee51-4070-8732-9759d30fd521	40
2026-10-05 17:06:42.055	2026-10-05 19:06:42.055	GET	200	/rest/v1/profiles	?select=beta_flags&id=eq.6b2057a9-ee51-4070-8732-9759d30fd521	serveur-fonction-edge	6b2057a9-ee51-4070-8732-9759d30fd521	34
2026-10-05 17:06:42.101	2026-10-05 19:06:42.101	GET	200	/rest/v1/coin_config	?select=value&key=eq.prevol_copie_actif	serveur-fonction-edge	6b2057a9-ee51-4070-8732-9759d30fd521	36
2026-10-05 17:06:43.440	2026-10-05 19:06:43.440	POST	201	/rest/v1/usage_logs		extension-pc	6b2057a9-ee51-4070-8732-9759d30fd521	46
2026-10-05 17:06:43.441	2026-10-05 19:06:43.441	GET	200	/rest/v1/cross_post_jobs	?select=id,platform,action,title,created_at,published_at,platform_fields,reservation_id,platform_listing_id&status=eq.published&action=in.(publish,republish)&listing_url=is.null&platform=in.(leboncoin,beebs,ebay)&order=published_at.asc.nullslast,created_at.asc&limit=100	extension-pc	6b2057a9-ee51-4070-8732-9759d30fd521	53
2026-10-05 17:06:45.225	2026-10-05 19:06:45.225	GET	200	/rest/v1/cross_post_jobs	?select=id,platform,action,inventaire_id,listing_url,last_checked_at,published_at,created_at,platform_fields&status=eq.published&action=in.(publish,republish)&listing_url=not.is.null&order=last_checked_at.asc.nullsfirst&limit=60	extension-pc	6b2057a9-ee51-4070-8732-9759d30fd521	40
2026-10-05 17:06:48.892	2026-10-05 19:06:48.892	GET	200	/rest/v1/profiles	?id=eq.6b2057a9-ee51-4070-8732-9759d30fd521&select=is_pro,is_business,platform_settings	extension-pc	6b2057a9-ee51-4070-8732-9759d30fd521	53
2026-10-05 17:06:57.804	2026-10-05 19:06:57.804	GET	200	/rest/v1/annonces_plateforme	?select=id,platform,inventaire_id,vues,favoris,vu_le&user_id=eq.6b2057a9-ee51-4070-8732-9759d30fd521&inventaire_id=not.is.null&disparu_le=is.null&order=id.asc&limit=500	web-pc-chrome154	6b2057a9-ee51-4070-8732-9759d30fd521	49
2026-10-05 17:07:01.056	2026-10-05 19:07:01.056	GET	200	/rest/v1/annonces_plateforme	?select=id,listing_id,donnees_index&user_id=eq.6b2057a9-ee51-4070-8732-9759d30fd521&platform=eq.beebs&listing_id=in.(34056351,34056436,34056492,34078210)	serveur-fonction-edge		16
2026-10-05 17:07:10.440	2026-10-05 19:07:10.440	GET	200	/rest/v1/vinted_sync_runs	?select=id,status,page_suivante,total_pages,total_entries,items_vus,items_crees,items_maj,erreur,started_at,finished_at,vinted_login,vinted_user_id&user_id=eq.6b2057a9-ee51-4070-8732-9759d30fd521&kind=eq.dressing&order=started_at.desc&limit=1	web-pc-chrome154	6b2057a9-ee51-4070-8732-9759d30fd521	47
2026-10-05 17:07:10.441	2026-10-05 19:07:10.441	GET	200	/rest/v1/annonces_plateforme	?select=id,platform,inventaire_id,vues,favoris,vu_le&user_id=eq.6b2057a9-ee51-4070-8732-9759d30fd521&inventaire_id=not.is.null&disparu_le=is.null&order=id.asc&limit=500&id=gt.f3f1c690-5fa5-4428-b927-5792a6b568d7	web-pc-chrome154	6b2057a9-ee51-4070-8732-9759d30fd521	42
2026-10-05 17:08:03.480	2026-10-05 19:08:03.480	GET	200	/rest/v1/profiles	?select=id&ebay_voie_api=eq.true&id=in.(c7dc5abb-18f5-4d5e-8b35-52c1cccc4816,42eab075-66f2-49de-8e44-212377cfaf41,2eec0ad9-784e-419f-ad00-0df1fbfbb457,90739125-8f1c-4d26-a4a5-048eed4b1c0f,53efea05-dc2d-4467-a8cd-c6fa52a47a61,b20fb960-7826-4bab-b107-a388d9824009,577dce4b-0a9d-465d-8993-bab4dddba9cb,bfce1264-4aac-49e9-b2fe-3c4706a8e449,f6a86c0d-d617-4a4a-8a8d-c30a07ac3233,3fd46214-cd67-44c5-b05e-8da…	serveur-fonction-edge		10
2026-10-05 17:08:05.687	2026-10-05 19:08:05.687	GET	200	/rest/v1/coin_config	?select=value&key=eq.opla_sortie_le	web-pc-chrome154	6b2057a9-ee51-4070-8732-9759d30fd521	54
2026-10-05 17:08:15.036	2026-10-05 19:08:15.036	GET	200	/rest/v1/vinted_sync_runs	?select=id,status,page_suivante,total_pages,total_entries,items_vus,items_crees,items_maj,erreur,started_at,finished_at,vinted_login,vinted_user_id&user_id=eq.6b2057a9-ee51-4070-8732-9759d30fd521&kind=eq.dressing&order=started_at.desc&limit=1	web-pc-chrome154	6b2057a9-ee51-4070-8732-9759d30fd521	44
2026-10-05 17:08:38.939	2026-10-05 19:08:38.939	GET	200	/rest/v1/cross_post_jobs	?user_id=eq.6b2057a9-ee51-4070-8732-9759d30fd521&platform=eq.beebs&status=eq.published&action=in.(publish,republish)&select=id&limit=1	extension-pc	6b2057a9-ee51-4070-8732-9759d30fd521	49
2026-10-05 17:08:39.717	2026-10-05 19:08:39.717	GET	200	/rest/v1/coin_config	?key=eq.sync_multi_ouverte&select=value	extension-pc	6b2057a9-ee51-4070-8732-9759d30fd521	45
2026-10-05 17:08:41.056	2026-10-05 19:08:41.056	GET	200	/rest/v1/vinted_sync_runs	?user_id=eq.6b2057a9-ee51-4070-8732-9759d30fd521&kind=eq.annonces&platform=eq.beebs&status=eq.done&select=finished_at&order=finished_at.desc&limit=1	extension-pc	6b2057a9-ee51-4070-8732-9759d30fd521	40
2026-10-05 17:08:57.824	2026-10-05 19:08:57.824	GET	200	/rest/v1/annonces_plateforme	?select=id,platform,inventaire_id,vues,favoris,vu_le&user_id=eq.6b2057a9-ee51-4070-8732-9759d30fd521&inventaire_id=not.is.null&disparu_le=is.null&order=id.asc&limit=500&id=gt.f3f1c690-5fa5-4428-b927-5792a6b568d7	web-pc-chrome154	6b2057a9-ee51-4070-8732-9759d30fd521	105
2026-10-05 17:09:01.458	2026-10-05 19:09:01.458	GET	200	/rest/v1/profiles	?select=id,extension_last_seen_at&id=in.(6b2057a9-ee51-4070-8732-9759d30fd521)	serveur-fonction-edge		15
2026-10-05 17:09:07.388	2026-10-05 19:09:07.388	GET	200	/rest/v1/vinted_sync_runs	?select=id,status,page_suivante,total_pages,total_entries,items_vus,items_crees,items_maj,erreur,started_at,finished_at,vinted_login,vinted_user_id&user_id=eq.6b2057a9-ee51-4070-8732-9759d30fd521&kind=eq.dressing&order=started_at.desc&limit=1	web-pc-chrome154	6b2057a9-ee51-4070-8732-9759d30fd521	55
2026-10-05 17:09:07.752	2026-10-05 19:09:07.752	GET	200	/rest/v1/cross_post_jobs	?user_id=eq.6b2057a9-ee51-4070-8732-9759d30fd521&platform=eq.ebay&status=eq.published&action=in.(publish,republish)&select=id&limit=1	extension-pc	6b2057a9-ee51-4070-8732-9759d30fd521	46
2026-10-05 17:09:07.820	2026-10-05 19:09:07.820	GET	200	/rest/v1/coin_config	?key=eq.sync_multi_ouverte&select=value	extension-pc	6b2057a9-ee51-4070-8732-9759d30fd521	33
2026-10-05 17:09:07.874	2026-10-05 19:09:07.874	GET	200	/rest/v1/vinted_sync_runs	?user_id=eq.6b2057a9-ee51-4070-8732-9759d30fd521&kind=eq.annonces&platform=eq.ebay&status=eq.done&select=finished_at&order=finished_at.desc&limit=1	extension-pc	6b2057a9-ee51-4070-8732-9759d30fd521	38
2026-10-05 17:09:07.934	2026-10-05 19:09:07.934	GET	200	/rest/v1/coin_config	?key=eq.sync_multi_ouverte&select=value	extension-pc	6b2057a9-ee51-4070-8732-9759d30fd521	34
2026-10-05 17:09:07.992	2026-10-05 19:09:07.992	GET	200	/rest/v1/ventes	?user_id=eq.6b2057a9-ee51-4070-8732-9759d30fd521&plateforme_code=eq.vinted&commande_ref=not.is.null&select=commande_ref&order=id.desc&limit=1000&offset=0	extension-pc	6b2057a9-ee51-4070-8732-9759d30fd521	37
2026-10-05 17:09:08.735	2026-10-05 19:09:08.735	POST	200	/rest/v1/rpc/enregistrer_ventes_relevees		extension-pc	6b2057a9-ee51-4070-8732-9759d30fd521	48
2026-10-05 17:09:11.659	2026-10-05 19:09:11.659	GET	200	/rest/v1/ventes	?user_id=eq.6b2057a9-ee51-4070-8732-9759d30fd521&plateforme_code=eq.vinted&source=eq.releve&inventaire_id=is.null&commande_ref=not.is.null&select=commande_ref&order=vendu_le.desc.nullslast&limit=200&annonce_id=is.null	extension-pc	6b2057a9-ee51-4070-8732-9759d30fd521	34
2026-10-05 17:09:57.867	2026-10-05 19:09:57.867	GET	200	/rest/v1/coin_config	?key=eq.sync_multi_ouverte&select=value	extension-pc	6b2057a9-ee51-4070-8732-9759d30fd521	47
2026-10-05 17:09:59.304	2026-10-05 19:09:59.304	GET	200	/rest/v1/ventes	?user_id=eq.6b2057a9-ee51-4070-8732-9759d30fd521&plateforme_code=eq.leboncoin&commande_ref=not.is.null&select=commande_ref&order=id.desc&limit=1000&offset=0	extension-pc	6b2057a9-ee51-4070-8732-9759d30fd521	54
2026-10-05 17:10:03.934	2026-10-05 19:10:03.934	GET	200	/rest/v1/profiles	?select=id&ebay_voie_api=eq.true&id=in.(c7dc5abb-18f5-4d5e-8b35-52c1cccc4816,42eab075-66f2-49de-8e44-212377cfaf41,2eec0ad9-784e-419f-ad00-0df1fbfbb457,90739125-8f1c-4d26-a4a5-048eed4b1c0f,53efea05-dc2d-4467-a8cd-c6fa52a47a61,b20fb960-7826-4bab-b107-a388d9824009,577dce4b-0a9d-465d-8993-bab4dddba9cb,bfce1264-4aac-49e9-b2fe-3c4706a8e449,f6a86c0d-d617-4a4a-8a8d-c30a07ac3233,3fd46214-cd67-44c5-b05e-8da…	serveur-fonction-edge		12
2026-10-05 17:10:31.270	2026-10-05 19:10:31.270	GET	200	/auth/v1/user		serveur-fonction-edge	6b2057a9-ee51-4070-8732-9759d30fd521	48
2026-10-05 17:10:31.341	2026-10-05 19:10:31.341	GET	200	/rest/v1/coin_config	?select=value&key=eq.opla_sortie_le	serveur-fonction-edge	6b2057a9-ee51-4070-8732-9759d30fd521	39
2026-10-05 17:10:31.526	2026-10-05 19:10:31.526	PATCH	204	/rest/v1/profiles	?id=eq.6b2057a9-ee51-4070-8732-9759d30fd521	serveur-fonction-edge		44
2026-10-05 17:10:31.588	2026-10-05 19:10:31.588	GET	200	/rest/v1/cross_post_jobs	?select=id&user_id=eq.6b2057a9-ee51-4070-8732-9759d30fd521&platform=eq.vinted&status=eq.pending&platform_fields->attente_antirobot_compte=not.is.null&limit=1	serveur-fonction-edge	6b2057a9-ee51-4070-8732-9759d30fd521	43
2026-10-05 17:10:31.715	2026-10-05 19:10:31.715	GET	200	/rest/v1/platform_health	?select=platform,paused&paused=eq.true	serveur-fonction-edge	6b2057a9-ee51-4070-8732-9759d30fd521	36
2026-10-05 17:10:31.773	2026-10-05 19:10:31.773	GET	200	/rest/v1/inventaire	?select=id,statut,quantite&id=in.(1791218520498)	serveur-fonction-edge	6b2057a9-ee51-4070-8732-9759d30fd521	41
2026-10-05 17:10:31.836	2026-10-05 19:10:31.836	GET	200	/rest/v1/cross_post_jobs	?select=id,inventaire_id,platform&inventaire_id=in.(1791218520498)&action=in.(publish,republish)&status=eq.published&platform_fields->>sale_signal=eq.sold	serveur-fonction-edge	6b2057a9-ee51-4070-8732-9759d30fd521	35
2026-10-05 17:10:31.898	2026-10-05 19:10:31.898	GET	200	/rest/v1/cross_post_jobs	?select=id,platform,action,status,title,description,price,photos,photo_option,platform_fields,inventaire_id,listing_url,platform_listing_id,created_at,error&platform=eq.leboncoin&action=eq.republish&status=in.(needs_user,failed)&inventaire_id=not.is.null&limit=20	serveur-fonction-edge	6b2057a9-ee51-4070-8732-9759d30fd521	35
2026-10-05 17:10:31.950	2026-10-05 19:10:31.950	GET	200	/rest/v1/vinted_sync_runs	?select=status,items_vus,items_crees,items_maj,total_entries,queued_at,started_at,finished_at,erreur&kind=eq.dressing&order=started_at.desc&limit=1	serveur-fonction-edge	6b2057a9-ee51-4070-8732-9759d30fd521	38
2026-10-05 17:10:32.009	2026-10-05 19:10:32.009	GET	200	/rest/v1/profiles	?select=extension_sessions&id=eq.6b2057a9-ee51-4070-8732-9759d30fd521	serveur-fonction-edge	6b2057a9-ee51-4070-8732-9759d30fd521	35
2026-10-05 17:10:32.056	2026-10-05 19:10:32.056	POST	200	/rest/v1/rpc/plateformes_verite		serveur-fonction-edge	6b2057a9-ee51-4070-8732-9759d30fd521	43
2026-10-05 17:10:32.115	2026-10-05 19:10:32.115	GET	200	/rest/v1/cross_post_jobs	?select=id,inventaire_id&status=eq.needs_user&action=neq.delete	serveur-fonction-edge	6b2057a9-ee51-4070-8732-9759d30fd521	34
2026-10-05 17:10:32.165	2026-10-05 19:10:32.165	GET	200	/rest/v1/inventaire	?select=id,attributs,titre,vinted_catalog_id&id=in.(1791218520498)	serveur-fonction-edge	6b2057a9-ee51-4070-8732-9759d30fd521	34
2026-10-05 17:10:32.215	2026-10-05 19:10:32.215	GET	200	/rest/v1/coin_config	?select=value&key=eq.keepalive_actif	serveur-fonction-edge	6b2057a9-ee51-4070-8732-9759d30fd521	36
2026-10-05 17:10:32.266	2026-10-05 19:10:32.266	GET	200	/rest/v1/profiles	?select=beta_flags&id=eq.6b2057a9-ee51-4070-8732-9759d30fd521	serveur-fonction-edge	6b2057a9-ee51-4070-8732-9759d30fd521	38
2026-10-05 17:10:32.318	2026-10-05 19:10:32.318	GET	200	/rest/v1/coin_config	?select=value&key=eq.prevol_copie_actif	serveur-fonction-edge	6b2057a9-ee51-4070-8732-9759d30fd521	35
2026-10-05 17:10:34.785	2026-10-05 19:10:34.785	GET	200	/auth/v1/user		serveur-fonction-edge	6b2057a9-ee51-4070-8732-9759d30fd521	67
2026-10-05 17:10:35.085	2026-10-05 19:10:35.085	PATCH	204	/rest/v1/profiles	?id=eq.6b2057a9-ee51-4070-8732-9759d30fd521	serveur-fonction-edge		41
2026-10-05 17:10:35.141	2026-10-05 19:10:35.141	GET	200	/rest/v1/cross_post_jobs	?select=id,user_id,platform,action,status,error,handler_build,platform_fields&user_id=eq.6b2057a9-ee51-4070-8732-9759d30fd521&status=eq.needs_user&platform=in.(ebay,beebs,vinted,leboncoin)&action=in.(publish,republish,delete)&limit=50	serveur-fonction-edge		38
2026-10-05 17:10:35.402	2026-10-05 19:10:35.402	GET	200	/rest/v1/cross_post_jobs	?select=id,status,created_at,error,platform_listing_id,listing_url,platform_fields&user_id=eq.6b2057a9-ee51-4070-8732-9759d30fd521&platform=eq.vinted&action=eq.delete&status=in.(pending,needs_user,failed)&created_at=gte.2026-09-05T17:10:35.395Z&limit=20	serveur-fonction-edge		41
2026-10-05 17:10:35.504	2026-10-05 19:10:35.504	GET	200	/rest/v1/cross_post_jobs	?select=id,platform,action,status,title,error,inventaire_id,platform_fields&user_id=eq.6b2057a9-ee51-4070-8732-9759d30fd521&status=eq.needs_user&platform=eq.vinted&action=eq.republish&platform_fields->>republish_step=eq.deleted&limit=20	serveur-fonction-edge		38
2026-10-05 17:10:35.554	2026-10-05 19:10:35.554	GET	200	/rest/v1/cross_post_jobs	?select=id,inventaire_id,error,platform_fields&user_id=eq.6b2057a9-ee51-4070-8732-9759d30fd521&platform=eq.vinted&action=eq.republish&status=eq.cancelled&platform_fields->gel_livres_le=not.is.null&platform_fields->gel_livres_leve_le=is.null&limit=200	serveur-fonction-edge		38
2026-10-05 17:10:35.654	2026-10-05 19:10:35.654	POST	200	/rest/v1/rpc/purger_ma_sync_queue		serveur-fonction-edge	6b2057a9-ee51-4070-8732-9759d30fd521	38
2026-10-05 17:10:35.853	2026-10-05 19:10:35.853	GET	200	/rest/v1/vinted_sync_runs	?select=id,platform,queued_at&kind=eq.annonces&status=eq.queued&queued_at=gte.2026-10-05T11:10:35.847Z&order=queued_at.asc&limit=4	serveur-fonction-edge	6b2057a9-ee51-4070-8732-9759d30fd521	33
2026-10-05 17:10:35.897	2026-10-05 19:10:35.897	GET	200	/rest/v1/vinted_sync_runs	?select=id,platform,declencheur&kind=eq.connexion&status=eq.queued&queued_at=gte.2026-10-05T17:00:35.890Z&order=queued_at.asc&limit=3	serveur-fonction-edge	6b2057a9-ee51-4070-8732-9759d30fd521	33
2026-10-05 17:10:36.119	2026-10-05 19:10:36.119	GET	200	/auth/v1/user		serveur-fonction-edge	6b2057a9-ee51-4070-8732-9759d30fd521	72
2026-10-05 17:10:36.218	2026-10-05 19:10:36.218	GET	200	/rest/v1/profiles	?select=created_at,onboarded_at,is_premium,is_pro,is_business,is_comped&id=eq.6b2057a9-ee51-4070-8732-9759d30fd521	serveur-fonction-edge		56
2026-10-05 17:10:36.220	2026-10-05 19:10:36.220	GET	200	/rest/v1/usage_logs	?select=created_at&user_id=eq.6b2057a9-ee51-4070-8732-9759d30fd521&feature=eq.checkout_open&created_at=gte.2026-10-04T17:10:36.206Z&limit=5	serveur-fonction-edge		57
2026-10-05 17:10:36.223	2026-10-05 19:10:36.223	GET	200	/rest/v1/usage_logs	?select=created_at,metadata&user_id=eq.6b2057a9-ee51-4070-8732-9759d30fd521&feature=eq.avis_demande&order=created_at.desc&limit=50	serveur-fonction-edge		51
2026-10-05 17:10:36.225	2026-10-05 19:10:36.225	GET	200	/rest/v1/cross_post_jobs	?select=id,action,status,created_at,published_at,handler_build,pdr:platform_fields->pas_de_rouge,rs:platform_fields->retenue_serveur,rl:platform_fields->retenue_levee,os:platform_fields->opla_sortie&user_id=eq.6b2057a9-ee51-4070-8732-9759d30fd521&action=in.(publish,republish,delete)&or=(handler_build.is.null,and(handler_build.not.ilike.*releve-annonces*,handler_build.not.ilike.*sync-dressing*))&or…	serveur-fonction-edge		52
2026-10-05 17:10:36.228	2026-10-05 19:10:36.228	GET	200	/rest/v1/coin_ledger	?select=kind,created_at&user_id=eq.6b2057a9-ee51-4070-8732-9759d30fd521&kind=in.(grant_upgrade,purchase,grant_monthly)&created_at=gte.2026-10-04T17:10:36.206Z&limit=20	serveur-fonction-edge		51
2026-10-05 17:10:36.229	2026-10-05 19:10:36.229	GET	200	/rest/v1/cross_post_jobs	?select=id,action,status,created_at,handler_build,ps:platform_fields->>processing_since,naa:platform_fields->>next_action_after,os:platform_fields->opla_sortie&user_id=eq.6b2057a9-ee51-4070-8732-9759d30fd521&action=in.(publish,republish,delete)&status=in.(needs_user,failed,processing,pending)&or=(handler_build.is.null,and(handler_build.not.ilike.*releve-annonces*,handler_build.not.ilike.*sync-dres…	serveur-fonction-edge		104
2026-10-05 17:10:37.720	2026-10-05 19:10:37.720	GET	200	/rest/v1/cross_post_jobs	?select=id,platform,action,title,created_at,published_at,platform_fields,reservation_id,platform_listing_id&status=eq.published&action=in.(publish,republish)&listing_url=is.null&platform=in.(leboncoin,beebs,ebay)&order=published_at.asc.nullslast,created_at.asc&limit=100	extension-pc	6b2057a9-ee51-4070-8732-9759d30fd521	46
2026-10-05 17:10:38.844	2026-10-05 19:10:38.844	GET	200	/rest/v1/vinted_sync_runs	?id=eq.62e212b5-6adc-4cbb-bdea-962e414ee2db&select=id,status,page_suivante,items_vus,updated_at,declencheur&limit=1	extension-pc	6b2057a9-ee51-4070-8732-9759d30fd521	33
2026-10-05 17:10:39.765	2026-10-05 19:10:39.765	GET	200	/rest/v1/cross_post_jobs	?select=id,platform,action,inventaire_id,listing_url,last_checked_at,published_at,created_at,platform_fields&status=eq.published&action=in.(publish,republish)&listing_url=not.is.null&order=last_checked_at.asc.nullsfirst&limit=60	extension-pc	6b2057a9-ee51-4070-8732-9759d30fd521	39
2026-10-05 17:10:42.802	2026-10-05 19:10:42.802	GET	200	/auth/v1/user		serveur-fonction-edge	6b2057a9-ee51-4070-8732-9759d30fd521	51
2026-10-05 17:10:42.871	2026-10-05 19:10:42.871	GET	200	/rest/v1/coin_config	?select=value&key=eq.opla_sortie_le	serveur-fonction-edge	6b2057a9-ee51-4070-8732-9759d30fd521	31
2026-10-05 17:10:42.915	2026-10-05 19:10:42.915	GET	200	/rest/v1/profiles	?select=extension_postes&id=eq.6b2057a9-ee51-4070-8732-9759d30fd521	serveur-fonction-edge		46
2026-10-05 17:10:43.030	2026-10-05 19:10:43.030	PATCH	204	/rest/v1/profiles	?id=eq.6b2057a9-ee51-4070-8732-9759d30fd521	serveur-fonction-edge		40
2026-10-05 17:10:43.086	2026-10-05 19:10:43.086	GET	200	/rest/v1/cross_post_jobs	?select=id&user_id=eq.6b2057a9-ee51-4070-8732-9759d30fd521&platform=eq.vinted&status=eq.pending&platform_fields->attente_antirobot_compte=not.is.null&limit=1	serveur-fonction-edge	6b2057a9-ee51-4070-8732-9759d30fd521	38
2026-10-05 17:10:43.138	2026-10-05 19:10:43.138	GET	200	/rest/v1/cross_post_jobs	?select=id,platform,action,status,title,description,price,photos,photo_option,platform_fields,inventaire_id,listing_url,platform_listing_id,created_at,error,inventaire:inventaire_id(vinted_item_id,disparu_le,vinted_status)&status=in.(pending,processing,needs_user)&voie=eq.extension&order=created_at.asc	serveur-fonction-edge	6b2057a9-ee51-4070-8732-9759d30fd521	38
2026-10-05 17:10:43.238	2026-10-05 19:10:43.238	GET	200	/rest/v1/inventaire	?select=id,statut,quantite&id=in.(1791218520498)	serveur-fonction-edge	6b2057a9-ee51-4070-8732-9759d30fd521	33
2026-10-05 17:10:43.282	2026-10-05 19:10:43.282	GET	200	/rest/v1/cross_post_jobs	?select=id,inventaire_id,platform&inventaire_id=in.(1791218520498)&action=in.(publish,republish)&status=eq.published&platform_fields->>sale_signal=eq.sold	serveur-fonction-edge	6b2057a9-ee51-4070-8732-9759d30fd521	36
2026-10-05 17:10:43.331	2026-10-05 19:10:43.331	GET	200	/rest/v1/cross_post_jobs	?select=id,platform,action,status,title,description,price,photos,photo_option,platform_fields,inventaire_id,listing_url,platform_listing_id,created_at,error&platform=eq.leboncoin&action=eq.republish&status=in.(needs_user,failed)&inventaire_id=not.is.null&limit=20	serveur-fonction-edge	6b2057a9-ee51-4070-8732-9759d30fd521	35
2026-10-05 17:10:43.377	2026-10-05 19:10:43.377	GET	200	/rest/v1/vinted_sync_runs	?select=status,items_vus,items_crees,items_maj,total_entries,queued_at,started_at,finished_at,erreur&kind=eq.dressing&order=started_at.desc&limit=1	serveur-fonction-edge	6b2057a9-ee51-4070-8732-9759d30fd521	34
2026-10-05 17:10:43.474	2026-10-05 19:10:43.474	POST	200	/rest/v1/rpc/plateformes_verite		serveur-fonction-edge	6b2057a9-ee51-4070-8732-9759d30fd521	39
2026-10-05 17:10:43.544	2026-10-05 19:10:43.544	GET	200	/rest/v1/cross_post_jobs	?select=id,inventaire_id&status=eq.needs_user&action=neq.delete	serveur-fonction-edge	6b2057a9-ee51-4070-8732-9759d30fd521	35
2026-10-05 17:10:43.592	2026-10-05 19:10:43.592	GET	200	/rest/v1/inventaire	?select=id,attributs,titre,vinted_catalog_id&id=in.(1791218520498)	serveur-fonction-edge	6b2057a9-ee51-4070-8732-9759d30fd521	33
2026-10-05 17:10:43.638	2026-10-05 19:10:43.638	GET	200	/rest/v1/coin_config	?select=value&key=eq.keepalive_actif	serveur-fonction-edge	6b2057a9-ee51-4070-8732-9759d30fd521	33
2026-10-05 17:10:43.681	2026-10-05 19:10:43.681	GET	200	/rest/v1/profiles	?select=beta_flags&id=eq.6b2057a9-ee51-4070-8732-9759d30fd521	serveur-fonction-edge	6b2057a9-ee51-4070-8732-9759d30fd521	32
2026-10-05 17:10:43.723	2026-10-05 19:10:43.723	GET	200	/rest/v1/coin_config	?select=value&key=eq.prevol_copie_actif	serveur-fonction-edge	6b2057a9-ee51-4070-8732-9759d30fd521	31
2026-10-05 17:10:44.557	2026-10-05 19:10:44.557	GET	200	/rest/v1/coin_config	?select=value&key=eq.opla_sortie_le	serveur-fonction-edge	6b2057a9-ee51-4070-8732-9759d30fd521	42
2026-10-05 17:10:44.784	2026-10-05 19:10:44.784	PATCH	204	/rest/v1/profiles	?id=eq.6b2057a9-ee51-4070-8732-9759d30fd521	serveur-fonction-edge		38
2026-10-05 17:10:44.972	2026-10-05 19:10:44.972	GET	200	/rest/v1/cross_post_jobs	?select=id,error,platform_fields&user_id=eq.6b2057a9-ee51-4070-8732-9759d30fd521&status=eq.needs_user&platform=eq.vinted&action=eq.republish&platform_fields->>republish_step=eq.captured&platform_fields->canal_coupe_rejoue=not.is.null&limit=30	serveur-fonction-edge		44
2026-10-05 17:10:45.030	2026-10-05 19:10:45.030	GET	200	/rest/v1/cross_post_jobs	?select=id,platform,action,title,error,platform_fields&user_id=eq.6b2057a9-ee51-4070-8732-9759d30fd521&status=in.(needs_user,failed)&platform=in.(vinted,ebay)&created_at=gte.2026-09-21T17:10:45.023Z&limit=60	serveur-fonction-edge		39
2026-10-05 17:10:45.138	2026-10-05 19:10:45.138	GET	200	/rest/v1/cross_post_jobs	?select=id,status,created_at,error,platform_listing_id,listing_url,platform_fields&user_id=eq.6b2057a9-ee51-4070-8732-9759d30fd521&platform=eq.vinted&action=eq.delete&status=in.(pending,needs_user,failed)&created_at=gte.2026-09-05T17:10:45.132Z&limit=20	serveur-fonction-edge		49
2026-10-05 17:10:45.201	2026-10-05 19:10:45.201	GET	200	/rest/v1/cross_post_jobs	?select=id,platform_fields&user_id=eq.6b2057a9-ee51-4070-8732-9759d30fd521&platform=eq.beebs&action=in.(publish,republish)&status=eq.published&platform_listing_id=is.null&listing_url=is.null&platform_fields->lien_en_attente=not.is.null&limit=50	serveur-fonction-edge		42
2026-10-05 17:10:45.255	2026-10-05 19:10:45.255	GET	200	/rest/v1/cross_post_jobs	?select=id,platform,action,status,title,error,inventaire_id,platform_fields&user_id=eq.6b2057a9-ee51-4070-8732-9759d30fd521&status=eq.needs_user&platform=eq.vinted&action=eq.republish&platform_fields->>republish_step=eq.deleted&limit=20	serveur-fonction-edge		46
2026-10-05 17:10:45.312	2026-10-05 19:10:45.312	GET	200	/rest/v1/cross_post_jobs	?select=id,inventaire_id,error,platform_fields&user_id=eq.6b2057a9-ee51-4070-8732-9759d30fd521&platform=eq.vinted&action=eq.republish&status=eq.cancelled&platform_fields->gel_livres_le=not.is.null&platform_fields->gel_livres_leve_le=is.null&limit=200	serveur-fonction-edge		39
2026-10-05 17:10:45.361	2026-10-05 19:10:45.361	GET	200	/rest/v1/cross_post_jobs	?select=id&user_id=eq.6b2057a9-ee51-4070-8732-9759d30fd521&platform=eq.vinted&status=eq.pending&platform_fields->attente_antirobot_compte=not.is.null&limit=1	serveur-fonction-edge	6b2057a9-ee51-4070-8732-9759d30fd521	39
2026-10-05 17:10:45.457	2026-10-05 19:10:45.457	GET	200	/rest/v1/vinted_sync_runs	?select=id&kind=eq.dressing&status=eq.queued&queued_at=gte.2026-10-05T11:10:45.450Z&order=queued_at.asc&limit=1	serveur-fonction-edge	6b2057a9-ee51-4070-8732-9759d30fd521	35
2026-10-05 17:10:45.599	2026-10-05 19:10:45.599	GET	200	/rest/v1/vinted_sync_runs	?select=id,platform,queued_at&kind=eq.annonces&status=eq.queued&queued_at=gte.2026-10-05T11:10:45.592Z&order=queued_at.asc&limit=4	serveur-fonction-edge	6b2057a9-ee51-4070-8732-9759d30fd521	47
2026-10-05 17:10:45.703	2026-10-05 19:10:45.703	GET	200	/rest/v1/cross_post_jobs	?select=id,action,platform,platform_fields,inventaire_id,listing_url,platform_listing_id,inventaire:inventaire_id(vinted_account_id)&user_id=eq.6b2057a9-ee51-4070-8732-9759d30fd521&status=eq.needs_user&voie=eq.extension&platform_fields->>needs_user_source=eq.boutique_etrangere&platform_fields->boutique_etrangere->>motif=in.(session_inconnue,origine_inconnue,boutique_etrangere)&order=created_at.asc…	serveur-fonction-edge	6b2057a9-ee51-4070-8732-9759d30fd521	34
2026-10-05 17:10:45.747	2026-10-05 19:10:45.747	GET	200	/rest/v1/cross_post_jobs	?select=id,platform,action,status,title,description,price,photos,photo_option,platform_fields,inventaire_id,listing_url,platform_listing_id,created_at,error&status=in.(pending)&voie=eq.extension&order=created_at.asc	serveur-fonction-edge	6b2057a9-ee51-4070-8732-9759d30fd521	35
2026-10-05 17:10:45.793	2026-10-05 19:10:45.793	GET	200	/rest/v1/platform_health	?select=platform,paused&paused=eq.true	serveur-fonction-edge	6b2057a9-ee51-4070-8732-9759d30fd521	33
2026-10-05 17:10:45.837	2026-10-05 19:10:45.837	GET	200	/rest/v1/cross_post_jobs	?select=*&user_id=eq.6b2057a9-ee51-4070-8732-9759d30fd521&platform=eq.vinted&action=eq.republish&status=eq.needs_user&platform_fields->capture_id=not.is.null&platform_fields->server_required_fields=not.is.null&limit=20	serveur-fonction-edge		39
2026-10-05 17:10:45.980	2026-10-05 19:10:45.980	GET	200	/rest/v1/profiles	?select=beta_flags&id=eq.6b2057a9-ee51-4070-8732-9759d30fd521	serveur-fonction-edge	6b2057a9-ee51-4070-8732-9759d30fd521	35
2026-10-05 17:10:56.163	2026-10-05 19:10:56.163	GET	200	/rest/v1/cross_post_jobs	?select=id,platform,action,inventaire_id,listing_url,last_checked_at,published_at,created_at,platform_fields&status=eq.published&action=in.(publish,republish)&listing_url=not.is.null&order=last_checked_at.asc.nullsfirst&limit=60	extension-pc	6b2057a9-ee51-4070-8732-9759d30fd521	53
2026-10-05 17:11:01.530	2026-10-05 19:11:01.530	GET	200	/rest/v1/annonces_plateforme	?select=id,platform,inventaire_id,vues,favoris,vu_le&user_id=eq.6b2057a9-ee51-4070-8732-9759d30fd521&inventaire_id=not.is.null&disparu_le=is.null&order=id.asc&limit=500	web-pc-chrome154	6b2057a9-ee51-4070-8732-9759d30fd521	44
2026-10-05 17:11:06.417	2026-10-05 19:11:06.417	GET	200	/rest/v1/annonces_plateforme	?select=id,platform,inventaire_id,vues,favoris,vu_le&user_id=eq.6b2057a9-ee51-4070-8732-9759d30fd521&inventaire_id=not.is.null&disparu_le=is.null&order=id.asc&limit=500	web-pc-chrome154	6b2057a9-ee51-4070-8732-9759d30fd521	48
2026-10-05 17:11:07.631	2026-10-05 19:11:07.631	GET	200	/rest/v1/annonces_plateforme	?select=id,platform,inventaire_id,vues,favoris,vu_le&user_id=eq.6b2057a9-ee51-4070-8732-9759d30fd521&inventaire_id=not.is.null&disparu_le=is.null&order=id.asc&limit=500&id=gt.f3f1c690-5fa5-4428-b927-5792a6b568d7	web-pc-chrome154	6b2057a9-ee51-4070-8732-9759d30fd521	43
2026-10-05 17:11:23.287	2026-10-05 19:11:23.287	GET	200	/rest/v1/profiles	?id=eq.6b2057a9-ee51-4070-8732-9759d30fd521&select=is_pro,is_business,platform_settings	extension-pc	6b2057a9-ee51-4070-8732-9759d30fd521	43
2026-10-05 17:11:39.568	2026-10-05 19:11:39.568	GET	200	/rest/v1/cross_post_jobs	?select=created_at,platform_fields&user_id=eq.6b2057a9-ee51-4070-8732-9759d30fd521&platform=eq.opla&status=eq.needs_user&platform_fields->>needs_user_source=eq.opla_acces&limit=50	web-pc-chrome154	6b2057a9-ee51-4070-8732-9759d30fd521	37
2026-10-05 17:11:39.570	2026-10-05 19:11:39.570	GET	200	/rest/v1/cross_post_jobs	?select=published_at&user_id=eq.6b2057a9-ee51-4070-8732-9759d30fd521&platform=eq.opla&status=eq.published&published_at=not.is.null&or=(handler_build.is.null,handler_build.neq.releve-annonces)&order=published_at.desc&limit=1	web-pc-chrome154	6b2057a9-ee51-4070-8732-9759d30fd521	37
2026-10-05 17:11:39.572	2026-10-05 19:11:39.572	GET	200	/rest/v1/cross_post_jobs	?select=platform_fields&user_id=eq.6b2057a9-ee51-4070-8732-9759d30fd521&platform=eq.opla&platform_fields->>opla_acces_accorde_le=not.is.null&platform_fields->>opla_acces_accorde_par=is.null&order=created_at.desc&limit=20	web-pc-chrome154	6b2057a9-ee51-4070-8732-9759d30fd521	37
2026-10-05 17:11:39.574	2026-10-05 19:11:39.574	OPTIONS	200	/rest/v1/cross_post_jobs	?select=id,platform,listing_url,platform_listing_id,created_at&user_id=eq.6b2057a9-ee51-4070-8732-9759d30fd521&action=eq.delete&platform=in.(leboncoin,beebs,ebay,opla)&status=in.(pending,processing,needs_user,deleted)&created_at=gte.2026-08-06T17:11:36.953Z&order=id.asc&limit=500	web-pc-chrome154		0
2026-10-05 17:11:39.575	2026-10-05 19:11:39.575	GET	200	/rest/v1/vinted_sync_runs	?select=id,platform,status,declencheur,items_vus,items_crees,items_maj,total_entries,erreur,queued_at,started_at,finished_at&user_id=eq.6b2057a9-ee51-4070-8732-9759d30fd521&kind=eq.annonces&order=queued_at.desc.nullslast,started_at.desc.nullslast&limit=60	web-pc-chrome154	6b2057a9-ee51-4070-8732-9759d30fd521	39
2026-10-05 17:11:39.577	2026-10-05 19:11:39.577	GET	200	/rest/v1/annonces_plateforme	?select=id,platform,listing_id,vu_le,inventaire_id,ignoree_le,disparu_le&user_id=eq.6b2057a9-ee51-4070-8732-9759d30fd521&disparu_le=is.null&order=id.asc&limit=500	web-pc-chrome154	6b2057a9-ee51-4070-8732-9759d30fd521	36
2026-10-05 17:11:40.681	2026-10-05 19:11:40.681	GET	200	/rest/v1/cross_post_jobs	?select=id,status,last_checked_at,sale_signal:platform_fields->>sale_signal,unavailable_since:platform_fields->>unavailable_since,pending_removal:platform_fields->>pending_removal,check_unresolved_since:platform_fields->>check_unresolved_since&user_id=eq.6b2057a9-ee51-4070-8732-9759d30fd521&order=created_at.desc&limit=80	web-pc-chrome154	6b2057a9-ee51-4070-8732-9759d30fd521	40
2026-10-05 17:11:40.682	2026-10-05 19:11:40.682	GET	200	/rest/v1/inventaire_doublons	?select=id,garde,absorbe,niveau,motif,preuves,created_at&user_id=eq.6b2057a9-ee51-4070-8732-9759d30fd521&statut=eq.proposee&order=created_at.desc&limit=200	web-pc-chrome154	6b2057a9-ee51-4070-8732-9759d30fd521	48
2026-10-05 17:11:40.683	2026-10-05 19:11:40.683	GET	200	/rest/v1/vinted_sync_runs	?select=id,platform,status,items_vus,erreur,queued_at,started_at,finished_at&user_id=eq.6b2057a9-ee51-4070-8732-9759d30fd521&kind=eq.dressing&status=eq.done&order=finished_at.desc.nullslast&limit=1	web-pc-chrome154	6b2057a9-ee51-4070-8732-9759d30fd521	48
2026-10-05 17:11:40.684	2026-10-05 19:11:40.684	GET	200	/rest/v1/annonces_plateforme	?select=id,platform,listing_id,url,titre,prix,photo_url,statut_plateforme,proposition,vu_le&user_id=eq.6b2057a9-ee51-4070-8732-9759d30fd521&inventaire_id=is.null&ignoree_le=is.null&disparu_le=is.null&order=vu_le.desc&limit=300	web-pc-chrome154	6b2057a9-ee51-4070-8732-9759d30fd521	35
2026-10-05 17:11:40.684	2026-10-05 19:11:40.684	GET	200	/rest/v1/profiles	?select=is_premium,is_pro,is_business,is_comped,is_founder,apple_original_transaction_id,google_purchase_token,subscription_cancel_at_period_end,subscription_period_end,currency,username,platform_settings,extension_last_seen_at,extension_build,onboarded_at,ebay_voie_api&id=eq.6b2057a9-ee51-4070-8732-9759d30fd521	web-pc-chrome154	6b2057a9-ee51-4070-8732-9759d30fd521	53
2026-10-05 17:11:40.686	2026-10-05 19:11:40.686	POST	200	/rest/v1/rpc/releves_vides_signales		web-pc-chrome154	6b2057a9-ee51-4070-8732-9759d30fd521	42
2026-10-05 17:11:40.688	2026-10-05 19:11:40.688	GET	200	/rest/v1/ventes	?select=*&user_id=eq.6b2057a9-ee51-4070-8732-9759d30fd521&order=created_at.desc,id.desc&limit=3000	web-pc-chrome154	6b2057a9-ee51-4070-8732-9759d30fd521	43
2026-10-05 17:11:40.688	2026-10-05 19:11:40.688	GET	200	/rest/v1/platform_health	?select=platform,message_fr,message_en&paused=eq.true	web-pc-chrome154	6b2057a9-ee51-4070-8732-9759d30fd521	35
2026-10-05 17:11:40.690	2026-10-05 19:11:40.690	GET	200	/rest/v1/inventaire	?select=*&user_id=eq.6b2057a9-ee51-4070-8732-9759d30fd521&fusionne_dans=is.null&order=created_at.desc,id.desc&limit=3000	web-pc-chrome154	6b2057a9-ee51-4070-8732-9759d30fd521	135
2026-10-05 17:11:40.690	2026-10-05 19:11:40.690	POST	200	/rest/v1/rpc/annonces_en_rangement		web-pc-chrome154	6b2057a9-ee51-4070-8732-9759d30fd521	39
2026-10-05 17:11:40.691	2026-10-05 19:11:40.691	GET	200	/rest/v1/lens_scans	?select=scan_id,statut,resultat,motif,photos,created_at&statut=in.(preparation,en_cours,termine)&created_at=gte.2026-10-05T15:11:36.935Z&order=created_at.desc&limit=1	web-pc-chrome154	6b2057a9-ee51-4070-8732-9759d30fd521	36
2026-10-05 17:11:40.694	2026-10-05 19:11:40.694	GET	200	/rest/v1/cross_post_jobs	?select=id,platform,listing_url,platform_listing_id,created_at&user_id=eq.6b2057a9-ee51-4070-8732-9759d30fd521&action=eq.delete&platform=in.(leboncoin,beebs,ebay,opla)&status=in.(pending,processing,needs_user,deleted)&created_at=gte.2026-08-06T17:11:36.953Z&order=id.asc&limit=500	web-pc-chrome154	6b2057a9-ee51-4070-8732-9759d30fd521	47
2026-10-05 17:11:40.696	2026-10-05 19:11:40.696	GET	200	/rest/v1/cross_post_jobs	?select=inventaire_id&user_id=eq.6b2057a9-ee51-4070-8732-9759d30fd521&status=eq.needs_user&inventaire_id=not.is.null&limit=1000	web-pc-chrome154	6b2057a9-ee51-4070-8732-9759d30fd521	43
2026-10-05 17:11:41.404	2026-10-05 19:11:41.404	GET	200	/rest/v1/profiles	?select=plateformes_visibles&id=eq.6b2057a9-ee51-4070-8732-9759d30fd521	web-pc-chrome154	6b2057a9-ee51-4070-8732-9759d30fd521	41
2026-10-05 17:11:41.405	2026-10-05 19:11:41.405	GET	200	/rest/v1/cross_post_jobs	?select=id,platform,title,inventaire_id,listing_url,platform_listing_id,platform_fields&user_id=eq.6b2057a9-ee51-4070-8732-9759d30fd521&status=eq.cancelled&action=in.(publish,republish)&platform_fields=cs.{"pending_removal":true}&platform_fields->>pending_removal_reporte_le=is.null	web-pc-chrome154	6b2057a9-ee51-4070-8732-9759d30fd521	46
2026-10-05 17:11:41.405	2026-10-05 19:11:41.405	GET	200	/rest/v1/inventaire_fusions	?select=id,garde,absorbe,created_at,deplacements,champs_repris&user_id=eq.6b2057a9-ee51-4070-8732-9759d30fd521&defait_le=is.null&order=created_at.desc&limit=500	web-pc-chrome154	6b2057a9-ee51-4070-8732-9759d30fd521	34
2026-10-05 17:11:41.407	2026-10-05 19:11:41.407	GET	200	/rest/v1/ventes	?select=*&user_id=eq.6b2057a9-ee51-4070-8732-9759d30fd521&order=created_at.desc,id.desc&limit=3000	web-pc-chrome154	6b2057a9-ee51-4070-8732-9759d30fd521	39
2026-10-05 17:11:41.409	2026-10-05 19:11:41.409	GET	200	/rest/v1/cross_post_jobs	?select=id,platform,listing_url,platform_listing_id,created_at&user_id=eq.6b2057a9-ee51-4070-8732-9759d30fd521&action=eq.delete&platform=in.(leboncoin,beebs,ebay,opla)&status=in.(pending,processing,needs_user,deleted)&created_at=gte.2026-08-06T17:11:36.953Z&order=id.asc&limit=500	web-pc-chrome154	6b2057a9-ee51-4070-8732-9759d30fd521	49
2026-10-05 17:11:41.409	2026-10-05 19:11:41.409	GET	200	/rest/v1/coin_config	?select=key,value&key=in.(opla_ouvert,opla_extension_min)	web-pc-chrome154	6b2057a9-ee51-4070-8732-9759d30fd521	42
2026-10-05 17:11:41.411	2026-10-05 19:11:41.411	GET	200	/rest/v1/profiles	?select=is_premium,is_pro,is_business,is_comped,is_founder,apple_original_transaction_id,google_purchase_token,subscription_cancel_at_period_end,subscription_period_end,currency,username,platform_settings,extension_last_seen_at,extension_build,onboarded_at,ebay_voie_api&id=eq.6b2057a9-ee51-4070-8732-9759d30fd521	web-pc-chrome154	6b2057a9-ee51-4070-8732-9759d30fd521	45
2026-10-05 17:11:41.411	2026-10-05 19:11:41.411	GET	200	/rest/v1/fiches_annonce	?select=inventaire_id&user_id=eq.6b2057a9-ee51-4070-8732-9759d30fd521&brouillon=eq.true&limit=200	web-pc-chrome154	6b2057a9-ee51-4070-8732-9759d30fd521	46
2026-10-05 17:11:41.411	2026-10-05 19:11:41.411	GET	200	/rest/v1/profiles	?select=extension_version&id=eq.6b2057a9-ee51-4070-8732-9759d30fd521	web-pc-chrome154	6b2057a9-ee51-4070-8732-9759d30fd521	40
2026-10-05 17:11:41.413	2026-10-05 19:11:41.413	GET	200	/rest/v1/cross_post_jobs	?select=inventaire_id&user_id=eq.6b2057a9-ee51-4070-8732-9759d30fd521&status=eq.needs_user&inventaire_id=not.is.null&limit=1000	web-pc-chrome154	6b2057a9-ee51-4070-8732-9759d30fd521	45
2026-10-05 17:11:41.413	2026-10-05 19:11:41.413	GET	200	/rest/v1/annonces_plateforme	?select=id,platform,listing_id,vu_le,inventaire_id,ignoree_le,disparu_le&user_id=eq.6b2057a9-ee51-4070-8732-9759d30fd521&disparu_le=is.null&order=id.asc&limit=500&id=gt.f3f1c690-5fa5-4428-b927-5792a6b568d7	web-pc-chrome154	6b2057a9-ee51-4070-8732-9759d30fd521	45
2026-10-05 17:11:41.414	2026-10-05 19:11:41.414	GET	200	/rest/v1/inventaire	?select=*&user_id=eq.6b2057a9-ee51-4070-8732-9759d30fd521&fusionne_dans=is.null&order=created_at.desc,id.desc&limit=3000	web-pc-chrome154	6b2057a9-ee51-4070-8732-9759d30fd521	72
2026-10-05 17:11:41.536	2026-10-05 19:11:41.536	GET	200	/auth/v1/user		serveur-fonction-edge	6b2057a9-ee51-4070-8732-9759d30fd521	49
2026-10-05 17:11:41.609	2026-10-05 19:11:41.609	GET	200	/rest/v1/ebay_accounts	?select=*&user_id=eq.6b2057a9-ee51-4070-8732-9759d30fd521	serveur-fonction-edge		42
2026-10-05 17:11:41.703	2026-10-05 19:11:41.703	GET	200	/rest/v1/inventaire_fusions	?select=id,garde,absorbe,created_at,deplacements,champs_repris&user_id=eq.6b2057a9-ee51-4070-8732-9759d30fd521&defait_le=is.null&order=created_at.desc&limit=500	web-pc-chrome154	6b2057a9-ee51-4070-8732-9759d30fd521	40
2026-10-05 17:11:41.703	2026-10-05 19:11:41.703	GET	200	/rest/v1/profiles	?select=plateformes_visibles&id=eq.6b2057a9-ee51-4070-8732-9759d30fd521	web-pc-chrome154	6b2057a9-ee51-4070-8732-9759d30fd521	43
2026-10-05 17:11:41.704	2026-10-05 19:11:41.704	GET	200	/rest/v1/coin_config	?select=key,value&key=in.(opla_ouvert,opla_extension_min)	web-pc-chrome154	6b2057a9-ee51-4070-8732-9759d30fd521	41
2026-10-05 17:11:41.705	2026-10-05 19:11:41.705	GET	200	/rest/v1/cross_post_jobs	?select=id,platform,title,inventaire_id,listing_url,platform_listing_id,platform_fields&user_id=eq.6b2057a9-ee51-4070-8732-9759d30fd521&status=eq.cancelled&action=in.(publish,republish)&platform_fields=cs.{"pending_removal":true}&platform_fields->>pending_removal_reporte_le=is.null	web-pc-chrome154	6b2057a9-ee51-4070-8732-9759d30fd521	40
2026-10-05 17:11:41.706	2026-10-05 19:11:41.706	GET	200	/rest/v1/profiles	?select=extension_version&id=eq.6b2057a9-ee51-4070-8732-9759d30fd521	web-pc-chrome154	6b2057a9-ee51-4070-8732-9759d30fd521	43
2026-10-05 17:11:41.709	2026-10-05 19:11:41.709	GET	200	/rest/v1/fiches_annonce	?select=inventaire_id&user_id=eq.6b2057a9-ee51-4070-8732-9759d30fd521&brouillon=eq.true&limit=200	web-pc-chrome154	6b2057a9-ee51-4070-8732-9759d30fd521	40
2026-10-05 17:11:41.712	2026-10-05 19:11:41.712	GET	200	/rest/v1/cross_post_jobs	?select=id,platform,title,price,inventaire_id,listing_url,platform_fields&user_id=eq.6b2057a9-ee51-4070-8732-9759d30fd521&status=eq.published&action=in.(publish,republish)&platform_fields->>unavailable_since=not.is.null	web-pc-chrome154	6b2057a9-ee51-4070-8732-9759d30fd521	36
2026-10-05 17:11:42.158	2026-10-05 19:11:42.158	GET	200	/rest/v1/cross_post_jobs	?select=inventaire_id&user_id=eq.6b2057a9-ee51-4070-8732-9759d30fd521&status=eq.needs_user&inventaire_id=not.is.null&limit=1000	web-pc-chrome154	6b2057a9-ee51-4070-8732-9759d30fd521	46
2026-10-05 17:11:42.228	2026-10-05 19:11:42.228	GET	200	/rest/v1/cross_post_jobs	?select=id,platform,title,inventaire_id,listing_url,platform_listing_id,platform_fields&user_id=eq.6b2057a9-ee51-4070-8732-9759d30fd521&status=eq.cancelled&action=in.(publish,republish)&platform_fields=cs.{"pending_removal":true}&platform_fields->>pending_removal_reporte_le=is.null	web-pc-chrome154	6b2057a9-ee51-4070-8732-9759d30fd521	44
2026-10-05 17:11:42.230	2026-10-05 19:11:42.230	GET	200	/rest/v1/inventaire_fusions	?select=id,garde,absorbe,created_at,deplacements,champs_repris&user_id=eq.6b2057a9-ee51-4070-8732-9759d30fd521&defait_le=is.null&order=created_at.desc&limit=500	web-pc-chrome154	6b2057a9-ee51-4070-8732-9759d30fd521	50
2026-10-05 17:11:42.232	2026-10-05 19:11:42.232	GET	200	/rest/v1/profiles	?select=plateformes_visibles&id=eq.6b2057a9-ee51-4070-8732-9759d30fd521	web-pc-chrome154	6b2057a9-ee51-4070-8732-9759d30fd521	38
2026-10-05 17:11:42.232	2026-10-05 19:11:42.232	GET	200	/rest/v1/coin_config	?select=key,value&key=in.(opla_ouvert,opla_extension_min)	web-pc-chrome154	6b2057a9-ee51-4070-8732-9759d30fd521	40
2026-10-05 17:11:42.234	2026-10-05 19:11:42.234	GET	200	/rest/v1/fiches_annonce	?select=inventaire_id&user_id=eq.6b2057a9-ee51-4070-8732-9759d30fd521&brouillon=eq.true&limit=200	web-pc-chrome154	6b2057a9-ee51-4070-8732-9759d30fd521	39
2026-10-05 17:11:42.234	2026-10-05 19:11:42.234	GET	200	/rest/v1/profiles	?select=extension_version&id=eq.6b2057a9-ee51-4070-8732-9759d30fd521	web-pc-chrome154	6b2057a9-ee51-4070-8732-9759d30fd521	39
2026-10-05 17:11:42.260	2026-10-05 19:11:42.260	GET	200	/rest/v1/cross_post_jobs	?select=id,platform,title,price,inventaire_id,listing_url,platform_fields&user_id=eq.6b2057a9-ee51-4070-8732-9759d30fd521&status=eq.published&action=in.(publish,republish)&platform_fields->>unavailable_since=not.is.null	web-pc-chrome154	6b2057a9-ee51-4070-8732-9759d30fd521	35
2026-10-05 17:11:42.262	2026-10-05 19:11:42.262	GET	200	/rest/v1/annonces_plateforme	?select=id,platform,listing_id,url,titre,prix,proposition&user_id=eq.6b2057a9-ee51-4070-8732-9759d30fd521&inventaire_id=is.null&ignoree_le=is.null&disparu_le=is.null&proposition=not.is.null&limit=200	web-pc-chrome154	6b2057a9-ee51-4070-8732-9759d30fd521	40
2026-10-05 17:11:42.263	2026-10-05 19:11:42.263	GET	200	/rest/v1/cross_post_jobs	?select=inventaire_id&user_id=eq.6b2057a9-ee51-4070-8732-9759d30fd521&action=eq.republish&status=in.(pending,processing,needs_user)&inventaire_id=not.is.null	web-pc-chrome154	6b2057a9-ee51-4070-8732-9759d30fd521	36
2026-10-05 17:11:42.686	2026-10-05 19:11:42.686	GET	200	/rest/v1/annonces_plateforme	?select=id,platform,listing_id,url,titre,prix,proposition&user_id=eq.6b2057a9-ee51-4070-8732-9759d30fd521&inventaire_id=is.null&ignoree_le=is.null&disparu_le=is.null&proposition=not.is.null&limit=200	web-pc-chrome154	6b2057a9-ee51-4070-8732-9759d30fd521	37
2026-10-05 17:11:42.686	2026-10-05 19:11:42.686	GET	200	/rest/v1/cross_post_jobs	?select=id,platform,title,price,inventaire_id,listing_url,platform_fields&user_id=eq.6b2057a9-ee51-4070-8732-9759d30fd521&status=eq.published&action=in.(publish,republish)&platform_fields->>unavailable_since=not.is.null	web-pc-chrome154	6b2057a9-ee51-4070-8732-9759d30fd521	35
2026-10-05 17:11:42.687	2026-10-05 19:11:42.687	GET	200	/rest/v1/profiles	?select=voice_count_today,voice_count_date&id=eq.6b2057a9-ee51-4070-8732-9759d30fd521	web-pc-chrome154	6b2057a9-ee51-4070-8732-9759d30fd521	37
2026-10-05 17:11:42.690	2026-10-05 19:11:42.690	GET	200	/rest/v1/cross_post_jobs	?select=inventaire_id&user_id=eq.6b2057a9-ee51-4070-8732-9759d30fd521&action=eq.republish&status=in.(pending,processing,needs_user)&inventaire_id=not.is.null	web-pc-chrome154	6b2057a9-ee51-4070-8732-9759d30fd521	39
2026-10-05 17:11:43.216	2026-10-05 19:11:43.216	GET	200	/rest/v1/annonces_plateforme	?select=id,platform,listing_id,url,titre,prix,proposition&user_id=eq.6b2057a9-ee51-4070-8732-9759d30fd521&inventaire_id=is.null&ignoree_le=is.null&disparu_le=is.null&proposition=not.is.null&limit=200	web-pc-chrome154	6b2057a9-ee51-4070-8732-9759d30fd521	40
2026-10-05 17:11:43.297	2026-10-05 19:11:43.297	GET	200	/rest/v1/profiles	?select=voice_count_today,voice_count_date&id=eq.6b2057a9-ee51-4070-8732-9759d30fd521	web-pc-chrome154	6b2057a9-ee51-4070-8732-9759d30fd521	40
2026-10-05 17:11:43.301	2026-10-05 19:11:43.301	GET	200	/rest/v1/cross_post_jobs	?select=inventaire_id&user_id=eq.6b2057a9-ee51-4070-8732-9759d30fd521&action=eq.republish&status=in.(pending,processing,needs_user)&inventaire_id=not.is.null	web-pc-chrome154	6b2057a9-ee51-4070-8732-9759d30fd521	42
2026-10-05 17:11:43.304	2026-10-05 19:11:43.304	POST	200	/rest/v1/rpc/quotas_etat		web-pc-chrome154	6b2057a9-ee51-4070-8732-9759d30fd521	42
2026-10-05 17:11:43.993	2026-10-05 19:11:43.993	GET	200	/rest/v1/profiles	?select=voice_count_today,voice_count_date&id=eq.6b2057a9-ee51-4070-8732-9759d30fd521	web-pc-chrome154	6b2057a9-ee51-4070-8732-9759d30fd521	37
2026-10-05 17:11:45.204	2026-10-05 19:11:45.204	POST	200	/rest/v1/rpc/quotas_etat		web-pc-chrome154	6b2057a9-ee51-4070-8732-9759d30fd521	65
2026-10-05 17:11:59.358	2026-10-05 19:11:59.358	GET	200	/rest/v1/cross_post_jobs	?select=id,inventaire_id,platform,status,error,created_at,published_at,platform_fields,action,listing_url,title,bulk_batch_id,voie&user_id=eq.6b2057a9-ee51-4070-8732-9759d30fd521&or=(status.in.(pending,processing,needs_user),created_at.gte."2026-10-05T17:00:52.538299+00:00",id.in.(c08572f6-2a16-44cf-85bb-dc816759da95))&order=created_at.desc,id.desc&limit=1000	web-pc-chrome154	6b2057a9-ee51-4070-8732-9759d30fd521	44
2026-10-05 17:12:03.227	2026-10-05 19:12:03.227	GET	200	/rest/v1/profiles	?select=id,extension_last_seen_at&id=in.(197618d0-2a10-433c-acb4-1b6fa777cfc9,28865d04-f043-43de-8963-10ee3521b825,42eab075-66f2-49de-8e44-212377cfaf41,44ebf889-b371-458b-948a-2c4d77fb1a24,4920948d-9479-46b6-9c9e-33a710ca33e0,63b80b36-be5a-41a4-bf31-c5f680e28dd6,6b2057a9-ee51-4070-8732-9759d30fd521,7c5f4407-2322-4ab6-9915-c5b33fdc34bf,7ef60490-cbf1-45ad-a135-af8b1520b52f,82e64f14-4d39-4385-b871-ce…	serveur-fonction-edge		10
2026-10-05 17:12:04.802	2026-10-05 19:12:04.802	GET	200	/rest/v1/profiles	?select=id&ebay_voie_api=eq.true&id=in.(c7dc5abb-18f5-4d5e-8b35-52c1cccc4816,42eab075-66f2-49de-8e44-212377cfaf41,2eec0ad9-784e-419f-ad00-0df1fbfbb457,90739125-8f1c-4d26-a4a5-048eed4b1c0f,53efea05-dc2d-4467-a8cd-c6fa52a47a61,b20fb960-7826-4bab-b107-a388d9824009,577dce4b-0a9d-465d-8993-bab4dddba9cb,bfce1264-4aac-49e9-b2fe-3c4706a8e449,f6a86c0d-d617-4a4a-8a8d-c30a07ac3233,3fd46214-cd67-44c5-b05e-8da…	serveur-fonction-edge		12
2026-10-05 17:12:04.831	2026-10-05 19:12:04.831	GET	200	/rest/v1/cross_post_jobs	?select=id,user_id,error,platform_fields&platform=eq.ebay&action=eq.publish&voie=eq.extension&status=eq.pending&user_id=in.(8b78a7ce-3816-49ee-8bb3-511d4f860491,f6a86c0d-d617-4a4a-8a8d-c30a07ac3233,c7dc5abb-18f5-4d5e-8b35-52c1cccc4816,53efea05-dc2d-4467-a8cd-c6fa52a47a61,1661c65c-83ab-43c6-8595-c68f207d1477,52ac8bfb-ed9b-4a55-a632-d71308a0f8da,f8b8bbad-01e4-4800-89b7-f4cf77f1c8df,3d9caa6d-bf05-4ba…	serveur-fonction-edge		15
2026-10-05 17:12:05.351	2026-10-05 19:12:05.351	GET	200	/rest/v1/cross_post_jobs	?select=id,status,last_checked_at,sale_signal:platform_fields->>sale_signal,unavailable_since:platform_fields->>unavailable_since,pending_removal:platform_fields->>pending_removal,check_unresolved_since:platform_fields->>check_unresolved_since&user_id=eq.6b2057a9-ee51-4070-8732-9759d30fd521&order=created_at.desc&limit=80	web-pc-chrome154	6b2057a9-ee51-4070-8732-9759d30fd521	42
2026-10-05 17:12:07.061	2026-10-05 19:12:07.061	GET	200	/storage/v1/object/public/listing-photos/6b2057a9-ee51-4070-8732-9759d30fd521/rapatrie-fiche/1791219480249/1791219961404_0.jpg		web-pc-chrome154		238
2026-10-05 17:12:07.061	2026-10-05 19:12:07.061	GET	200	/storage/v1/object/public/listing-photos/6b2057a9-ee51-4070-8732-9759d30fd521/rapatrie-fiche/1791219480334/1791219961404_0.jpg		web-pc-chrome154		363
2026-10-05 17:12:07.063	2026-10-05 19:12:07.063	GET	200	/storage/v1/object/public/listing-photos/6b2057a9-ee51-4070-8732-9759d30fd521/rapatrie-fiche/1791219480292/1791219605449_0.jpg		web-pc-chrome154		222
2026-10-05 17:12:07.064	2026-10-05 19:12:07.064	GET	200	/storage/v1/object/public/listing-photos/6b2057a9-ee51-4070-8732-9759d30fd521/rapatrie-fiche/1791219480367/1791219605449_0.jpg		web-pc-chrome154		266
2026-10-05 17:12:20.649	2026-10-05 19:12:20.649	GET	200	/rest/v1/cross_post_jobs	?select=id,inventaire_id,platform,status,error,created_at,published_at,platform_fields,action,listing_url,title,bulk_batch_id,voie&user_id=eq.6b2057a9-ee51-4070-8732-9759d30fd521&or=(status.in.(pending,processing,needs_user),created_at.gte."2026-10-05T17:00:52.538299+00:00",id.in.(c08572f6-2a16-44cf-85bb-dc816759da95))&order=created_at.desc,id.desc&limit=1000	web-pc-chrome154	6b2057a9-ee51-4070-8732-9759d30fd521	42
2026-10-05 17:12:37.971	2026-10-05 19:12:37.971	GET	200	/auth/v1/user		serveur-fonction-edge	6b2057a9-ee51-4070-8732-9759d30fd521	43
2026-10-05 17:12:38.030	2026-10-05 19:12:38.030	GET	200	/rest/v1/coin_config	?select=value&key=eq.opla_sortie_le	serveur-fonction-edge	6b2057a9-ee51-4070-8732-9759d30fd521	37
2026-10-05 17:12:38.081	2026-10-05 19:12:38.081	GET	200	/rest/v1/cross_post_jobs	?select=id,inventaire_id&status=eq.needs_user&action=neq.delete	serveur-fonction-edge	6b2057a9-ee51-4070-8732-9759d30fd521	33
2026-10-05 17:12:38.126	2026-10-05 19:12:38.126	POST	200	/rest/v1/rpc/republish_planifiee_fenetres_courantes		serveur-fonction-edge	6b2057a9-ee51-4070-8732-9759d30fd521	38
2026-10-05 17:12:38.178	2026-10-05 19:12:38.178	GET	200	/rest/v1/coin_config	?select=key,value&key=in.(republish_plafond_jour,republish_plafond_jour_premium,republish_plafond_jour_pro,republish_plafond_jour_business,republish_pause_apres,republish_pause_duree_min)	serveur-fonction-edge	6b2057a9-ee51-4070-8732-9759d30fd521	36
2026-10-05 17:12:38.232	2026-10-05 19:12:38.232	GET	200	/rest/v1/profiles	?select=is_business,is_pro,is_premium,is_comped&id=eq.6b2057a9-ee51-4070-8732-9759d30fd521	serveur-fonction-edge	6b2057a9-ee51-4070-8732-9759d30fd521	33
2026-10-05 17:12:38.275	2026-10-05 19:12:38.275	GET	200	/rest/v1/cross_post_jobs	?select=published_at&action=eq.republish&status=eq.published&published_at=gte.2026-10-01T17:12:38.270Z&order=published_at.desc&limit=1000	serveur-fonction-edge	6b2057a9-ee51-4070-8732-9759d30fd521	36
2026-10-05 17:12:38.935	2026-10-05 19:12:38.935	GET	200	/rest/v1/cross_post_jobs	?select=id,platform_fields&platform=eq.opla&status=eq.needs_user&platform_fields->>needs_user_source=eq.opla_acces&limit=200	extension-pc	6b2057a9-ee51-4070-8732-9759d30fd521	59
2026-10-05 17:12:38.936	2026-10-05 19:12:38.936	GET	200	/rest/v1/cross_post_jobs	?select=id,platform,action,title,inventaire_id,created_at,platform_fields&status=eq.processing	extension-pc	6b2057a9-ee51-4070-8732-9759d30fd521	50
2026-10-05 17:12:38.940	2026-10-05 19:12:38.940	GET	200	/rest/v1/vinted_sync_runs	?user_id=eq.6b2057a9-ee51-4070-8732-9759d30fd521&kind=eq.dressing&started_at=gte.2026-10-05T15:12:36.141Z&order=started_at.desc&limit=1&select=id,status,erreur,declencheur,page_suivante	extension-pc	6b2057a9-ee51-4070-8732-9759d30fd521	53
2026-10-05 17:12:38.948	2026-10-05 19:12:38.948	GET	200	/rest/v1/vinted_sync_runs	?user_id=eq.6b2057a9-ee51-4070-8732-9759d30fd521&kind=eq.dressing&status=eq.running&select=id,status,page_suivante,items_vus,updated_at,declencheur&limit=1	extension-pc	6b2057a9-ee51-4070-8732-9759d30fd521	57
2026-10-05 17:12:39.257	2026-10-05 19:12:39.257	GET	200	/auth/v1/user		serveur-fonction-edge	6b2057a9-ee51-4070-8732-9759d30fd521	44
2026-10-05 17:12:39.324	2026-10-05 19:12:39.324	GET	200	/rest/v1/coin_config	?select=value&key=eq.opla_sortie_le	serveur-fonction-edge	6b2057a9-ee51-4070-8732-9759d30fd521	36
2026-10-05 17:12:39.373	2026-10-05 19:12:39.373	GET	200	/rest/v1/profiles	?select=extension_postes&id=eq.6b2057a9-ee51-4070-8732-9759d30fd521	serveur-fonction-edge		43
2026-10-05 17:12:39.479	2026-10-05 19:12:39.479	PATCH	204	/rest/v1/profiles	?id=eq.6b2057a9-ee51-4070-8732-9759d30fd521	serveur-fonction-edge		39
2026-10-05 17:12:39.531	2026-10-05 19:12:39.531	GET	200	/rest/v1/cross_post_jobs	?select=id&user_id=eq.6b2057a9-ee51-4070-8732-9759d30fd521&platform=eq.vinted&status=eq.pending&platform_fields->attente_antirobot_compte=not.is.null&limit=1	serveur-fonction-edge	6b2057a9-ee51-4070-8732-9759d30fd521	32
2026-10-05 17:12:39.578	2026-10-05 19:12:39.578	GET	200	/rest/v1/cross_post_jobs	?select=id,platform,action,status,title,description,price,photos,photo_option,platform_fields,inventaire_id,listing_url,platform_listing_id,created_at,error,inventaire:inventaire_id(vinted_item_id,disparu_le,vinted_status)&status=in.(pending,processing,needs_user)&voie=eq.extension&order=created_at.asc	serveur-fonction-edge	6b2057a9-ee51-4070-8732-9759d30fd521	54
2026-10-05 17:12:39.644	2026-10-05 19:12:39.644	GET	200	/rest/v1/platform_health	?select=platform,paused&paused=eq.true	serveur-fonction-edge	6b2057a9-ee51-4070-8732-9759d30fd521	33
2026-10-05 17:12:39.688	2026-10-05 19:12:39.688	GET	200	/rest/v1/inventaire	?select=id,statut,quantite&id=in.(1791218520498)	serveur-fonction-edge	6b2057a9-ee51-4070-8732-9759d30fd521	32
2026-10-05 17:12:39.732	2026-10-05 19:12:39.732	GET	200	/rest/v1/cross_post_jobs	?select=id,inventaire_id,platform&inventaire_id=in.(1791218520498)&action=in.(publish,republish)&status=eq.published&platform_fields->>sale_signal=eq.sold	serveur-fonction-edge	6b2057a9-ee51-4070-8732-9759d30fd521	36
2026-10-05 17:12:39.782	2026-10-05 19:12:39.782	GET	200	/rest/v1/cross_post_jobs	?select=id,platform,action,status,title,description,price,photos,photo_option,platform_fields,inventaire_id,listing_url,platform_listing_id,created_at,error&platform=eq.leboncoin&action=eq.republish&status=in.(needs_user,failed)&inventaire_id=not.is.null&limit=20	serveur-fonction-edge	6b2057a9-ee51-4070-8732-9759d30fd521	35
2026-10-05 17:12:39.829	2026-10-05 19:12:39.829	GET	200	/rest/v1/vinted_sync_runs	?select=status,items_vus,items_crees,items_maj,total_entries,queued_at,started_at,finished_at,erreur&kind=eq.dressing&order=started_at.desc&limit=1	serveur-fonction-edge	6b2057a9-ee51-4070-8732-9759d30fd521	33
2026-10-05 17:12:39.873	2026-10-05 19:12:39.873	GET	200	/rest/v1/profiles	?select=extension_sessions&id=eq.6b2057a9-ee51-4070-8732-9759d30fd521	serveur-fonction-edge	6b2057a9-ee51-4070-8732-9759d30fd521	34
2026-10-05 17:12:39.918	2026-10-05 19:12:39.918	POST	200	/rest/v1/rpc/plateformes_verite		serveur-fonction-edge	6b2057a9-ee51-4070-8732-9759d30fd521	37
2026-10-05 17:12:39.966	2026-10-05 19:12:39.966	GET	200	/rest/v1/cross_post_jobs	?select=id,inventaire_id&status=eq.needs_user&action=neq.delete	serveur-fonction-edge	6b2057a9-ee51-4070-8732-9759d30fd521	33
2026-10-05 17:12:40.012	2026-10-05 19:12:40.012	GET	200	/rest/v1/inventaire	?select=id,attributs,titre,vinted_catalog_id&id=in.(1791218520498)	serveur-fonction-edge	6b2057a9-ee51-4070-8732-9759d30fd521	36
2026-10-05 17:12:40.060	2026-10-05 19:12:40.060	GET	200	/rest/v1/coin_config	?select=value&key=eq.keepalive_actif	serveur-fonction-edge	6b2057a9-ee51-4070-8732-9759d30fd521	33
2026-10-05 17:12:40.107	2026-10-05 19:12:40.107	GET	200	/rest/v1/profiles	?select=beta_flags&id=eq.6b2057a9-ee51-4070-8732-9759d30fd521	serveur-fonction-edge	6b2057a9-ee51-4070-8732-9759d30fd521	37
2026-10-05 17:12:40.155	2026-10-05 19:12:40.155	GET	200	/rest/v1/cross_post_jobs	?select=id,platform_fields&platform=eq.opla&status=eq.needs_user&platform_fields->>needs_user_source=eq.opla_cookies&limit=200	extension-pc	6b2057a9-ee51-4070-8732-9759d30fd521	41
2026-10-05 17:12:40.156	2026-10-05 19:12:40.156	GET	200	/rest/v1/coin_config	?select=value&key=eq.prevol_copie_actif	serveur-fonction-edge	6b2057a9-ee51-4070-8732-9759d30fd521	34
2026-10-05 17:12:40.157	2026-10-05 19:12:40.157	PATCH	204	/rest/v1/vinted_sync_runs	?id=eq.62e212b5-6adc-4cbb-bdea-962e414ee2db&status=eq.expired	extension-pc	6b2057a9-ee51-4070-8732-9759d30fd521	44
2026-10-05 17:12:40.342	2026-10-05 19:12:40.342	GET	200	/auth/v1/user		serveur-fonction-edge	6b2057a9-ee51-4070-8732-9759d30fd521	42
2026-10-05 17:12:40.401	2026-10-05 19:12:40.401	GET	200	/rest/v1/coin_config	?select=value&key=eq.opla_sortie_le	serveur-fonction-edge	6b2057a9-ee51-4070-8732-9759d30fd521	32
2026-10-05 17:12:40.445	2026-10-05 19:12:40.445	GET	200	/rest/v1/profiles	?select=extension_postes&id=eq.6b2057a9-ee51-4070-8732-9759d30fd521	serveur-fonction-edge		37
2026-10-05 17:12:40.496	2026-10-05 19:12:40.496	GET	200	/rest/v1/cross_post_jobs	?select=id,error,platform_fields&user_id=eq.6b2057a9-ee51-4070-8732-9759d30fd521&platform=eq.opla&status=eq.needs_user&platform_fields->>needs_user_source=eq.opla_acces&limit=200	serveur-fonction-edge		37
2026-10-05 17:12:40.667	2026-10-05 19:12:40.667	PATCH	204	/rest/v1/profiles	?id=eq.6b2057a9-ee51-4070-8732-9759d30fd521	serveur-fonction-edge		39
2026-10-05 17:12:40.717	2026-10-05 19:12:40.717	GET	200	/rest/v1/cross_post_jobs	?select=id,user_id,platform,action,status,error,handler_build,platform_fields&user_id=eq.6b2057a9-ee51-4070-8732-9759d30fd521&status=eq.needs_user&platform=in.(ebay,beebs,vinted,leboncoin)&action=in.(publish,republish,delete)&limit=50	serveur-fonction-edge		38
2026-10-05 17:12:40.766	2026-10-05 19:12:40.766	GET	200	/rest/v1/cross_post_jobs	?select=id,platform,action,status,error,inventaire_id,platform_fields&user_id=eq.6b2057a9-ee51-4070-8732-9759d30fd521&status=eq.needs_user&platform=eq.leboncoin&action=eq.republish&platform_fields->gardes->prevol_page->>verdict=eq.bloque&limit=30	serveur-fonction-edge		35
2026-10-05 17:12:40.814	2026-10-05 19:12:40.814	GET	200	/rest/v1/cross_post_jobs	?select=id,error,platform_fields&user_id=eq.6b2057a9-ee51-4070-8732-9759d30fd521&status=eq.needs_user&platform=eq.vinted&action=eq.republish&platform_fields->>republish_step=eq.captured&platform_fields->canal_coupe_rejoue=not.is.null&limit=30	serveur-fonction-edge		38
2026-10-05 17:12:40.863	2026-10-05 19:12:40.863	GET	200	/rest/v1/cross_post_jobs	?select=id,platform,action,title,error,platform_fields&user_id=eq.6b2057a9-ee51-4070-8732-9759d30fd521&status=in.(needs_user,failed)&platform=in.(vinted,ebay)&created_at=gte.2026-09-21T17:12:40.857Z&limit=60	serveur-fonction-edge		36
2026-10-05 17:12:40.959	2026-10-05 19:12:40.959	GET	200	/rest/v1/cross_post_jobs	?select=id,status,created_at,error,platform_listing_id,listing_url,platform_fields&user_id=eq.6b2057a9-ee51-4070-8732-9759d30fd521&platform=eq.vinted&action=eq.delete&status=in.(pending,needs_user,failed)&created_at=gte.2026-09-05T17:12:40.955Z&limit=20	serveur-fonction-edge		38
2026-10-05 17:12:41.008	2026-10-05 19:12:41.008	GET	200	/rest/v1/cross_post_jobs	?select=id,platform_fields&user_id=eq.6b2057a9-ee51-4070-8732-9759d30fd521&platform=eq.beebs&action=in.(publish,republish)&status=eq.published&platform_listing_id=is.null&listing_url=is.null&platform_fields->lien_en_attente=not.is.null&limit=50	serveur-fonction-edge		36
2026-10-05 17:12:41.054	2026-10-05 19:12:41.054	GET	200	/rest/v1/cross_post_jobs	?select=id,platform,action,status,title,error,inventaire_id,platform_fields&user_id=eq.6b2057a9-ee51-4070-8732-9759d30fd521&status=eq.needs_user&platform=eq.vinted&action=eq.republish&platform_fields->>republish_step=eq.deleted&limit=20	serveur-fonction-edge		35
2026-10-05 17:12:41.147	2026-10-05 19:12:41.147	GET	200	/rest/v1/cross_post_jobs	?select=id&user_id=eq.6b2057a9-ee51-4070-8732-9759d30fd521&platform=eq.vinted&status=eq.pending&platform_fields->attente_antirobot_compte=not.is.null&limit=1	serveur-fonction-edge	6b2057a9-ee51-4070-8732-9759d30fd521	40
2026-10-05 17:12:41.201	2026-10-05 19:12:41.201	POST	200	/rest/v1/rpc/purger_ma_sync_queue		serveur-fonction-edge	6b2057a9-ee51-4070-8732-9759d30fd521	37
2026-10-05 17:12:41.252	2026-10-05 19:12:41.252	GET	200	/rest/v1/vinted_sync_runs	?select=id&kind=eq.dressing&status=eq.queued&queued_at=gte.2026-10-05T11:12:41.242Z&order=queued_at.asc&limit=1	serveur-fonction-edge	6b2057a9-ee51-4070-8732-9759d30fd521	33
2026-10-05 17:12:41.297	2026-10-05 19:12:41.297	GET	200	/rest/v1/vinted_sync_runs	?select=id,kind,platform,declencheur,erreur,queued_at,finished_at&user_id=eq.6b2057a9-ee51-4070-8732-9759d30fd521&status=eq.expired&claimed_at=is.null&queued_at=not.is.null&kind=in.(annonces,dressing)&finished_at=gte.2026-10-02T17:12:41.290Z&order=queued_at.desc&limit=20	serveur-fonction-edge		35
2026-10-05 17:12:41.377	2026-10-05 19:12:41.377	GET	200	/rest/v1/cross_post_jobs	?select=id,inventaire_id,platform,status,error,created_at,published_at,platform_fields,action,listing_url,title,bulk_batch_id,voie&user_id=eq.6b2057a9-ee51-4070-8732-9759d30fd521&or=(status.in.(pending,processing,needs_user),created_at.gte."2026-10-05T17:00:52.538299+00:00",id.in.(c08572f6-2a16-44cf-85bb-dc816759da95))&order=created_at.desc,id.desc&limit=1000	web-pc-chrome154	6b2057a9-ee51-4070-8732-9759d30fd521	48
2026-10-05 17:12:41.391	2026-10-05 19:12:41.391	GET	200	/rest/v1/vinted_sync_runs	?select=id,platform,queued_at&kind=eq.annonces&status=eq.queued&queued_at=gte.2026-10-05T11:12:41.385Z&order=queued_at.asc&limit=4	serveur-fonction-edge	6b2057a9-ee51-4070-8732-9759d30fd521	34
2026-10-05 17:12:41.486	2026-10-05 19:12:41.486	GET	200	/rest/v1/cross_post_jobs	?select=id,action,platform,platform_fields,inventaire_id,listing_url,platform_listing_id,inventaire:inventaire_id(vinted_account_id)&user_id=eq.6b2057a9-ee51-4070-8732-9759d30fd521&status=eq.needs_user&voie=eq.extension&platform_fields->>needs_user_source=eq.boutique_etrangere&platform_fields->boutique_etrangere->>motif=in.(session_inconnue,origine_inconnue,boutique_etrangere)&order=created_at.asc…	serveur-fonction-edge	6b2057a9-ee51-4070-8732-9759d30fd521	34
2026-10-05 17:12:41.532	2026-10-05 19:12:41.532	GET	200	/rest/v1/cross_post_jobs	?select=id,platform,action,status,title,description,price,photos,photo_option,platform_fields,inventaire_id,listing_url,platform_listing_id,created_at,error&status=in.(pending)&voie=eq.extension&order=created_at.asc	serveur-fonction-edge	6b2057a9-ee51-4070-8732-9759d30fd521	36
2026-10-05 17:12:41.581	2026-10-05 19:12:41.581	GET	200	/rest/v1/platform_health	?select=platform,paused&paused=eq.true	serveur-fonction-edge	6b2057a9-ee51-4070-8732-9759d30fd521	36
2026-10-05 17:12:41.628	2026-10-05 19:12:41.628	GET	200	/rest/v1/cross_post_jobs	?select=*&user_id=eq.6b2057a9-ee51-4070-8732-9759d30fd521&platform=eq.vinted&action=eq.republish&status=eq.needs_user&platform_fields->capture_id=not.is.null&platform_fields->server_required_fields=not.is.null&limit=20	serveur-fonction-edge		37
2026-10-05 17:12:41.676	2026-10-05 19:12:41.676	GET	200	/rest/v1/cross_post_jobs	?select=id,platform,action,status,title,description,price,photos,photo_option,platform_fields,inventaire_id,listing_url,platform_listing_id,created_at,error&platform=eq.leboncoin&action=eq.republish&status=in.(needs_user,failed)&inventaire_id=not.is.null&limit=20	serveur-fonction-edge	6b2057a9-ee51-4070-8732-9759d30fd521	37
2026-10-05 17:12:41.726	2026-10-05 19:12:41.726	GET	200	/rest/v1/coin_config	?select=value&key=eq.keepalive_actif	serveur-fonction-edge	6b2057a9-ee51-4070-8732-9759d30fd521	33
2026-10-05 17:12:41.770	2026-10-05 19:12:41.770	GET	200	/rest/v1/profiles	?select=beta_flags&id=eq.6b2057a9-ee51-4070-8732-9759d30fd521	serveur-fonction-edge	6b2057a9-ee51-4070-8732-9759d30fd521	34
2026-10-05 17:12:41.819	2026-10-05 19:12:41.819	GET	200	/rest/v1/coin_config	?select=value&key=eq.prevol_copie_actif	serveur-fonction-edge	6b2057a9-ee51-4070-8732-9759d30fd521	33
2026-10-05 17:12:41.838	2026-10-05 19:12:41.838	OPTIONS	200	/rest/v1/cross_post_jobs	?select=id,platform,listing_url,platform_listing_id,created_at&user_id=eq.6b2057a9-ee51-4070-8732-9759d30fd521&action=eq.delete&platform=in.(leboncoin,beebs,ebay,opla)&status=in.(pending,processing,needs_user,deleted)&created_at=gte.2026-08-06T17:12:41.516Z&order=id.asc&limit=500	web-pc-chrome154		0
2026-10-05 17:12:41.840	2026-10-05 19:12:41.840	GET	200	/rest/v1/annonces_plateforme	?select=id,platform,listing_id,vu_le,inventaire_id,ignoree_le,disparu_le&user_id=eq.6b2057a9-ee51-4070-8732-9759d30fd521&disparu_le=is.null&order=id.asc&limit=500	web-pc-chrome154	6b2057a9-ee51-4070-8732-9759d30fd521	37
2026-10-05 17:12:41.841	2026-10-05 19:12:41.841	GET	200	/rest/v1/vinted_sync_runs	?select=id,platform,status,declencheur,items_vus,items_crees,items_maj,total_entries,erreur,queued_at,started_at,finished_at&user_id=eq.6b2057a9-ee51-4070-8732-9759d30fd521&kind=eq.annonces&order=queued_at.desc.nullslast,started_at.desc.nullslast&limit=60	web-pc-chrome154	6b2057a9-ee51-4070-8732-9759d30fd521	34
2026-10-05 17:12:41.844	2026-10-05 19:12:41.844	OPTIONS	200	/rest/v1/cross_post_jobs	?select=id,platform,listing_url,platform_listing_id,created_at&user_id=eq.6b2057a9-ee51-4070-8732-9759d30fd521&action=eq.delete&platform=in.(leboncoin,beebs,ebay,opla)&status=in.(pending,processing,needs_user,deleted)&created_at=gte.2026-08-06T17:12:41.516Z&order=id.asc&limit=500	web-pc-chrome154		0
2026-10-05 17:12:42.452	2026-10-05 19:12:42.452	GET	200	/rest/v1/annonces_plateforme	?select=id,platform,listing_id,url,titre,prix,photo_url,statut_plateforme,proposition,vu_le&user_id=eq.6b2057a9-ee51-4070-8732-9759d30fd521&inventaire_id=is.null&ignoree_le=is.null&disparu_le=is.null&order=vu_le.desc&limit=300	web-pc-chrome154	6b2057a9-ee51-4070-8732-9759d30fd521	35
2026-10-05 17:12:42.454	2026-10-05 19:12:42.454	POST	200	/rest/v1/rpc/releves_vides_signales		web-pc-chrome154	6b2057a9-ee51-4070-8732-9759d30fd521	39
2026-10-05 17:12:42.456	2026-10-05 19:12:42.456	OPTIONS	200	/rest/v1/profiles	?select=is_comped,apple_original_transaction_id,google_purchase_token,stripe_customer_id,platform_settings&id=eq.6b2057a9-ee51-4070-8732-9759d30fd521	web-pc-chrome154		0
2026-10-05 17:12:42.457	2026-10-05 19:12:42.457	GET	200	/rest/v1/vinted_sync_runs	?select=id,platform,status,items_vus,erreur,queued_at,started_at,finished_at&user_id=eq.6b2057a9-ee51-4070-8732-9759d30fd521&kind=eq.dressing&status=eq.done&order=finished_at.desc.nullslast&limit=1	web-pc-chrome154	6b2057a9-ee51-4070-8732-9759d30fd521	36
2026-10-05 17:12:42.459	2026-10-05 19:12:42.459	GET	200	/rest/v1/inventaire_doublons	?select=id,garde,absorbe,niveau,motif,preuves,created_at&user_id=eq.6b2057a9-ee51-4070-8732-9759d30fd521&statut=eq.proposee&order=created_at.desc&limit=200	web-pc-chrome154	6b2057a9-ee51-4070-8732-9759d30fd521	37
2026-10-05 17:12:42.461	2026-10-05 19:12:42.461	POST	200	/rest/v1/rpc/quotas_etat		web-pc-chrome154	6b2057a9-ee51-4070-8732-9759d30fd521	37
2026-10-05 17:12:42.463	2026-10-05 19:12:42.463	POST	200	/rest/v1/rpc/annonces_en_rangement		web-pc-chrome154	6b2057a9-ee51-4070-8732-9759d30fd521	33
2026-10-05 17:12:42.786	2026-10-05 19:12:42.786	GET	200	/rest/v1/profiles	?id=eq.6b2057a9-ee51-4070-8732-9759d30fd521&select=extension_sessions	extension-pc	6b2057a9-ee51-4070-8732-9759d30fd521	36
2026-10-05 17:12:42.788	2026-10-05 19:12:42.788	GET	200	/rest/v1/cross_post_jobs	?select=id,platform,action,title,created_at,published_at,platform_fields,reservation_id,platform_listing_id&status=eq.published&action=in.(publish,republish)&listing_url=is.null&platform=in.(leboncoin,beebs,ebay)&order=published_at.asc.nullslast,created_at.asc&limit=100	extension-pc	6b2057a9-ee51-4070-8732-9759d30fd521	38
2026-10-05 17:12:44.286	2026-10-05 19:12:44.286	POST	200	/rest/v1/rpc/plateformes_verite		web-pc-chrome154	6b2057a9-ee51-4070-8732-9759d30fd521	40
2026-10-05 17:12:44.290	2026-10-05 19:12:44.290	GET	200	/rest/v1/cross_post_jobs	?select=id,platform,listing_url,platform_listing_id,created_at&user_id=eq.6b2057a9-ee51-4070-8732-9759d30fd521&action=eq.delete&platform=in.(leboncoin,beebs,ebay,opla)&status=in.(pending,processing,needs_user,deleted)&created_at=gte.2026-08-06T17:12:41.516Z&order=id.asc&limit=500	web-pc-chrome154	6b2057a9-ee51-4070-8732-9759d30fd521	36
2026-10-05 17:12:44.291	2026-10-05 19:12:44.291	OPTIONS	200	/rest/v1/fiches_annonce	?select=inventaire_id,fiche&user_id=eq.6b2057a9-ee51-4070-8732-9759d30fd521&inventaire_id=in.(1791219645737007,1791219645737006,1791219645737005,1791219645737004,1791219645737003,1791219645737002,1791219645737001,1791219645737000,1791219626645007,1791219626645006,1791219626645005,1791219626645004,1791219626645003,1791219626645002,1791219626645001,1791219626645000,1791219614803007,1791219614803006,…	web-pc-chrome154		0
2026-10-05 17:12:44.295	2026-10-05 19:12:44.295	GET	200	/rest/v1/coin_wallets	?select=next_grant_at&user_id=eq.6b2057a9-ee51-4070-8732-9759d30fd521	web-pc-chrome154	6b2057a9-ee51-4070-8732-9759d30fd521	41
2026-10-05 17:12:52.748	2026-10-05 19:12:52.748	GET	200	/rest/v1/platform_health	?select=platform,paused,message_fr,message_en	web-pc-chrome154	6b2057a9-ee51-4070-8732-9759d30fd521	47
2026-10-05 17:12:52.755	2026-10-05 19:12:52.755	GET	200	/rest/v1/profiles	?select=is_comped,apple_original_transaction_id,google_purchase_token,stripe_customer_id,platform_settings&id=eq.6b2057a9-ee51-4070-8732-9759d30fd521	web-pc-chrome154	6b2057a9-ee51-4070-8732-9759d30fd521	48
2026-10-05 17:12:52.756	2026-10-05 19:12:52.756	GET	200	/rest/v1/cross_post_jobs	?select=id,platform,listing_url,platform_listing_id,created_at&user_id=eq.6b2057a9-ee51-4070-8732-9759d30fd521&action=eq.delete&platform=in.(leboncoin,beebs,ebay,opla)&status=in.(pending,processing,needs_user,deleted)&created_at=gte.2026-08-06T17:12:41.516Z&order=id.asc&limit=500	web-pc-chrome154	6b2057a9-ee51-4070-8732-9759d30fd521	54
2026-10-05 17:12:52.756	2026-10-05 19:12:52.756	GET	200	/rest/v1/annonces_plateforme	?select=id,platform,listing_id,vu_le,inventaire_id,ignoree_le,disparu_le&user_id=eq.6b2057a9-ee51-4070-8732-9759d30fd521&disparu_le=is.null&order=id.asc&limit=500&id=gt.f3f1c690-5fa5-4428-b927-5792a6b568d7	web-pc-chrome154	6b2057a9-ee51-4070-8732-9759d30fd521	48
2026-10-05 17:12:52.757	2026-10-05 19:12:52.757	GET	200	/rest/v1/coin_config	?select=key,value&key=in.(quota_annonces_premium,quota_annonces_pro,quota_annonces_business)	web-pc-chrome154	6b2057a9-ee51-4070-8732-9759d30fd521	47
2026-10-05 17:12:52.758	2026-10-05 19:12:52.758	GET	200	/rest/v1/fiches_annonce	?select=inventaire_id,fiche&user_id=eq.6b2057a9-ee51-4070-8732-9759d30fd521&inventaire_id=in.(1791219645737007,1791219645737006,1791219645737005,1791219645737004,1791219645737003,1791219645737002,1791219645737001,1791219645737000,1791219626645007,1791219626645006,1791219626645005,1791219626645004,1791219626645003,1791219626645002,1791219626645001,1791219626645000,1791219614803007,1791219614803006,…	web-pc-chrome154	6b2057a9-ee51-4070-8732-9759d30fd521	49
2026-10-05 17:12:54.006	2026-10-05 19:12:54.006	GET	200	/rest/v1/cross_post_jobs	?select=id,status,last_checked_at,sale_signal:platform_fields->>sale_signal,unavailable_since:platform_fields->>unavailable_since,pending_removal:platform_fields->>pending_removal,check_unresolved_since:platform_fields->>check_unresolved_since&user_id=eq.6b2057a9-ee51-4070-8732-9759d30fd521&order=created_at.desc&limit=80	web-pc-chrome154	6b2057a9-ee51-4070-8732-9759d30fd521	38
2026-10-05 17:12:54.009	2026-10-05 19:12:54.009	GET	200	/rest/v1/coin_config	?select=value&key=eq.republish_planifiee_actif	web-pc-chrome154	6b2057a9-ee51-4070-8732-9759d30fd521	35
2026-10-05 17:12:54.011	2026-10-05 19:12:54.011	GET	200	/rest/v1/profiles	?select=extension_postes,extension_sessions&id=eq.6b2057a9-ee51-4070-8732-9759d30fd521	web-pc-chrome154	6b2057a9-ee51-4070-8732-9759d30fd521	35
2026-10-05 17:12:54.013	2026-10-05 19:12:54.013	GET	200	/rest/v1/vinted_sync_runs	?select=finished_at&user_id=eq.6b2057a9-ee51-4070-8732-9759d30fd521&platform=eq.opla&status=eq.done&kind=neq.connexion&finished_at=not.is.null&order=finished_at.desc&limit=1	web-pc-chrome154	6b2057a9-ee51-4070-8732-9759d30fd521	41
2026-10-05 17:12:54.014	2026-10-05 19:12:54.014	POST	200	/rest/v1/rpc/republish_planifiee_etat_multi		web-pc-chrome154	6b2057a9-ee51-4070-8732-9759d30fd521	45
2026-10-05 17:12:54.026	2026-10-05 19:12:54.026	GET	200	/rest/v1/annonces_plateforme	?select=id,platform,inventaire_id,vues,favoris,vu_le&user_id=eq.6b2057a9-ee51-4070-8732-9759d30fd521&inventaire_id=not.is.null&disparu_le=is.null&order=id.asc&limit=500	web-pc-chrome154	6b2057a9-ee51-4070-8732-9759d30fd521	40
2026-10-05 17:12:54.028	2026-10-05 19:12:54.028	GET	200	/rest/v1/vinted_sync_runs	?select=finished_at&user_id=eq.6b2057a9-ee51-4070-8732-9759d30fd521&platform=eq.opla&erreur=ilike.%session+Opla+refus%HTTP+401%&finished_at=not.is.null&order=finished_at.desc&limit=1	web-pc-chrome154	6b2057a9-ee51-4070-8732-9759d30fd521	39
2026-10-05 17:12:54.030	2026-10-05 19:12:54.030	GET	200	/rest/v1/cross_post_jobs	?select=published_at&user_id=eq.6b2057a9-ee51-4070-8732-9759d30fd521&platform=eq.opla&status=eq.published&published_at=not.is.null&or=(handler_build.is.null,handler_build.neq.releve-annonces)&order=published_at.desc&limit=1	web-pc-chrome154	6b2057a9-ee51-4070-8732-9759d30fd521	40
2026-10-05 17:12:54.031	2026-10-05 19:12:54.031	GET	200	/rest/v1/cross_post_jobs	?select=created_at,platform_fields&user_id=eq.6b2057a9-ee51-4070-8732-9759d30fd521&platform=eq.opla&status=eq.needs_user&platform_fields->>needs_user_source=eq.opla_acces&limit=50	web-pc-chrome154	6b2057a9-ee51-4070-8732-9759d30fd521	41
2026-10-05 17:12:54.034	2026-10-05 19:12:54.034	GET	200	/rest/v1/vinted_sync_runs	?select=finished_at&user_id=eq.6b2057a9-ee51-4070-8732-9759d30fd521&platform=eq.opla&erreur=ilike.%accès+Opla+non+accordé%&finished_at=not.is.null&order=finished_at.desc&limit=1	web-pc-chrome154	6b2057a9-ee51-4070-8732-9759d30fd521	40
2026-10-05 17:12:54.036	2026-10-05 19:12:54.036	POST	201	/rest/v1/usage_logs		web-pc-chrome154	6b2057a9-ee51-4070-8732-9759d30fd521	43
2026-10-05 17:12:54.037	2026-10-05 19:12:54.037	GET	200	/rest/v1/cross_post_jobs	?select=platform_fields&user_id=eq.6b2057a9-ee51-4070-8732-9759d30fd521&platform=eq.opla&platform_fields->>opla_acces_accorde_le=not.is.null&platform_fields->>opla_acces_accorde_par=is.null&order=created_at.desc&limit=20	web-pc-chrome154	6b2057a9-ee51-4070-8732-9759d30fd521	41
2026-10-05 17:13:00.420	2026-10-05 19:13:00.420	GET	200	/rest/v1/photo_empreintes	?select=url&url=in.(https://tojihnuawsoohlolangc.supabase.co/storage/v1/object/public/listing-photos/6b2057a9-ee51-4070-8732-9759d30fd521/rapatrie-fiche/1791219480249/1791219961404_0.jpg,https://tojihnuawsoohlolangc.supabase.co/storage/v1/object/public/listing-photos/6b2057a9-ee51-4070-8732-9759d30fd521/rapatrie-fiche/1791219480292/1791219605449_0.jpg,https://tojihnuawsoohlolangc.supabase.co/stora…	serveur-fonction-edge		25
2026-10-05 17:13:00.468	2026-10-05 19:13:00.468	GET	200	/storage/v1/render/image/public/listing-photos/6b2057a9-ee51-4070-8732-9759d30fd521/rapatrie-fiche/1791219480249/1791219961404_0.jpg	?width=400&height=400&resize=contain&quality=80	serveur-fonction-edge		267
2026-10-05 17:13:01.005	2026-10-05 19:13:01.005	GET	200	/storage/v1/render/image/public/listing-photos/6b2057a9-ee51-4070-8732-9759d30fd521/rapatrie-fiche/1791219480292/1791219605449_0.jpg	?width=400&height=400&resize=contain&quality=80	serveur-fonction-edge		294
2026-10-05 17:13:01.382	2026-10-05 19:13:01.382	GET	200	/storage/v1/render/image/public/listing-photos/6b2057a9-ee51-4070-8732-9759d30fd521/rapatrie-fiche/1791219480334/1791219961404_0.jpg	?width=400&height=400&resize=contain&quality=80	serveur-fonction-edge		262
2026-10-05 17:13:01.692	2026-10-05 19:13:01.692	GET	200	/storage/v1/render/image/public/listing-photos/6b2057a9-ee51-4070-8732-9759d30fd521/rapatrie-fiche/1791219480367/1791219605449_0.jpg	?width=400&height=400&resize=contain&quality=80	serveur-fonction-edge		369
2026-10-05 17:13:04.101	2026-10-05 19:13:04.101	GET	200	/auth/v1/user		serveur-fonction-edge	6b2057a9-ee51-4070-8732-9759d30fd521	42
2026-10-05 17:13:04.159	2026-10-05 19:13:04.159	GET	200	/rest/v1/coin_config	?select=value&key=eq.opla_sortie_le	serveur-fonction-edge	6b2057a9-ee51-4070-8732-9759d30fd521	35
2026-10-05 17:13:04.336	2026-10-05 19:13:04.336	PATCH	204	/rest/v1/profiles	?id=eq.6b2057a9-ee51-4070-8732-9759d30fd521	serveur-fonction-edge		41
2026-10-05 17:13:04.396	2026-10-05 19:13:04.396	GET	200	/rest/v1/cross_post_jobs	?select=id&user_id=eq.6b2057a9-ee51-4070-8732-9759d30fd521&platform=eq.vinted&status=eq.pending&platform_fields->attente_antirobot_compte=not.is.null&limit=1	serveur-fonction-edge	6b2057a9-ee51-4070-8732-9759d30fd521	37
2026-10-05 17:13:04.442	2026-10-05 19:13:04.442	GET	200	/rest/v1/cross_post_jobs	?select=id,platform,action,status,title,description,price,photos,photo_option,platform_fields,inventaire_id,listing_url,platform_listing_id,created_at,error,inventaire:inventaire_id(vinted_item_id,disparu_le,vinted_status)&status=in.(pending,processing,needs_user)&voie=eq.extension&order=created_at.asc	serveur-fonction-edge	6b2057a9-ee51-4070-8732-9759d30fd521	43
2026-10-05 17:13:04.497	2026-10-05 19:13:04.497	GET	200	/rest/v1/platform_health	?select=platform,paused&paused=eq.true	serveur-fonction-edge	6b2057a9-ee51-4070-8732-9759d30fd521	31
2026-10-05 17:13:04.538	2026-10-05 19:13:04.538	GET	200	/rest/v1/inventaire	?select=id,statut,quantite&id=in.(1791218520498)	serveur-fonction-edge	6b2057a9-ee51-4070-8732-9759d30fd521	36
2026-10-05 17:13:04.586	2026-10-05 19:13:04.586	GET	200	/rest/v1/cross_post_jobs	?select=id,inventaire_id,platform&inventaire_id=in.(1791218520498)&action=in.(publish,republish)&status=eq.published&platform_fields->>sale_signal=eq.sold	serveur-fonction-edge	6b2057a9-ee51-4070-8732-9759d30fd521	36
2026-10-05 17:13:04.766	2026-10-05 19:13:04.766	GET	200	/rest/v1/profiles	?select=extension_sessions&id=eq.6b2057a9-ee51-4070-8732-9759d30fd521	serveur-fonction-edge	6b2057a9-ee51-4070-8732-9759d30fd521	34
2026-10-05 17:13:04.808	2026-10-05 19:13:04.808	POST	200	/rest/v1/rpc/plateformes_verite		serveur-fonction-edge	6b2057a9-ee51-4070-8732-9759d30fd521	35
2026-10-05 17:13:04.851	2026-10-05 19:13:04.851	GET	200	/rest/v1/cross_post_jobs	?select=id,inventaire_id&status=eq.needs_user&action=neq.delete	serveur-fonction-edge	6b2057a9-ee51-4070-8732-9759d30fd521	30
2026-10-05 17:13:04.891	2026-10-05 19:13:04.891	GET	200	/rest/v1/inventaire	?select=id,attributs,titre,vinted_catalog_id&id=in.(1791218520498)	serveur-fonction-edge	6b2057a9-ee51-4070-8732-9759d30fd521	33
2026-10-05 17:13:04.934	2026-10-05 19:13:04.934	GET	200	/rest/v1/coin_config	?select=value&key=eq.keepalive_actif	serveur-fonction-edge	6b2057a9-ee51-4070-8732-9759d30fd521	31
2026-10-05 17:13:04.973	2026-10-05 19:13:04.973	GET	200	/rest/v1/profiles	?select=beta_flags&id=eq.6b2057a9-ee51-4070-8732-9759d30fd521	serveur-fonction-edge	6b2057a9-ee51-4070-8732-9759d30fd521	34
2026-10-05 17:13:05.019	2026-10-05 19:13:05.019	GET	200	/rest/v1/coin_config	?select=value&key=eq.prevol_copie_actif	serveur-fonction-edge	6b2057a9-ee51-4070-8732-9759d30fd521	34
2026-10-05 17:13:25.279	2026-10-05 19:13:25.279	GET	200	/rest/v1/cross_post_jobs	?select=id,inventaire_id,platform,status,error,created_at,published_at,platform_fields,action,listing_url,title,bulk_batch_id,voie&user_id=eq.6b2057a9-ee51-4070-8732-9759d30fd521&or=(status.in.(pending,processing,needs_user),created_at.gte."2026-10-05T17:00:52.538299+00:00",id.in.(c08572f6-2a16-44cf-85bb-dc816759da95))&order=created_at.desc,id.desc&limit=1000	web-pc-chrome154	6b2057a9-ee51-4070-8732-9759d30fd521	49
2026-10-05 17:13:42.414	2026-10-05 19:13:42.414	POST	500	/rest/v1/rpc/supprimer_mon_stock_sans_retrait		web-pc-chrome154	6b2057a9-ee51-4070-8732-9759d30fd521	8051
2026-10-05 17:13:46.270	2026-10-05 19:13:46.270	GET	200	/rest/v1/cross_post_jobs	?select=id,inventaire_id,platform,status,error,created_at,published_at,platform_fields,action,listing_url,title,bulk_batch_id,voie&user_id=eq.6b2057a9-ee51-4070-8732-9759d30fd521&or=(status.in.(pending,processing,needs_user),created_at.gte."2026-10-05T17:00:52.538299+00:00",id.in.(c08572f6-2a16-44cf-85bb-dc816759da95))&order=created_at.desc,id.desc&limit=1000	web-pc-chrome154	6b2057a9-ee51-4070-8732-9759d30fd521	42
2026-10-05 17:13:50.805	2026-10-05 19:13:50.805	DELETE	204	/rest/v1/profiles	?id=eq.6b2057a9-ee51-4070-8732-9759d30fd521	web-pc-chrome154	6b2057a9-ee51-4070-8732-9759d30fd521	48
2026-10-05 17:13:52.391	2026-10-05 19:13:52.391	GET	200	/auth/v1/user		serveur-fonction-edge	6b2057a9-ee51-4070-8732-9759d30fd521	43
2026-10-05 17:13:52.452	2026-10-05 19:13:52.452	GET	200	/rest/v1/profiles	?select=stripe_customer_id&id=eq.6b2057a9-ee51-4070-8732-9759d30fd521	serveur-fonction-edge		45
2026-10-05 17:13:52.512	2026-10-05 19:13:52.512	DELETE	204	/rest/v1/cross_post_jobs	?user_id=eq.6b2057a9-ee51-4070-8732-9759d30fd521	serveur-fonction-edge		444
2026-10-05 17:13:52.966	2026-10-05 19:13:52.966	DELETE	204	/rest/v1/usage_logs	?user_id=eq.6b2057a9-ee51-4070-8732-9759d30fd521	serveur-fonction-edge		36
2026-10-05 17:13:53.012	2026-10-05 19:13:53.012	DELETE	204	/rest/v1/email_logs	?user_id=eq.6b2057a9-ee51-4070-8732-9759d30fd521	serveur-fonction-edge		43
2026-10-05 17:13:54.661	2026-10-05 19:13:54.661	DELETE	204	/rest/v1/ventes	?user_id=eq.6b2057a9-ee51-4070-8732-9759d30fd521	serveur-fonction-edge		42
2026-10-05 17:13:54.712	2026-10-05 19:13:54.712	DELETE	204	/rest/v1/inventaire	?user_id=eq.6b2057a9-ee51-4070-8732-9759d30fd521	serveur-fonction-edge		5723
2026-10-05 17:14:00.524	2026-10-05 19:14:00.524	DELETE	204	/rest/v1/profiles	?id=eq.6b2057a9-ee51-4070-8732-9759d30fd521	serveur-fonction-edge		64
2026-10-05 17:14:00.620	2026-10-05 19:14:00.620	DELETE	200	/auth/v1/admin/users/6b2057a9-ee51-4070-8732-9759d30fd521		serveur-fonction-edge		1727
2026-10-05 17:14:06.894	2026-10-05 19:14:06.894	GET	200	/rest/v1/cross_post_jobs	?select=id,inventaire_id,platform,status,error,created_at,published_at,platform_fields,action,listing_url,title,bulk_batch_id,voie&user_id=eq.6b2057a9-ee51-4070-8732-9759d30fd521&or=(status.in.(pending,processing,needs_user),created_at.gte."2026-10-05T17:00:52.538299+00:00",id.in.(c08572f6-2a16-44cf-85bb-dc816759da95))&order=created_at.desc,id.desc&limit=1000	web-pc-chrome154	6b2057a9-ee51-4070-8732-9759d30fd521	41
2026-10-05 17:14:09.056	2026-10-05 19:14:09.056	POST	403	/auth/v1/logout	?scope=local	web-pc-chrome154	6b2057a9-ee51-4070-8732-9759d30fd521	41
2026-10-05 17:14:37.679	2026-10-05 19:14:37.679	GET	200	/rest/v1/cross_post_jobs	?select=id,platform,action,title,inventaire_id,created_at,platform_fields&status=eq.processing	extension-pc	6b2057a9-ee51-4070-8732-9759d30fd521	57
2026-10-05 17:14:37.680	2026-10-05 19:14:37.680	GET	200	/rest/v1/cross_post_jobs	?select=id,platform_fields&platform=eq.opla&status=eq.needs_user&platform_fields->>needs_user_source=eq.opla_acces&limit=200	extension-pc	6b2057a9-ee51-4070-8732-9759d30fd521	55
2026-10-05 17:14:38.856	2026-10-05 19:14:38.856	GET	200	/rest/v1/cross_post_jobs	?select=id,platform_fields&platform=eq.opla&status=eq.needs_user&platform_fields->>needs_user_source=eq.opla_cookies&limit=200	extension-pc	6b2057a9-ee51-4070-8732-9759d30fd521	36
2026-10-05 17:14:41.681	2026-10-05 19:14:41.681	GET	403	/auth/v1/user		serveur-fonction-edge	6b2057a9-ee51-4070-8732-9759d30fd521	60
2026-10-05 17:15:42.712	2026-10-05 19:15:42.712	GET	403	/auth/v1/user		serveur-fonction-edge	6b2057a9-ee51-4070-8732-9759d30fd521	43
2026-10-05 17:15:42.746	2026-10-05 19:15:42.746	GET	403	/auth/v1/user		serveur-fonction-edge	6b2057a9-ee51-4070-8732-9759d30fd521	43
2026-10-05 17:15:42.775	2026-10-05 19:15:42.775	PATCH	204	/rest/v1/profiles	?id=eq.6b2057a9-ee51-4070-8732-9759d30fd521	serveur-fonction-edge		51
2026-10-05 17:15:42.807	2026-10-05 19:15:42.807	PATCH	204	/rest/v1/profiles	?id=eq.6b2057a9-ee51-4070-8732-9759d30fd521	serveur-fonction-edge		40
2026-10-05 17:15:44.309	2026-10-05 19:15:44.309	PATCH	200	/rest/v1/vinted_sync_runs	?id=eq.62e212b5-6adc-4cbb-bdea-962e414ee2db&status=in.(failed,incomplete,expired)	extension-pc	6b2057a9-ee51-4070-8732-9759d30fd521	47
2026-10-05 17:15:44.310	2026-10-05 19:15:44.310	GET	200	/rest/v1/cross_post_jobs	?select=id,platform_fields&platform=eq.opla&status=eq.needs_user&platform_fields->>needs_user_source=eq.opla_acces&limit=200	extension-pc	6b2057a9-ee51-4070-8732-9759d30fd521	51
2026-10-05 17:15:44.968	2026-10-05 19:15:44.968	GET	200	/rest/v1/cross_post_jobs	?select=id,platform_fields&platform=eq.opla&status=eq.needs_user&platform_fields->>needs_user_source=eq.opla_cookies&limit=200	extension-pc	6b2057a9-ee51-4070-8732-9759d30fd521	58
